block,tx,maker,taker,token_id,maker_side,shares,price,usdc,time,both_9ns5
46503763,0x6e3e25f5359fcf0b37828e7adefeafb568bcacdccd743c02a6ee10face93d18a,0xb5deb57cb0b1910c37e0d5494124ab01e7307b43,0xe6ea72d7371368ac060c00947cd4db70d51a81b5,3469897573899448175025502310970962120106787982500692321932053495327697019488,BUY,100.0,0.526,52.6,2026-05-26 12:01:13+00:00,False
46503866,0xf46747de78d8ced9d78feb89a7ab58667aaa6671721b26e88b4105e8c0fb6165,0xd2f680004cb5a02169dccb9725bb783bd919a67d,0x27b4afbd88fe7c88c6897bb0b4ade338d0401e37,3469897573899448175025502310970962120106787982500692321932053495327697019488,BUY,15.0,0.49,7.35,2026-05-26 12:04:39+00:00,False
46503866,0xf46747de78d8ced9d78feb89a7ab58667aaa6671721b26e88b4105e8c0fb6165,0x8c91287bb9097bd7b868ef117c8beedee1512af3,0x27b4afbd88fe7c88c6897bb0b4ade338d0401e37,3469897573899448175025502310970962120106787982500692321932053495327697019488,BUY,2.7647,0.15,0.414705,2026-05-26 12:04:39+00:00,False
46503887,0xae884e2b240f3e53f68b81fd5485cbd3c610579598c497cabb38791ce6416cc1,0xd2f680004cb5a02169dccb9725bb783bd919a67d,0xd4afc7f0c3ddcbe0460956a2920c6a0b3520aa36,3469897573899448175025502310970962120106787982500692321932053495327697019488,BUY,1.449,0.31,0.44919,2026-05-26 12:05:21+00:00,False
46503948,0x59989a54d5c59ed68a687f2e222be71d65048cb403f9415bc8f4b2e1defe71aa,0xa18dcd8e97306a29227e269ac600968aca7b9014,0xe6ea72d7371368ac060c00947cd4db70d51a81b5,3469897573899448175025502310970962120106787982500692321932053495327697019488,BUY,39.0,0.32,12.48,2026-05-26 12:07:23+00:00,False
46503990,0xcc48d592b0a7cfb4857a8d658a954d2a232f55b9551dc05767fb7df81f1e36db,0xa18dcd8e97306a29227e269ac600968aca7b9014,0xe096b71f676eb5636d6852912fa9a36d2ba7eee2,3469897573899448175025502310970962120106787982500692321932053495327697019488,BUY,5.2,0.26999999999999996,1.404,2026-05-26 12:08:47+00:00,False
46503997,0xdfacfab4e2fb5b69d332a11327f49fcd18c2f4062856b5775d246ed7db43baf5,0xd2f680004cb5a02169dccb9725bb783bd919a67d,0x27b4afbd88fe7c88c6897bb0b4ade338d0401e37,3469897573899448175025502310970962120106787982500692321932053495327697019488,BUY,3.967861,0.2100000478847419,0.833251,2026-05-26 12:09:01+00:00,False
46504031,0xeb3f70a7cd90d7b1ab4ef3ac561fd075b5b4653629ddd802f5993afafa4ffa00,0x106f90adb6ec8eacd2dffbfb1ca937bf8dc16bac,0x81801025871ee73ac195edd2ffb4b3353b765e00,23326101892177068111158117403380029821171932103636404586665389293169475076267,BUY,490.014,0.747,366.040458,2026-05-26 12:10:09+00:00,True
46504032,0x16c4f1b3e320feee7f11ea128894f74ffe5ca839a6336548a104939266f44b3a,0xf2127bcb896968cffd1d2e656c1b0cd5868eaf6d,0x5aa76047cafc5650dceac42089f3590538cc8550,23326101892177068111158117403380029821171932103636404586665389293169475076267,BUY,912.188,0.742,676.843496,2026-05-26 12:10:11+00:00,True
46504035,0x0f8357c6e4c48e505a66e4201ccc293d3f3a23248e3c14f9c34d40040e6e53f5,0xc2752b98d8241473addccc6e80c3b2b40b5da901,0x5bf481a94e1fcadf9db3d73b97c4b799272115ce,23326101892177068111158117403380029821171932103636404586665389293169475076267,BUY,724.261,0.742,537.401662,2026-05-26 12:10:17+00:00,True
46504039,0x5d2011ef1623a67459ba98fe8c4e377f7c1c6c3fabf0d1d5e60883b3599b4551,0x0ec5f85aa1985c1d4113eaf84aff31d9377f3708,0x4eb14aed5077c93f720b98e9c512cdbe757ff3b3,23326101892177068111158117403380029821171932103636404586665389293169475076267,BUY,799.299,0.75,599.47425,2026-05-26 12:10:25+00:00,True
46504041,0x5e099cec46d4247161c2f503b3f61deb1a0bdf33fdaba847dfb64153fd3caa0f,0xcf186e0d509c32402f869bafb690286c75d9c2ae,0xeb010bace7dbedb1a20d33f28de070367ccc8e46,23326101892177068111158117403380029821171932103636404586665389293169475076267,BUY,1086.808,0.739,803.151112,2026-05-26 12:10:29+00:00,True
46504043,0xb7fc5c984797d07054ca9139c0cf2a905bc13af242cd94121c335904ab59da0f,0x106f90adb6ec8eacd2dffbfb1ca937bf8dc16bac,0x81801025871ee73ac195edd2ffb4b3353b765e00,23326101892177068111158117403380029821171932103636404586665389293169475076267,SELL,475.0,0.739,351.025,2026-05-26 12:10:33+00:00,True
46504043,0x7e1b2a39ec191537ec99135a75ccc793d1f5e4c5fa31922aad844b8d6e8032a7,0xbb6bd94a674260815f9af84cf392b19214b4e023,0xf007a22e23fa36e641cb3fc5c9d543476f9737ae,23326101892177068111158117403380029821171932103636404586665389293169475076267,BUY,857.702,0.738,632.984076,2026-05-26 12:10:33+00:00,True
46504049,0x0a07eb3276e32fd269fed30f079c4673e80778ebc16cdafe33887cb083cc9c7a,0xf2127bcb896968cffd1d2e656c1b0cd5868eaf6d,0x5aa76047cafc5650dceac42089f3590538cc8550,23326101892177068111158117403380029821171932103636404586665389293169475076267,SELL,884.0,0.7220000000000001,638.248,2026-05-26 12:10:45+00:00,True
46504050,0x5bb2e14ea9ac918909e00e843501cd2869c2a7181460a4fe7340b0d50a55f368,0x696ec0da3a4c332694d66c6941e4383646bfae3f,0xf32b50d6526d4741629461ce436bf7a79fb8e188,23326101892177068111158117403380029821171932103636404586665389293169475076267,BUY,334.572,0.72,240.89184,2026-05-26 12:10:47+00:00,True
46504054,0xcfafc58fe49240efeda882568964720e1147dcd5e3016f6d06dde3329f99bd42,0xc2752b98d8241473addccc6e80c3b2b40b5da901,0x5bf481a94e1fcadf9db3d73b97c4b799272115ce,23326101892177068111158117403380029821171932103636404586665389293169475076267,SELL,702.0,0.722,506.844,2026-05-26 12:10:55+00:00,True
46504057,0x01453605c77403d2ce1bc3770f363be4f04dfb7b4dcce1ec67fb8104f38c1d52,0xd96155cc52ad7d3ff7a39c95fa515b965e358af8,0x6fc5910e7227e206cef2ed20737680becaa9d2bd,23326101892177068111158117403380029821171932103636404586665389293169475076267,BUY,1024.852,0.696,713.296992,2026-05-26 12:11:01+00:00,True
46504059,0xa5a09ab93ebaa99ba768f8c607ffaa16fa6ffb796f24ab07f42f1383edd32122,0x0ec5f85aa1985c1d4113eaf84aff31d9377f3708,0x4eb14aed5077c93f720b98e9c512cdbe757ff3b3,23326101892177068111158117403380029821171932103636404586665389293169475076267,SELL,775.0,0.705,546.375,2026-05-26 12:11:05+00:00,True
46504061,0x991d6fc73f9bce8b0a3b06eb893b4d472bc1a5396e7aeb5c75903a88fe0aa015,0xf3f56bf1914c904b37fffcef5f13d6343438cf36,0xd70ceccf2ef3462078984cac81336327707290af,23326101892177068111158117403380029821171932103636404586665389293169475076267,BUY,816.338,0.6980000000000001,569.803924,2026-05-26 12:11:09+00:00,True
46504063,0x7d2770fb2c6239c634eb899c570e5a2da05f2f797369ee963e76ebbb9c301943,0xcf186e0d509c32402f869bafb690286c75d9c2ae,0xeb010bace7dbedb1a20d33f28de070367ccc8e46,23326101892177068111158117403380029821171932103636404586665389293169475076267,SELL,1054.0,0.703,740.962,2026-05-26 12:11:13+00:00,True
46504063,0x82bfe3494eda1d349570f6a30b30ac286d2f574f2aa99b1327284a25ca96b603,0xddde391c2544b526c7481543e577dad6423edede,0x8d6dee7ecf3a4776bcd9dd895e8e23efde4816a4,23326101892177068111158117403380029821171932103636404586665389293169475076267,BUY,625.296,0.703,439.583088,2026-05-26 12:11:13+00:00,True
46504065,0xde0ba0b6036c3b611063512eff3d784cecc1d7c41095f5a40f44f97fa7c1c31f,0xbb6bd94a674260815f9af84cf392b19214b4e023,0xf007a22e23fa36e641cb3fc5c9d543476f9737ae,23326101892177068111158117403380029821171932103636404586665389293169475076267,SELL,831.0,0.6930000000000001,575.883,2026-05-26 12:11:17+00:00,True
46504065,0xeafc30297a8e0d3c8614bc2c57cde8782ea6557e1c9fa46878b56c06bb5a8d1d,0x4651f69873f1be6c94890d79e945b80ec9dd4fd3,0xbb6bd94a674260815f9af84cf392b19214b4e023,23326101892177068111158117403380029821171932103636404586665389293169475076267,BUY,318.365,0.693,220.626945,2026-05-26 12:11:17+00:00,True
46504067,0x1910ad74638f8e11e115f48a6b70d9b2611d9378c6a7c16e7f85e00e28ad8e63,0x696ec0da3a4c332694d66c6941e4383646bfae3f,0xf32b50d6526d4741629461ce436bf7a79fb8e188,23326101892177068111158117403380029821171932103636404586665389293169475076267,SELL,324.0,0.6869999999999999,222.588,2026-05-26 12:11:21+00:00,True
46504067,0x352dc747c5eb909d39c3986f925065d150fc59ca288d987f8d5485ad36a74a45,0x51ba3d50c5b80070de3419157fce0eb46afcfa69,0xa6ca7bae9aa52bc783c11cfbabb241e3bc361947,23326101892177068111158117403380029821171932103636404586665389293169475076267,BUY,123.265,0.6869999999999999,84.683055,2026-05-26 12:11:21+00:00,True
46504068,0x7efed51dde3f007f13c987a52075d449cc9b1c313c89e5c3568c517571462549,0x29dd54f3dd1491d1e2bc69944b5983e211f58aaf,0x3e02ca4daf734bca12a033bfff07f2075ee103a8,23326101892177068111158117403380029821171932103636404586665389293169475076267,BUY,723.98,0.685,495.9263,2026-05-26 12:11:23+00:00,True
46504070,0x5be3e07b4d7d475f7173114d6461d1609346a1b5b004349eab850defae8f8fd2,0xc78c9c0ace0e8a3c84d906be1cde374ea9e45962,0x7116b11588a6e204b5ed94fd7c2c5020578dd83c,23326101892177068111158117403380029821171932103636404586665389293169475076267,BUY,941.746,0.6849999999999999,645.09601,2026-05-26 12:11:27+00:00,True
46504071,0xcbae830bdc6a861f606c15d3d282a430390e79719efe1cfeaa5d75815dd1165e,0xd96155cc52ad7d3ff7a39c95fa515b965e358af8,0x6fc5910e7227e206cef2ed20737680becaa9d2bd,23326101892177068111158117403380029821171932103636404586665389293169475076267,SELL,994.0,0.682,677.908,2026-05-26 12:11:29+00:00,True
46504072,0x6463bbbaf14594abe3d7c6d86b12be730d1a3b0c58cad5a589913909ac5fe9b5,0xfcddeea788a40bfd216af7097fbf386282fb6653,0xd3abc6684aae3c47b44ecad5f8ce43ad578b861c,23326101892177068111158117403380029821171932103636404586665389293169475076267,BUY,165.341,0.6839999999999999,113.093244,2026-05-26 12:11:31+00:00,True
46504073,0x91e9749efd40889595bd3cf7557451855e51abd44c4f4a463d7d3dc07e3b2eb9,0xf3f56bf1914c904b37fffcef5f13d6343438cf36,0xd70ceccf2ef3462078984cac81336327707290af,23326101892177068111158117403380029821171932103636404586665389293169475076267,SELL,791.0,0.7000000000000001,553.7,2026-05-26 12:11:33+00:00,True
46504076,0x37c00596d47bd9907f4a72a766501ec43530fb10b8aac69f3c116e5f2648e33a,0xddde391c2544b526c7481543e577dad6423edede,0x8d6dee7ecf3a4776bcd9dd895e8e23efde4816a4,23326101892177068111158117403380029821171932103636404586665389293169475076267,SELL,606.0,0.7,424.2,2026-05-26 12:11:39+00:00,True
46504082,0xd00efee5a85acb690438df0bbd21449b385abc152e9b9e0d43ea2e404d210a9d,0x4651f69873f1be6c94890d79e945b80ec9dd4fd3,0xbb6bd94a674260815f9af84cf392b19214b4e023,23326101892177068111158117403380029821171932103636404586665389293169475076267,SELL,308.0,0.699,215.292,2026-05-26 12:11:51+00:00,True
46504082,0xe1d611a60481aa0958c3d3eec180741052e989f94a85303dd64ee508d2136b47,0xff3de15715fe508970c31824ddb455cf61e2ed99,0x106f90adb6ec8eacd2dffbfb1ca937bf8dc16bac,23326101892177068111158117403380029821171932103636404586665389293169475076267,BUY,836.203,0.6960000000000001,581.997288,2026-05-26 12:11:51+00:00,True
46504082,0x93534c60559a2caab4a445f5824fa2e43e4aff94a97737dbdf2b83e9aa50b210,0xe9c4f09513a211d341c28c3c102106bf0979c60f,0xfa41cd7c7f68200270349ea2e8d3e847d9314a78,23326101892177068111158117403380029821171932103636404586665389293169475076267,BUY,129.223,0.697,90.068431,2026-05-26 12:11:51+00:00,True
46504084,0xe603a0f45e705bd2ff3f4fcc421f465ffe06a0f79a2eed4f04d158d890f79cdc,0x3e02ca4daf734bca12a033bfff07f2075ee103a8,0xf2127bcb896968cffd1d2e656c1b0cd5868eaf6d,23326101892177068111158117403380029821171932103636404586665389293169475076267,BUY,756.348,0.6970000000000001,527.174556,2026-05-26 12:11:55+00:00,True
46504088,0x3f97a165876793ab131a1855b704019e2f08a3466d59762ed95e6c4e836e8f9e,0xfcddeea788a40bfd216af7097fbf386282fb6653,0xd3abc6684aae3c47b44ecad5f8ce43ad578b861c,23326101892177068111158117403380029821171932103636404586665389293169475076267,SELL,160.0,0.6950000000000001,111.2,2026-05-26 12:12:03+00:00,True
46504088,0x0d8bc5e0e6480ccb49f325544c9f96a029b590959305e6795792d8ede91ab2cb,0x6fc5910e7227e206cef2ed20737680becaa9d2bd,0xfcddeea788a40bfd216af7097fbf386282fb6653,23326101892177068111158117403380029821171932103636404586665389293169475076267,BUY,221.352,0.706,156.274512,2026-05-26 12:12:03+00:00,True
46504088,0xba7fcb5a3938c09b719a2aa08ad2b680032b0f387d451a94960c6f63046e82c3,0xa18dcd8e97306a29227e269ac600968aca7b9014,0x27b4afbd88fe7c88c6897bb0b4ade338d0401e37,3469897573899448175025502310970962120106787982500692321932053495327697019488,BUY,4.0,0.25,1.0,2026-05-26 12:12:03+00:00,False
46504089,0x1f1107d69ab5ec1adc9e6e7678422ab1977b7437320999cc55e65496487caa58,0x03502e2b26a9c4f16d0da5f988c055282eb870e2,0x888635c2c0193371e22c7362083adf19f30b0b3b,23326101892177068111158117403380029821171932103636404586665389293169475076267,BUY,132.002,0.705,93.06141,2026-05-26 12:12:05+00:00,True
46504091,0xbb64da07b9e9e33ee8478e3a49f2987246ded02564bd7b1ba9ecd4734755e584,0x23a51a2507f6db2efab5093c08e35e718925dca3,0x58085d4b6662bbd2acdd99dffe3c78b8661422ec,23326101892177068111158117403380029821171932103636404586665389293169475076267,BUY,919.019,0.692,635.961148,2026-05-26 12:12:09+00:00,True
46504094,0xa054b3e0d1c0771ce2932ba534d30bf348c832bf6380dd26d60c4ce9f4751425,0xfc5d6ef1ebdead2a79633dbbeb1392fafee264df,0x5dd1eb898cb24e00a0575d95afcb4f2d22410f9a,23326101892177068111158117403380029821171932103636404586665389293169475076267,BUY,189.959,0.703,133.541177,2026-05-26 12:12:15+00:00,True
46504100,0x9bfc2ec590ad4d8aef3158e5cbfd5565313a893b2277aa7f33b8a94215831bec,0x191351eec6a09bdae423438edba0f4bf1d95207d,0x0791641813feda20d23f4d7dc6a00643a31880b0,23326101892177068111158117403380029821171932103636404586665389293169475076267,BUY,120.132,0.709,85.173588,2026-05-26 12:12:27+00:00,True
46504100,0x9110cc0cca5e9f214a4b3c489e8d6bd750d0a24940d8145fca47b29ef0649e35,0x106f90adb6ec8eacd2dffbfb1ca937bf8dc16bac,0x4651f69873f1be6c94890d79e945b80ec9dd4fd3,23326101892177068111158117403380029821171932103636404586665389293169475076267,BUY,481.44,0.703,338.45232,2026-05-26 12:12:27+00:00,True
46504102,0x1f3a0ab78b0dfa8a611278197904a9592776a43f5d3db148cfbfafc9079d675b,0xd6c696526a2f64cfdf08341ee819bf127b9135a1,0x1e945453fcb562c562b72582d7254f58324b764a,23326101892177068111158117403380029821171932103636404586665389293169475076267,BUY,350.347,0.704,246.644288,2026-05-26 12:12:31+00:00,True
46504103,0xc108b44d04a0395f8a8855b3a68072183c5db4ba63bfc42f5b51d70e816dfbba,0xc78c9c0ace0e8a3c84d906be1cde374ea9e45962,0x7116b11588a6e204b5ed94fd7c2c5020578dd83c,23326101892177068111158117403380029821171932103636404586665389293169475076267,SELL,913.0,0.704,642.752,2026-05-26 12:12:33+00:00,True
46504105,0x228e8fbcaf2d3965f104ed64734921c1322961069b3b9e49aeaa3da0142738c7,0x6fc5910e7227e206cef2ed20737680becaa9d2bd,0xfcddeea788a40bfd216af7097fbf386282fb6653,23326101892177068111158117403380029821171932103636404586665389293169475076267,SELL,214.0,0.706,151.084,2026-05-26 12:12:37+00:00,True
46504106,0x5c4e5e873dadc8e643466bafc5da5f6333370a7af7d859ffb8614ae3fec67bf9,0x20e8f154a877034dd0145b304d90b99bbd8d558d,0xd96155cc52ad7d3ff7a39c95fa515b965e358af8,23326101892177068111158117403380029821171932103636404586665389293169475076267,BUY,813.357,0.694,564.469758,2026-05-26 12:12:39+00:00,True
46504106,0x7044c25c607166ff270cd9de32a493888bf06c6b7f8fb58f000a5eb9baf3259a,0x78dccf7272a7895137606413ed740665f5e652c8,0xc1c3b7a1836fad06430e1edf9f881151b480080c,23326101892177068111158117403380029821171932103636404586665389293169475076267,BUY,145.1,0.696,100.9896,2026-05-26 12:12:39+00:00,True
46504108,0x1f6490d7ccc02e1bc04d6330b10c8185b7c7ea409d4c46e5d148f73c964d1b0d,0x23a51a2507f6db2efab5093c08e35e718925dca3,0x58085d4b6662bbd2acdd99dffe3c78b8661422ec,23326101892177068111158117403380029821171932103636404586665389293169475076267,SELL,891.0,0.6970000000000001,621.027,2026-05-26 12:12:43+00:00,True
46504109,0xdbd30aac951999beef4cf1ddc3605239a18f603523f6f1c955f7125cf32af3d7,0xd70ceccf2ef3462078984cac81336327707290af,0x0ec5f85aa1985c1d4113eaf84aff31d9377f3708,23326101892177068111158117403380029821171932103636404586665389293169475076267,BUY,286.445,0.695,199.079275,2026-05-26 12:12:45+00:00,True
46504110,0x1fc316498c1e924b0a6c9f9a61825450739539343faff59613b8940a57073301,0xfc5d6ef1ebdead2a79633dbbeb1392fafee264df,0x5dd1eb898cb24e00a0575d95afcb4f2d22410f9a,23326101892177068111158117403380029821171932103636404586665389293169475076267,SELL,184.0,0.694,127.696,2026-05-26 12:12:47+00:00,True
46504112,0x8aeee8e96d270fbed2709abcefc6f9dfbf2351dcb68f0cd8d949ecf7a859c40c,0x51ba3d50c5b80070de3419157fce0eb46afcfa69,0xa6ca7bae9aa52bc783c11cfbabb241e3bc361947,23326101892177068111158117403380029821171932103636404586665389293169475076267,SELL,119.0,0.696,82.824,2026-05-26 12:12:51+00:00,True
46504112,0x62621aef8bde2cb8e232f7512ab48846b5861e7bcd1db8dcac3bb4ae7f5d0e30,0x8d6dee7ecf3a4776bcd9dd895e8e23efde4816a4,0xcf186e0d509c32402f869bafb690286c75d9c2ae,23326101892177068111158117403380029821171932103636404586665389293169475076267,BUY,266.448,0.6960000000000001,185.447808,2026-05-26 12:12:51+00:00,True
46504113,0x1bf1db9f674aa66c840a528ca2271612f35579968cc40a5ace67aa388b35de4f,0xff3de15715fe508970c31824ddb455cf61e2ed99,0x106f90adb6ec8eacd2dffbfb1ca937bf8dc16bac,23326101892177068111158117403380029821171932103636404586665389293169475076267,SELL,811.0,0.683,553.913,2026-05-26 12:12:53+00:00,True
46504115,0xbdbc01dc86e6618b5be49559881299d62f932f74a0fa04dd6352209b343f91fc,0x3e02ca4daf734bca12a033bfff07f2075ee103a8,0xf2127bcb896968cffd1d2e656c1b0cd5868eaf6d,23326101892177068111158117403380029821171932103636404586665389293169475076267,SELL,733.0,0.682,499.906,2026-05-26 12:12:57+00:00,True
46504116,0x57b7cbbd6ee4d93afa0fbcefa5df4196e4c12ad34c700b75ba6beae2b3bea43f,0x29dd54f3dd1491d1e2bc69944b5983e211f58aaf,0xd6c696526a2f64cfdf08341ee819bf127b9135a1,23326101892177068111158117403380029821171932103636404586665389293169475076267,BUY,195.508,0.6799999999999999,132.94544,2026-05-26 12:12:59+00:00,True
46504119,0x32d7c4060a04a9a729370e442612fb7ed3d1c65359c0223cf823cd685819f710,0x20e8f154a877034dd0145b304d90b99bbd8d558d,0xd96155cc52ad7d3ff7a39c95fa515b965e358af8,23326101892177068111158117403380029821171932103636404586665389293169475076267,SELL,788.0,0.68,535.84,2026-05-26 12:13:05+00:00,True
46504120,0x4d32d97aa402c0daa3c8227c58d74085d483365f07a23dc8c611470e1d9f5154,0xf46b6d0c6dd31ac12f260732940f16b41ebd8737,0xfcddeea788a40bfd216af7097fbf386282fb6653,23326101892177068111158117403380029821171932103636404586665389293169475076267,BUY,390.097,0.684,266.826348,2026-05-26 12:13:07+00:00,True
46504121,0x409b83acd303ca029c5bfa60cbc8fdc59d7e6a6ccdc98d02582c48d8d3da460c,0x16b8766e6b52bb0113213ad2d4987ec1e9b99e13,0xe7c1c5522eda5ae252b0574f7a642ae74f8af3a3,23326101892177068111158117403380029821171932103636404586665389293169475076267,BUY,431.15,0.678,292.3197,2026-05-26 12:13:09+00:00,True
46504125,0x6acb80a462ab68d154d0bffbcdedb8e3f3dcbc6d99c0b50c7ff870c9dab613df,0xf9e019b835590f11e8b7279141fce5f07320a4c9,0xeb010bace7dbedb1a20d33f28de070367ccc8e46,23326101892177068111158117403380029821171932103636404586665389293169475076267,BUY,547.274,0.67,366.67358,2026-05-26 12:13:17+00:00,True
46504126,0xb650296776174ace6281df6cd2b08307db900e5caf61fb3ab2df012724d27f12,0xe9c4f09513a211d341c28c3c102106bf0979c60f,0xfa41cd7c7f68200270349ea2e8d3e847d9314a78,23326101892177068111158117403380029821171932103636404586665389293169475076267,SELL,125.0,0.673,84.125,2026-05-26 12:13:19+00:00,True
46504127,0x6612344948275d3566d72e6fcc57659973fd9e60e92085a963285d9fa65a5c46,0x106f90adb6ec8eacd2dffbfb1ca937bf8dc16bac,0x4651f69873f1be6c94890d79e945b80ec9dd4fd3,23326101892177068111158117403380029821171932103636404586665389293169475076267,SELL,466.0,0.645,300.57,2026-05-26 12:13:21+00:00,True
46504127,0xfccbc210aa4407d19711927c78a0c98acb6c4f9b6deb81dc11ae6d43afbc59dc,0x4651f69873f1be6c94890d79e945b80ec9dd4fd3,0xf007a22e23fa36e641cb3fc5c9d543476f9737ae,23326101892177068111158117403380029821171932103636404586665389293169475076267,BUY,871.899,0.643,560.631057,2026-05-26 12:13:21+00:00,True
46504129,0xfd5f233e57ca1a1fefd09e3310795b484921602f6744e5021524b1cba78bd09b,0x29dd54f3dd1491d1e2bc69944b5983e211f58aaf,0x3e02ca4daf734bca12a033bfff07f2075ee103a8,23326101892177068111158117403380029821171932103636404586665389293169475076267,SELL,702.0,0.641,449.982,2026-05-26 12:13:25+00:00,True
46504129,0xcc89983597c0530a965ccd946985fac36bcb1a266d43e17e07a6e29b560c2a89,0xf32b50d6526d4741629461ce436bf7a79fb8e188,0x5aa76047cafc5650dceac42089f3590538cc8550,23326101892177068111158117403380029821171932103636404586665389293169475076267,BUY,213.758,0.642,137.232636,2026-05-26 12:13:25+00:00,True
46504131,0x7aa535189afe05d5d2b2fcea51099ce2b28bd2a6e0bb794272c8b9bba6d01c34,0xcab263f601d7d58ebd4544c3701d2d5c2f7f477c,0x7116b11588a6e204b5ed94fd7c2c5020578dd83c,23326101892177068111158117403380029821171932103636404586665389293169475076267,BUY,224.736,0.626,140.684736,2026-05-26 12:13:29+00:00,True
46504132,0x6072ca4e4579049195f752e4ff42dfc6a5b6c96ac2d7ddc5f235956a68d74000,0x03502e2b26a9c4f16d0da5f988c055282eb870e2,0x888635c2c0193371e22c7362083adf19f30b0b3b,23326101892177068111158117403380029821171932103636404586665389293169475076267,SELL,128.0,0.624,79.872,2026-05-26 12:13:31+00:00,True
46504133,0xd4843cad87b3cf67ebca661d982784371e185e1abf1ddd1ce07e81a615358c8c,0x44a55e4a7c8fac2d285224da96419ff31607bc03,0x03502e2b26a9c4f16d0da5f988c055282eb870e2,23326101892177068111158117403380029821171932103636404586665389293169475076267,BUY,135.684,0.6260000000000001,84.938184,2026-05-26 12:13:33+00:00,True
46504133,0xf1c3a369ba13fb7b6d55326628ddbff9eec76fe9034d5abe8fd5575a525e085a,0xf46b6d0c6dd31ac12f260732940f16b41ebd8737,0xfcddeea788a40bfd216af7097fbf386282fb6653,23326101892177068111158117403380029821171932103636404586665389293169475076267,SELL,379.0,0.622,235.738,2026-05-26 12:13:33+00:00,True
46504134,0x75bc1dc3511a6ec75fa4f96c740f60cfb5a4ce3211db4e140610b599f386f652,0x97acc627ca2d37320ff1b6daa8d024eccde95336,0x196c747e02635b3de6d3f67580ba62ed482fc864,23326101892177068111158117403380029821171932103636404586665389293169475076267,BUY,173.028,0.624,107.969472,2026-05-26 12:13:35+00:00,True
46504135,0x67948b9a0597524e4e5a68352e685d0f8381a4c407dca5260ff7afee9f4ad89c,0x16b8766e6b52bb0113213ad2d4987ec1e9b99e13,0xe7c1c5522eda5ae252b0574f7a642ae74f8af3a3,23326101892177068111158117403380029821171932103636404586665389293169475076267,SELL,418.0,0.622,259.996,2026-05-26 12:13:37+00:00,True
46504136,0x0f27d8f8e4f91a202dae4fd3cb55668fdffa1cc045cddf4da53c2a69ee8eb2a0,0x58085d4b6662bbd2acdd99dffe3c78b8661422ec,0x29bc885242f5c3c0bf1ff352598caf9bb503044d,23326101892177068111158117403380029821171932103636404586665389293169475076267,BUY,313.591,0.618,193.799238,2026-05-26 12:13:39+00:00,True
46504138,0xdd10fe7577a7b1b71dfbd1b64d81be7fdf734ca1a70dfdacacc9cf01336341e5,0xf9e019b835590f11e8b7279141fce5f07320a4c9,0xeb010bace7dbedb1a20d33f28de070367ccc8e46,23326101892177068111158117403380029821171932103636404586665389293169475076267,SELL,531.0,0.619,328.689,2026-05-26 12:13:43+00:00,True
46504138,0x157ca7db05ac7fd143674efae58e11ca2c64aa7ff2bdd1d662559e751b19999a,0x578451b97342c6917b979fff91485cb42e7af9ec,0xf9e019b835590f11e8b7279141fce5f07320a4c9,23326101892177068111158117403380029821171932103636404586665389293169475076267,BUY,918.213,0.623,572.046699,2026-05-26 12:13:43+00:00,True
46504139,0xde785d60e3f6c4917a1ce7ee9da0c11923c6a97dbfbd3c7328d42b71ea7ca27f,0x191351eec6a09bdae423438edba0f4bf1d95207d,0x0791641813feda20d23f4d7dc6a00643a31880b0,23326101892177068111158117403380029821171932103636404586665389293169475076267,SELL,116.0,0.618,71.688,2026-05-26 12:13:45+00:00,True
46504141,0xdd05180d6d5d66f3a0f14ed55e10d5c9e97cf464ab8766f7b4defd60d32069df,0x4651f69873f1be6c94890d79e945b80ec9dd4fd3,0xf007a22e23fa36e641cb3fc5c9d543476f9737ae,23326101892177068111158117403380029821171932103636404586665389293169475076267,SELL,846.0,0.619,523.674,2026-05-26 12:13:49+00:00,True
46504141,0x8e1841406154ec980f8ce907abd8ed5e23b34af61e9924ab3c1b3e19c45673c3,0x106f90adb6ec8eacd2dffbfb1ca937bf8dc16bac,0x4651f69873f1be6c94890d79e945b80ec9dd4fd3,23326101892177068111158117403380029821171932103636404586665389293169475076267,BUY,199.119,0.603,120.068757,2026-05-26 12:13:49+00:00,True
46504145,0x8886068f822d8c1a0eb44c693e38a9fdcdd0fe06ba45de13d26281236d1153b3,0x78dccf7272a7895137606413ed740665f5e652c8,0xc1c3b7a1836fad06430e1edf9f881151b480080c,23326101892177068111158117403380029821171932103636404586665389293169475076267,SELL,140.0,0.578,80.92,2026-05-26 12:13:57+00:00,True
46504145,0xd4109b9d5035a0a423df55e13ce859083d51d43cb9175df807710e7fea45bbdd,0xcab263f601d7d58ebd4544c3701d2d5c2f7f477c,0x7116b11588a6e204b5ed94fd7c2c5020578dd83c,23326101892177068111158117403380029821171932103636404586665389293169475076267,SELL,218.0,0.585,127.53,2026-05-26 12:13:57+00:00,True
46504146,0x39ed730ab24ab9ad6dfc3a4f5d41a3375c85093ad637eabc68ce7b9589046744,0x5bf481a94e1fcadf9db3d73b97c4b799272115ce,0x21ea7251a8368ce69c06b81f45f6ff3147feea36,23326101892177068111158117403380029821171932103636404586665389293169475076267,BUY,668.765,0.589,393.902585,2026-05-26 12:13:59+00:00,True
46504148,0x5f1ac8f56009cbf671c8b966cc6940c20c3918ffe3ce29130f5f0d822f424d1a,0xf46b6d0c6dd31ac12f260732940f16b41ebd8737,0x20e8f154a877034dd0145b304d90b99bbd8d558d,23326101892177068111158117403380029821171932103636404586665389293169475076267,BUY,638.389,0.586,374.095954,2026-05-26 12:14:03+00:00,True
46504150,0xd17508de20f55d42e5e774cf2ef4fde6a75f721cce21328eb6debfb064864391,0x58085d4b6662bbd2acdd99dffe3c78b8661422ec,0x29bc885242f5c3c0bf1ff352598caf9bb503044d,23326101892177068111158117403380029821171932103636404586665389293169475076267,SELL,304.0,0.585,177.84,2026-05-26 12:14:07+00:00,True
46504153,0xacc3526f1045eee1c8aa1d47dcccacc3b7e9845b505f6d51e401cd6995b903de,0x578451b97342c6917b979fff91485cb42e7af9ec,0xf9e019b835590f11e8b7279141fce5f07320a4c9,23326101892177068111158117403380029821171932103636404586665389293169475076267,SELL,890.0,0.5880000000000001,523.32,2026-05-26 12:14:13+00:00,True
46504154,0x6aa652c482c3fe8f0d3029f20560bea3c0c565f5bb26d98dc03a7f01c75f6f62,0xeb010bace7dbedb1a20d33f28de070367ccc8e46,0xfc5d6ef1ebdead2a79633dbbeb1392fafee264df,23326101892177068111158117403380029821171932103636404586665389293169475076267,BUY,866.027,0.592,512.687984,2026-05-26 12:14:15+00:00,True
46504155,0xd6a826cfba75e04557e3ec78b2453991ec69a0cc6176d4cab1803fc455d7d0f3,0x106f90adb6ec8eacd2dffbfb1ca937bf8dc16bac,0x4651f69873f1be6c94890d79e945b80ec9dd4fd3,23326101892177068111158117403380029821171932103636404586665389293169475076267,SELL,194.0,0.5890000000000001,114.266,2026-05-26 12:14:17+00:00,True
46504156,0xa64735a8968eba3e6609604bcfc849dbf2ed9c994dc9e055bcd2cb3d0e827f09,0x81801025871ee73ac195edd2ffb4b3353b765e00,0x1d1f3206e671fd2a67c943d93163e6bddfb4262f,23326101892177068111158117403380029821171932103636404586665389293169475076267,BUY,173.893,0.588,102.249084,2026-05-26 12:14:19+00:00,True
46504158,0x9d6c07bc13d31c262bea5427410d4173b6e2ef1c993ca8a1a8df87750d127dcd,0xd6c696526a2f64cfdf08341ee819bf127b9135a1,0x1e945453fcb562c562b72582d7254f58324b764a,23326101892177068111158117403380029821171932103636404586665389293169475076267,SELL,339.0,0.591,200.349,2026-05-26 12:14:23+00:00,True
46504158,0xaa2a7026ac65d228b3124998714720912993c29634b91b071b9061694c924eaf,0x1841444288cc042213741268edae89ab0a0a44f4,0xc4dae4a52f975147b7048222602b5ec9e0947236,23326101892177068111158117403380029821171932103636404586665389293169475076267,BUY,141.354,0.589,83.257506,2026-05-26 12:14:23+00:00,True
46504161,0x1d8cb06da6fec3f239e5d45ceb91a8c2e343cc9e11417b8a1b80af5bca8b1bf7,0x5bf481a94e1fcadf9db3d73b97c4b799272115ce,0x21ea7251a8368ce69c06b81f45f6ff3147feea36,23326101892177068111158117403380029821171932103636404586665389293169475076267,SELL,648.0,0.593,384.264,2026-05-26 12:14:29+00:00,True
46504162,0xd3bf58d781637ade59b67aeab0b4042c60658bd8c584f5af8add1053e6929e55,0x46ee7d5fb144f76aac5f9214528f30a91450c501,0xe2867815c595a0b889570f03f01f369b3406470f,23326101892177068111158117403380029821171932103636404586665389293169475076267,BUY,445.775,0.594,264.79035,2026-05-26 12:14:31+00:00,True
46504163,0x4405a2b6f6fecdf9ce2c71cebc2b4a33fc97a90883856814987da6e213811843,0xf46b6d0c6dd31ac12f260732940f16b41ebd8737,0x20e8f154a877034dd0145b304d90b99bbd8d558d,23326101892177068111158117403380029821171932103636404586665389293169475076267,SELL,619.0,0.591,365.829,2026-05-26 12:14:33+00:00,True
46504164,0x23757752215baef0e2b9fd902ea6b3fb86637f5e336f1b2a6107c42e92697d22,0xfcddeea788a40bfd216af7097fbf386282fb6653,0x6fc5910e7227e206cef2ed20737680becaa9d2bd,23326101892177068111158117403380029821171932103636404586665389293169475076267,BUY,564.444,0.5910000000000001,333.586404,2026-05-26 12:14:35+00:00,True
46504165,0x3f99bd04cdcb16097fd7a3029bceb629f9bbc38952ab22923e5aedd3c26bbc85,0xd70ceccf2ef3462078984cac81336327707290af,0x0ec5f85aa1985c1d4113eaf84aff31d9377f3708,23326101892177068111158117403380029821171932103636404586665389293169475076267,SELL,277.0,0.597,165.369,2026-05-26 12:14:37+00:00,True
46504166,0x14ecb1dbe60df93929053bfbbbbb0d52b4a0af65d4eadfc085e6b890ae382d49,0x4eb14aed5077c93f720b98e9c512cdbe757ff3b3,0xe55c7154097f8832be1e3d83d0e7be49c704830e,23326101892177068111158117403380029821171932103636404586665389293169475076267,BUY,998.13,0.592,590.89296,2026-05-26 12:14:39+00:00,True
46504167,0x5d7543b3c467239da69c4ce2b5f28a74539f28b794c4aa01d207b726d8e6d79e,0xeb010bace7dbedb1a20d33f28de070367ccc8e46,0xfc5d6ef1ebdead2a79633dbbeb1392fafee264df,23326101892177068111158117403380029821171932103636404586665389293169475076267,SELL,840.0,0.598,502.32,2026-05-26 12:14:41+00:00,True
46504168,0x6df1610e6b5ef57edc01c2d713ff6d9df33ae6f50d10ea6a67cb6c7ac731dfb1,0x578c31a7a005b03cdd8b23671dd58d5310fcc8c1,0xf9e019b835590f11e8b7279141fce5f07320a4c9,23326101892177068111158117403380029821171932103636404586665389293169475076267,BUY,1554.093,0.597,927.793521,2026-05-26 12:14:43+00:00,True
46504169,0xefefe0f136b8de334134c63aef4222bc37a49d91120f07e0cd92d6a6792b56a6,0x81801025871ee73ac195edd2ffb4b3353b765e00,0x1d1f3206e671fd2a67c943d93163e6bddfb4262f,23326101892177068111158117403380029821171932103636404586665389293169475076267,SELL,168.0,0.599,100.632,2026-05-26 12:14:45+00:00,True
46504172,0x1206a4efc638d077a6870912235f6d7300280ca10eba7e7446eec947a19b092e,0x44a55e4a7c8fac2d285224da96419ff31607bc03,0x03502e2b26a9c4f16d0da5f988c055282eb870e2,23326101892177068111158117403380029821171932103636404586665389293169475076267,SELL,131.0,0.599,78.469,2026-05-26 12:14:51+00:00,True
46504173,0xb26386efb74c0907376c2f6593ab50ffbd2fd0e51d7be18f6d9a55320c8da922,0xf007a22e23fa36e641cb3fc5c9d543476f9737ae,0x7a9813714db9f2042cf7bdea4421c954d79243e6,23326101892177068111158117403380029821171932103636404586665389293169475076267,BUY,713.708,0.6010000000000001,428.938508,2026-05-26 12:14:53+00:00,True
46504175,0xc7ecdd510ae602c17e2438e1655c66ade849791492d65ea255e366c5ca01a874,0x29dd54f3dd1491d1e2bc69944b5983e211f58aaf,0x5aa76047cafc5650dceac42089f3590538cc8550,23326101892177068111158117403380029821171932103636404586665389293169475076267,SELL,208.0,0.598,124.384,2026-05-26 12:14:57+00:00,True
46504176,0x06dac957a17e7cb933b5ecc8e9becbfebdfefe48a5d51528048a3f10878808db,0x3e02ca4daf734bca12a033bfff07f2075ee103a8,0x29dd54f3dd1491d1e2bc69944b5983e211f58aaf,23326101892177068111158117403380029821171932103636404586665389293169475076267,BUY,591.153,0.599,354.100647,2026-05-26 12:14:59+00:00,True
46504177,0xd989f0244d6315a2f41f0418bc618b0d3fe01857dcdbae96ae96fcf4cf72783f,0x46ee7d5fb144f76aac5f9214528f30a91450c501,0xe2867815c595a0b889570f03f01f369b3406470f,23326101892177068111158117403380029821171932103636404586665389293169475076267,SELL,432.0,0.603,260.496,2026-05-26 12:15:01+00:00,True
46504178,0x559507a2388d5a616ac3e8f7583c98027200df1976dd85b55ef6b5d45ffca7fc,0xe2867815c595a0b889570f03f01f369b3406470f,0xc78c9c0ace0e8a3c84d906be1cde374ea9e45962,23326101892177068111158117403380029821171932103636404586665389293169475076267,BUY,431.367,0.6,258.8202,2026-05-26 12:15:03+00:00,True
46504180,0x4792786809ce014d9f1be553e2a1bee952c17af2c55de5bf2eca4f0dc6e77d6c,0xfcddeea788a40bfd216af7097fbf386282fb6653,0x6fc5910e7227e206cef2ed20737680becaa9d2bd,23326101892177068111158117403380029821171932103636404586665389293169475076267,SELL,547.0,0.602,329.294,2026-05-26 12:15:07+00:00,True
46504181,0x2659d0c29192ff4ba82522ebaf02c2685a23b7173cd3cb137881d31e2427d3db,0x9c44b10f39e6a07889ed3d821669565fb11409b3,0xf46b6d0c6dd31ac12f260732940f16b41ebd8737,23326101892177068111158117403380029821171932103636404586665389293169475076267,BUY,205.75,0.602,123.8615,2026-05-26 12:15:09+00:00,True
46504184,0xab9b410fa44b6437433c9354e1920dd1536571d33095cf32c09d609c02f56ac0,0xe7c1c5522eda5ae252b0574f7a642ae74f8af3a3,0xd70ceccf2ef3462078984cac81336327707290af,23326101892177068111158117403380029821171932103636404586665389293169475076267,BUY,231.259,0.6010000000000001,138.986659,2026-05-26 12:15:15+00:00,True
46504186,0x629fba4200844eb35082b1bd5e1d813ba62b34bf48f836da0b7453b2bdf5c8dd,0x578c31a7a005b03cdd8b23671dd58d5310fcc8c1,0xf9e019b835590f11e8b7279141fce5f07320a4c9,23326101892177068111158117403380029821171932103636404586665389293169475076267,SELL,1508.0,0.615,927.42,2026-05-26 12:15:19+00:00,True
46504187,0xabe10a4d26060795ecdadbcb5554540f5cd3d6a841b7c6466bc44ba6660b1551,0xf9e019b835590f11e8b7279141fce5f07320a4c9,0x8d6dee7ecf3a4776bcd9dd895e8e23efde4816a4,23326101892177068111158117403380029821171932103636404586665389293169475076267,BUY,437.798,0.618,270.559164,2026-05-26 12:15:21+00:00,True
46504189,0xffd52606a709fdb2d6683d96be9ae6105c0f78712becab5ecde2885dd183adeb,0xf007a22e23fa36e641cb3fc5c9d543476f9737ae,0x7a9813714db9f2042cf7bdea4421c954d79243e6,23326101892177068111158117403380029821171932103636404586665389293169475076267,SELL,692.0,0.618,427.656,2026-05-26 12:15:25+00:00,True
46504190,0xe03085b0d55110119ef3e000281fb5810ff29f275f47b148366134c40bff2be3,0x81801025871ee73ac195edd2ffb4b3353b765e00,0xff3de15715fe508970c31824ddb455cf61e2ed99,23326101892177068111158117403380029821171932103636404586665389293169475076267,BUY,533.029,0.613,326.746777,2026-05-26 12:15:27+00:00,True
46504193,0x3ab723be9c08b92dfab5f6624764df96e58b6918804afd36b7e4c08417511625,0x3e02ca4daf734bca12a033bfff07f2075ee103a8,0x29dd54f3dd1491d1e2bc69944b5983e211f58aaf,23326101892177068111158117403380029821171932103636404586665389293169475076267,SELL,573.0,0.617,353.541,2026-05-26 12:15:33+00:00,True
46504198,0xe2ac66ebd0edaec15b6153427b35f1a640da92deb65658658530b37c03c1fa4b,0x696ec0da3a4c332694d66c6941e4383646bfae3f,0xf32b50d6526d4741629461ce436bf7a79fb8e188,23326101892177068111158117403380029821171932103636404586665389293169475076267,BUY,493.642,0.5730000000000001,282.856866,2026-05-26 12:15:43+00:00,True
46504200,0x10c7433139f6bb21ce43b12228358a0a21c16670d38db0dbba1d6888dec4e73b,0xe2867815c595a0b889570f03f01f369b3406470f,0xc78c9c0ace0e8a3c84d906be1cde374ea9e45962,23326101892177068111158117403380029821171932103636404586665389293169475076267,SELL,418.0,0.5680000000000001,237.424,2026-05-26 12:15:47+00:00,True
46504202,0x1beb0900bcc89359776aa21d5141b92bb7a44adde438ee95024669f2fd66732d,0x9c44b10f39e6a07889ed3d821669565fb11409b3,0xf46b6d0c6dd31ac12f260732940f16b41ebd8737,23326101892177068111158117403380029821171932103636404586665389293169475076267,SELL,199.0,0.5650000000000001,112.435,2026-05-26 12:15:51+00:00,True
46504202,0x2f632a90119f6f06791c83576bc28896091a7a9788a73fcdb7c860e23347dfea,0x6fc5910e7227e206cef2ed20737680becaa9d2bd,0x9c44b10f39e6a07889ed3d821669565fb11409b3,23326101892177068111158117403380029821171932103636404586665389293169475076267,BUY,333.865,0.565,188.633725,2026-05-26 12:15:51+00:00,True
46504204,0x135b1e389e15041e959853b2cf42853952fd6d38a16e0b33eb53a8e73b42a7bf,0x4eb14aed5077c93f720b98e9c512cdbe757ff3b3,0xe55c7154097f8832be1e3d83d0e7be49c704830e,23326101892177068111158117403380029821171932103636404586665389293169475076267,SELL,968.0,0.5660000000000001,547.888,2026-05-26 12:15:55+00:00,True
46504205,0xd0f86df3638330bfc63c2a78fafa85333f9007b5041ef39bb9e14f7a3594f3cb,0xe55c7154097f8832be1e3d83d0e7be49c704830e,0xe7c1c5522eda5ae252b0574f7a642ae74f8af3a3,23326101892177068111158117403380029821171932103636404586665389293169475076267,BUY,173.97,0.5660000000000001,98.46702,2026-05-26 12:15:57+00:00,True
46504206,0x5824da74b00922d0a72f276e92c771480d25cb1137aa4dad9700bea2b6d7c803,0xf9e019b835590f11e8b7279141fce5f07320a4c9,0x8d6dee7ecf3a4776bcd9dd895e8e23efde4816a4,23326101892177068111158117403380029821171932103636404586665389293169475076267,SELL,425.0,0.547,232.475,2026-05-26 12:15:59+00:00,True
46504208,0x91c8df4c5b23b2da12a57769f5779d0e7559ed520628a0918dd7185181500473,0x81801025871ee73ac195edd2ffb4b3353b765e00,0xff3de15715fe508970c31824ddb455cf61e2ed99,23326101892177068111158117403380029821171932103636404586665389293169475076267,SELL,517.0,0.551,284.867,2026-05-26 12:16:03+00:00,True
46504209,0x1c693787dffe082f87a65e1d9d4d13611cf03f600105aa1afa4357baf3a64a39,0x4651f69873f1be6c94890d79e945b80ec9dd4fd3,0x81801025871ee73ac195edd2ffb4b3353b765e00,23326101892177068111158117403380029821171932103636404586665389293169475076267,BUY,930.707,0.5469999999999999,509.096729,2026-05-26 12:16:05+00:00,True
46504211,0xa1ff02901b4e2befa966b3d504e68aac1b548c0c4425929570462ff1def1dcae,0x696ec0da3a4c332694d66c6941e4383646bfae3f,0xf32b50d6526d4741629461ce436bf7a79fb8e188,23326101892177068111158117403380029821171932103636404586665389293169475076267,SELL,479.0,0.559,267.761,2026-05-26 12:16:09+00:00,True
46504215,0xafa25771ec614a146b38aee163e3ec734e1566b1cd40b3af581e03c2f00d1e76,0x21ea7251a8368ce69c06b81f45f6ff3147feea36,0xcab263f601d7d58ebd4544c3701d2d5c2f7f477c,23326101892177068111158117403380029821171932103636404586665389293169475076267,BUY,982.149,0.5579999999999999,548.039142,2026-05-26 12:16:17+00:00,True
46504218,0xee1eee175cc9c602f619c807a38f4df07c73f240ed237d13cede15ae40b763bf,0xfa040f8b4f5a81abe71591c14b304ab2db19d5cf,0x20e8f154a877034dd0145b304d90b99bbd8d558d,23326101892177068111158117403380029821171932103636404586665389293169475076267,BUY,897.387,0.557,499.844559,2026-05-26 12:16:23+00:00,True
46504221,0xa8a37a1fdbd5273197bb17f8d6e9a3eab310b48d9df6fdb90ce9fb089978121a,0x16b8766e6b52bb0113213ad2d4987ec1e9b99e13,0xf3f56bf1914c904b37fffcef5f13d6343438cf36,23326101892177068111158117403380029821171932103636404586665389293169475076267,BUY,154.144,0.5459999999999999,84.162624,2026-05-26 12:16:29+00:00,True
46504226,0xda2754fb07f3bda4a3945bc97ac3319223921d22fd965f15d2920ada07883bce,0x4651f69873f1be6c94890d79e945b80ec9dd4fd3,0x81801025871ee73ac195edd2ffb4b3353b765e00,23326101892177068111158117403380029821171932103636404586665389293169475076267,SELL,903.0,0.548,494.844,2026-05-26 12:16:39+00:00,True
46504226,0x007e143a5db65a8414418ba9a070ec9deb95ce8e5ec6d30ca6e7257a304ae484,0x1d1f3206e671fd2a67c943d93163e6bddfb4262f,0x4651f69873f1be6c94890d79e945b80ec9dd4fd3,23326101892177068111158117403380029821171932103636404586665389293169475076267,BUY,242.33,0.549,133.03917,2026-05-26 12:16:39+00:00,True
46504228,0x07cf179c345c8252992e95c1b0aa5254671ccbfadbd85c505c7b9ffe78736819,0xf32b50d6526d4741629461ce436bf7a79fb8e188,0xd6c696526a2f64cfdf08341ee819bf127b9135a1,23326101892177068111158117403380029821171932103636404586665389293169475076267,SELL,189.0,0.548,103.572,2026-05-26 12:16:43+00:00,True
46504228,0xb7f9c9ce4e59607ee817963bacb8b0fd6113a4eacb91cac5e6321e6d34f93363,0x1e945453fcb562c562b72582d7254f58324b764a,0xf2127bcb896968cffd1d2e656c1b0cd5868eaf6d,23326101892177068111158117403380029821171932103636404586665389293169475076267,BUY,472.96,0.549,259.65504,2026-05-26 12:16:43+00:00,True
46504229,0x157e883c03112832f2c9d6f87fbd069ca4d99d9ee0e3e0f55fc07647e8d5e7c0,0x0791641813feda20d23f4d7dc6a00643a31880b0,0x191351eec6a09bdae423438edba0f4bf1d95207d,23326101892177068111158117403380029821171932103636404586665389293169475076267,BUY,128.974,0.548,70.677752,2026-05-26 12:16:45+00:00,True
46504230,0xf815b307b30eb4825ed9e1aba92a1f5de5e3fdb946985f80d3a3f4b427a25347,0x21ea7251a8368ce69c06b81f45f6ff3147feea36,0xcab263f601d7d58ebd4544c3701d2d5c2f7f477c,23326101892177068111158117403380029821171932103636404586665389293169475076267,SELL,952.0,0.55,523.6,2026-05-26 12:16:47+00:00,True
46504230,0x379225deff2614021f933c4ca815494d1be715c59c55e08138c35a2b0b12ef98,0x5bf481a94e1fcadf9db3d73b97c4b799272115ce,0xc78c9c0ace0e8a3c84d906be1cde374ea9e45962,23326101892177068111158117403380029821171932103636404586665389293169475076267,BUY,202.594,0.545,110.41373,2026-05-26 12:16:47+00:00,True
46504233,0xd589ebb0f053e00b4860de1ab0d68a8481a40cb3e422e9c78ef8ff01631dc14e,0xf46b6d0c6dd31ac12f260732940f16b41ebd8737,0x97acc627ca2d37320ff1b6daa8d024eccde95336,23326101892177068111158117403380029821171932103636404586665389293169475076267,BUY,727.811,0.5680000000000001,413.396648,2026-05-26 12:16:53+00:00,True
46504234,0x91ed84b5cdbad35cbf1be70d223ef4a738b7c9128c6d1299848b095caeffe532,0xe7c1c5522eda5ae252b0574f7a642ae74f8af3a3,0xd70ceccf2ef3462078984cac81336327707290af,23326101892177068111158117403380029821171932103636404586665389293169475076267,SELL,225.0,0.5670000000000001,127.575,2026-05-26 12:16:55+00:00,True
46504235,0xb5d0c10508b37164f4de9311a8a0cb17968a3cd395053b0396cf60b206daa132,0x16b8766e6b52bb0113213ad2d4987ec1e9b99e13,0xe55c7154097f8832be1e3d83d0e7be49c704830e,23326101892177068111158117403380029821171932103636404586665389293169475076267,BUY,772.628,0.566,437.307448,2026-05-26 12:16:57+00:00,True
46504235,0x42ff5c146dbf06be209279a5e59c4475852af97adbcc71f5e4cffe6d724dc08b,0xea5c69cf7d8b71cd4644d089649f946d9ec30b2a,0x9f997f7c146fbc311aa5c1d0fd01b19b814277a5,23326101892177068111158117403380029821171932103636404586665389293169475076267,BUY,140.873,0.568,80.015864,2026-05-26 12:16:57+00:00,True
46504240,0x6d29424efc3d21837fb18f7f44ae4ac22e84e67fb222c5278764552b2c7d4fe8,0x8d6dee7ecf3a4776bcd9dd895e8e23efde4816a4,0xcf186e0d509c32402f869bafb690286c75d9c2ae,23326101892177068111158117403380029821171932103636404586665389293169475076267,SELL,258.0,0.5640000000000001,145.512,2026-05-26 12:17:07+00:00,True
46504240,0x2fd5073da22b18827ddd7a7487ffae44b63f36126fcc1f20f2fa23d1dfb94ae3,0x5dd1eb898cb24e00a0575d95afcb4f2d22410f9a,0xeb010bace7dbedb1a20d33f28de070367ccc8e46,23326101892177068111158117403380029821171932103636404586665389293169475076267,BUY,785.437,0.584,458.695208,2026-05-26 12:17:07+00:00,True
46504242,0x5078818e7a71718e6cef2e22949974ca7f111d136d7d372e8c3deb7cb1355621,0x1d1f3206e671fd2a67c943d93163e6bddfb4262f,0x4651f69873f1be6c94890d79e945b80ec9dd4fd3,23326101892177068111158117403380029821171932103636404586665389293169475076267,SELL,235.0,0.594,139.59,2026-05-26 12:17:11+00:00,True
46504245,0x33bf9760bfa773b7cf5880dab6dafd72cd05ce6f5f0912c5abb374871de8bb8e,0xf2127bcb896968cffd1d2e656c1b0cd5868eaf6d,0x29dd54f3dd1491d1e2bc69944b5983e211f58aaf,23326101892177068111158117403380029821171932103636404586665389293169475076267,BUY,487.625,0.597,291.112125,2026-05-26 12:17:17+00:00,True
46504248,0xae05098869f03e411478da43518449cce86884cadfb7f5e3e63cc9b02a1b0312,0xc78c9c0ace0e8a3c84d906be1cde374ea9e45962,0xe2867815c595a0b889570f03f01f369b3406470f,23326101892177068111158117403380029821171932103636404586665389293169475076267,BUY,1202.873,0.599,720.520927,2026-05-26 12:17:23+00:00,True
46504250,0x1a2a96473a104c19e46f140ca235e8c8c4128991a9628572a8054be70dccfc7f,0x20e8f154a877034dd0145b304d90b99bbd8d558d,0x196c747e02635b3de6d3f67580ba62ed482fc864,23326101892177068111158117403380029821171932103636404586665389293169475076267,BUY,448.72,0.609,273.27048,2026-05-26 12:17:27+00:00,True
46504252,0x76d5c6a3aba9c82ba10bed3af5850d6a6807719b1e4da857c9180f4bfdbd8aed,0x16b8766e6b52bb0113213ad2d4987ec1e9b99e13,0xe55c7154097f8832be1e3d83d0e7be49c704830e,23326101892177068111158117403380029821171932103636404586665389293169475076267,SELL,749.0,0.604,452.396,2026-05-26 12:17:31+00:00,True
46504252,0x48362166ef370fe2a3978d0d16077f139713db47cc7911a6f13554cfed308092,0x0ec5f85aa1985c1d4113eaf84aff31d9377f3708,0x4eb14aed5077c93f720b98e9c512cdbe757ff3b3,23326101892177068111158117403380029821171932103636404586665389293169475076267,BUY,202.37,0.609,123.24333,2026-05-26 12:17:31+00:00,True
46504254,0xd3de353464e1eba1f7c7ebcdfe13d571f1707e1c0656a7913ee7c7268f1f5886,0x5dd1eb898cb24e00a0575d95afcb4f2d22410f9a,0xeb010bace7dbedb1a20d33f28de070367ccc8e46,23326101892177068111158117403380029821171932103636404586665389293169475076267,SELL,761.0,0.606,461.166,2026-05-26 12:17:35+00:00,True
46504254,0xf49a3a027776469772887f668cf8ab18bcc3d6905db60fa0d2ee4b51af40f58a,0xeb010bace7dbedb1a20d33f28de070367ccc8e46,0x5dd1eb898cb24e00a0575d95afcb4f2d22410f9a,23326101892177068111158117403380029821171932103636404586665389293169475076267,BUY,356.913,0.607,216.646191,2026-05-26 12:17:35+00:00,True
46504257,0xa59faabc4aed8e686092349929cf68bcfee9b415ba5003dd385cf36981fb2c0c,0x467cd02aaf670d67d92f6aaf2bbcf9c2ecc73ba9,0xf007a22e23fa36e641cb3fc5c9d543476f9737ae,23326101892177068111158117403380029821171932103636404586665389293169475076267,BUY,270.126,0.5940000000000001,160.454844,2026-05-26 12:17:41+00:00,True
46504258,0x331853a5f894c9d2b4b751367d517302221831c767e8def78ab0d17a4b20a5d0,0xf2127bcb896968cffd1d2e656c1b0cd5868eaf6d,0x29dd54f3dd1491d1e2bc69944b5983e211f58aaf,23326101892177068111158117403380029821171932103636404586665389293169475076267,SELL,473.0,0.6,283.8,2026-05-26 12:17:43+00:00,True
46504259,0x9a87fb65f0e53add71c42f4a0ed9cd6b0c4d649107d18fd71ecc4d02a6203ff5,0x3e02ca4daf734bca12a033bfff07f2075ee103a8,0x1e945453fcb562c562b72582d7254f58324b764a,23326101892177068111158117403380029821171932103636404586665389293169475076267,BUY,874.693,0.598,523.066414,2026-05-26 12:17:45+00:00,True
46504260,0x1974d11d32b64f804bcb6955659246d6470ade90eaed9392aa1b88d6999660c9,0xc78c9c0ace0e8a3c84d906be1cde374ea9e45962,0xe2867815c595a0b889570f03f01f369b3406470f,23326101892177068111158117403380029821171932103636404586665389293169475076267,SELL,1167.0,0.6000000000000001,700.2,2026-05-26 12:17:47+00:00,True
46504262,0xd1ac223e0b8d13a1d36a208d99c3cfbe225c800b6390c60721524e74b043bad3,0xfa040f8b4f5a81abe71591c14b304ab2db19d5cf,0x20e8f154a877034dd0145b304d90b99bbd8d558d,23326101892177068111158117403380029821171932103636404586665389293169475076267,SELL,870.0,0.599,521.13,2026-05-26 12:17:51+00:00,True
46504263,0xa7f79487f7e3eb9551f1d9ed6ff1769a0a1a2f20225376f5a186bf4ffe5111dc,0x196c747e02635b3de6d3f67580ba62ed482fc864,0x20e8f154a877034dd0145b304d90b99bbd8d558d,23326101892177068111158117403380029821171932103636404586665389293169475076267,BUY,254.866,0.597,152.155002,2026-05-26 12:17:53+00:00,True
46504265,0xe67499fea410d43d3c3e97500e5bcde93ce2fc2e474d4e7f0fe127e3e2f29b66,0x0ec5f85aa1985c1d4113eaf84aff31d9377f3708,0x4eb14aed5077c93f720b98e9c512cdbe757ff3b3,23326101892177068111158117403380029821171932103636404586665389293169475076267,SELL,196.0,0.596,116.816,2026-05-26 12:17:57+00:00,True
46504268,0xe7fbb90b6ec202ed0f1875ec1be15e8c160389e3fc8b95ebd9c6654c698b9696,0xeb010bace7dbedb1a20d33f28de070367ccc8e46,0x5dd1eb898cb24e00a0575d95afcb4f2d22410f9a,23326101892177068111158117403380029821171932103636404586665389293169475076267,SELL,346.0,0.601,207.946,2026-05-26 12:18:03+00:00,True
46504268,0x5bd5624e1cbcc4aa21558cc32867718da2977cf074ededd98c79f7e1ec60d1b9,0x8d6dee7ecf3a4776bcd9dd895e8e23efde4816a4,0x578451b97342c6917b979fff91485cb42e7af9ec,23326101892177068111158117403380029821171932103636404586665389293169475076267,BUY,1087.433,0.627,681.820491,2026-05-26 12:18:03+00:00,True
46504270,0xbf985a15b72d8237b1cd7c308fba9759c489f558b9137e60bd0752140f9b4fd5,0x467cd02aaf670d67d92f6aaf2bbcf9c2ecc73ba9,0xf007a22e23fa36e641cb3fc5c9d543476f9737ae,23326101892177068111158117403380029821171932103636404586665389293169475076267,SELL,262.0,0.626,164.012,2026-05-26 12:18:07+00:00,True
46504271,0x036873bed4859477dc1467c4eb08d5d3f83d0131690a5fec19b5b923b03ba0d3,0xbb6bd94a674260815f9af84cf392b19214b4e023,0x4651f69873f1be6c94890d79e945b80ec9dd4fd3,23326101892177068111158117403380029821171932103636404586665389293169475076267,BUY,699.482,0.624,436.476768,2026-05-26 12:18:09+00:00,True
46504273,0x0be73199f1a2ce88cc9ccfc7480a7788fed3b6c3387ef012de43b2454fb01def,0x3e02ca4daf734bca12a033bfff07f2075ee103a8,0x1e945453fcb562c562b72582d7254f58324b764a,23326101892177068111158117403380029821171932103636404586665389293169475076267,SELL,849.0,0.639,542.511,2026-05-26 12:18:13+00:00,True
46504273,0xa72d9797a7bc129c33e52f8b3c6d34ae8b6fc1d7168b6d00179ce90f30d93614,0xf2127bcb896968cffd1d2e656c1b0cd5868eaf6d,0x29dd54f3dd1491d1e2bc69944b5983e211f58aaf,23326101892177068111158117403380029821171932103636404586665389293169475076267,BUY,1023.432,0.643,658.066776,2026-05-26 12:18:13+00:00,True
46504274,0x2cef18099a8b0c7b989d317dd2e5570c34ed8434f696003a94939e0912b12393,0xea5c69cf7d8b71cd4644d089649f946d9ec30b2a,0x9f997f7c146fbc311aa5c1d0fd01b19b814277a5,23326101892177068111158117403380029821171932103636404586665389293169475076267,SELL,136.0,0.6459999999999999,87.856,2026-05-26 12:18:15+00:00,True
46504276,0x22aa12de4cf7a71d043aa9d87d6e9d7dcc41ef933f823487d0c40ebba608bc20,0x5bf481a94e1fcadf9db3d73b97c4b799272115ce,0xc78c9c0ace0e8a3c84d906be1cde374ea9e45962,23326101892177068111158117403380029821171932103636404586665389293169475076267,SELL,196.0,0.6579999999999999,128.968,2026-05-26 12:18:19+00:00,True
46504277,0xc78a4283523b676ea676a098c3a4ddfd2164d339002ff667b152730ba828af6b,0x46ee7d5fb144f76aac5f9214528f30a91450c501,0x21ea7251a8368ce69c06b81f45f6ff3147feea36,23326101892177068111158117403380029821171932103636404586665389293169475076267,BUY,235.527,0.657,154.741239,2026-05-26 12:18:21+00:00,True
46504279,0x18f863cb2d17dd131ab8c5faebdc3755cb163e3127822f93535f6dfc8fa41f0a,0xf46b6d0c6dd31ac12f260732940f16b41ebd8737,0x97acc627ca2d37320ff1b6daa8d024eccde95336,23326101892177068111158117403380029821171932103636404586665389293169475076267,SELL,705.0,0.656,462.48,2026-05-26 12:18:25+00:00,True
46504280,0xb95b812138edf07aff6ff448360e77af96bd0039c4f2a45311cfa59c988aad0e,0xfcddeea788a40bfd216af7097fbf386282fb6653,0x6fc5910e7227e206cef2ed20737680becaa9d2bd,23326101892177068111158117403380029821171932103636404586665389293169475076267,BUY,304.338,0.6539999999999999,199.037052,2026-05-26 12:18:27+00:00,True
46504281,0x065a2aa750c42c9cc1ba0a45f3da93ee7a6de3ac74b167d714e3d7c8555cb27e,0x16b8766e6b52bb0113213ad2d4987ec1e9b99e13,0xe7c1c5522eda5ae252b0574f7a642ae74f8af3a3,23326101892177068111158117403380029821171932103636404586665389293169475076267,SELL,168.0,0.663,111.384,2026-05-26 12:18:29+00:00,True
46504282,0x447deaeb1b050130abc1a16c8c6145cf7b69f76febb5068d656931eeb0006085,0xf3f56bf1914c904b37fffcef5f13d6343438cf36,0x58085d4b6662bbd2acdd99dffe3c78b8661422ec,23326101892177068111158117403380029821171932103636404586665389293169475076267,BUY,220.892,0.661,146.009612,2026-05-26 12:18:31+00:00,True
46504283,0x196e6ea0336ea299acb7914f4ccd166afb449960de7c9d5fe078bd8565ec1cba,0x77035c0745c7d90ce232ca731b3261d94b70f427,0x51ba3d50c5b80070de3419157fce0eb46afcfa69,23326101892177068111158117403380029821171932103636404586665389293169475076267,BUY,134.45,0.672,90.3504,2026-05-26 12:18:33+00:00,True
46504283,0x404f6f8aa21d6ec3f2b719ec3d66b0c6a39c03ad88eaa5f22864c670a33aeede,0x8d6dee7ecf3a4776bcd9dd895e8e23efde4816a4,0x578451b97342c6917b979fff91485cb42e7af9ec,23326101892177068111158117403380029821171932103636404586665389293169475076267,SELL,1054.0,0.675,711.45,2026-05-26 12:18:33+00:00,True
46504285,0x2f62ad6765b4d35f4500dca8c89ebd25fbe9a2a81f25a7227b14c5019e8bee9b,0xf9e019b835590f11e8b7279141fce5f07320a4c9,0xcf186e0d509c32402f869bafb690286c75d9c2ae,23326101892177068111158117403380029821171932103636404586665389293169475076267,BUY,535.803,0.68,364.34604,2026-05-26 12:18:37+00:00,True
46504289,0x51df557b1b3651cdf359f5906670f21fea6088ba2a3dda41ce5c7011b4a52e57,0x1841444288cc042213741268edae89ab0a0a44f4,0xc4dae4a52f975147b7048222602b5ec9e0947236,23326101892177068111158117403380029821171932103636404586665389293169475076267,SELL,137.0,0.6799999999999999,93.16,2026-05-26 12:18:45+00:00,True
46504289,0xda5549d7599cd8c438c7ef92602dd7128a0cc762621594196723cae209070b9d,0x4651f69873f1be6c94890d79e945b80ec9dd4fd3,0x1d1f3206e671fd2a67c943d93163e6bddfb4262f,23326101892177068111158117403380029821171932103636404586665389293169475076267,BUY,265.511,0.6759999999999999,179.485436,2026-05-26 12:18:45+00:00,True
46504291,0x43cdd15f230d2fa1f16ee367f4e90cc1af7b27bba76b57c0534dafb1771adfca,0xf2127bcb896968cffd1d2e656c1b0cd5868eaf6d,0x29dd54f3dd1491d1e2bc69944b5983e211f58aaf,23326101892177068111158117403380029821171932103636404586665389293169475076267,SELL,993.0,0.678,673.254,2026-05-26 12:18:49+00:00,True
46504291,0xcb29b170c7224a0b5d628f454876a50639fc7d361c2f1e6baa43fe2888c14dd2,0x29dd54f3dd1491d1e2bc69944b5983e211f58aaf,0x696ec0da3a4c332694d66c6941e4383646bfae3f,23326101892177068111158117403380029821171932103636404586665389293169475076267,BUY,933.435,0.679,633.802365,2026-05-26 12:18:49+00:00,True
46504293,0x3efa584495e8568ddab61e99c47fb9b308daf43bb8e8383d69590bbb12492f2a,0x46ee7d5fb144f76aac5f9214528f30a91450c501,0x21ea7251a8368ce69c06b81f45f6ff3147feea36,23326101892177068111158117403380029821171932103636404586665389293169475076267,SELL,229.0,0.685,156.865,2026-05-26 12:18:53+00:00,True
46504293,0xac663440af77e908611c455e7a1248fab49a65c07e9d718bbe457df269d3c3f2,0xcf7d452632551dc67b321a0bad2db0cd0ccf01db,0xc2752b98d8241473addccc6e80c3b2b40b5da901,23326101892177068111158117403380029821171932103636404586665389293169475076267,BUY,593.525,0.688,408.3452,2026-05-26 12:18:53+00:00,True
46504295,0x8b970959deb686201190e8e212848cbbb65282835c0a8ddcd5d830238ad5f651,0x20e8f154a877034dd0145b304d90b99bbd8d558d,0x196c747e02635b3de6d3f67580ba62ed482fc864,23326101892177068111158117403380029821171932103636404586665389293169475076267,SELL,474.0,0.6759999999999999,320.424,2026-05-26 12:18:57+00:00,True
46504295,0xe1efa6c4427ff79a37f9cf2bc9bce7f7e7455a58c0c4105551588545d559f550,0x9c44b10f39e6a07889ed3d821669565fb11409b3,0xfcddeea788a40bfd216af7097fbf386282fb6653,23326101892177068111158117403380029821171932103636404586665389293169475076267,BUY,258.271,0.6799999999999999,175.62428,2026-05-26 12:18:57+00:00,True
46504297,0x62ee8b7845f4617b4a452c88a07854d8f3e5b6748191e2b5b64a7581e03f0c1f,0xf3f56bf1914c904b37fffcef5f13d6343438cf36,0x58085d4b6662bbd2acdd99dffe3c78b8661422ec,23326101892177068111158117403380029821171932103636404586665389293169475076267,SELL,214.0,0.681,145.734,2026-05-26 12:19:01+00:00,True
46504297,0x55b0f9887eff3cc5aa6b8fab2f4d3586adb6a64ebe847d6d18696df54858ca0f,0xfa41cd7c7f68200270349ea2e8d3e847d9314a78,0xc4926ab62d78f3a668bb4fd29ca04c06f8cd9f90,23326101892177068111158117403380029821171932103636404586665389293169475076267,BUY,149.582,0.678,101.416596,2026-05-26 12:19:01+00:00,True
46504297,0x3740c1b764065870b3a3aae07fd6344115ca5c93ae7e602b05ca5911c4a813b0,0x29bc885242f5c3c0bf1ff352598caf9bb503044d,0xd70ceccf2ef3462078984cac81336327707290af,23326101892177068111158117403380029821171932103636404586665389293169475076267,BUY,333.895,0.683,228.050285,2026-05-26 12:19:01+00:00,True
46504299,0x3dafb114861a5f362418c06e281d981f13ed8a1ac7a5e2ee768752a5ad4bc31b,0xf9e019b835590f11e8b7279141fce5f07320a4c9,0xcf186e0d509c32402f869bafb690286c75d9c2ae,23326101892177068111158117403380029821171932103636404586665389293169475076267,SELL,520.0,0.683,355.16,2026-05-26 12:19:05+00:00,True
46504299,0x30698b1ba951676cd1b2c9253b975328448d5e4f963a9c5bdd4d178974e56333,0x15b3176ee08c799b5eaad507127455b832596073,0x578451b97342c6917b979fff91485cb42e7af9ec,23326101892177068111158117403380029821171932103636404586665389293169475076267,BUY,223.603,0.6819999999999999,152.497246,2026-05-26 12:19:05+00:00,True
46504301,0xc4737bbc9441a96319324a3f063210dc0f4fb5621b07ebb3b0feb413e10b3346,0xbb6bd94a674260815f9af84cf392b19214b4e023,0x4651f69873f1be6c94890d79e945b80ec9dd4fd3,23326101892177068111158117403380029821171932103636404586665389293169475076267,SELL,678.0,0.6759999999999999,458.328,2026-05-26 12:19:09+00:00,True
46504301,0xecd4161af3df0fde6ef10a23597e7cea3fc72fba345012e1924208ef54d720ba,0x81801025871ee73ac195edd2ffb4b3353b765e00,0xff3de15715fe508970c31824ddb455cf61e2ed99,23326101892177068111158117403380029821171932103636404586665389293169475076267,BUY,570.113,0.6679999999999999,380.835484,2026-05-26 12:19:09+00:00,True
46504303,0xd01f1b9b75d070adcc7082eb0994f9ae87ed1b809587b3639e9056f3510d1710,0x29dd54f3dd1491d1e2bc69944b5983e211f58aaf,0x696ec0da3a4c332694d66c6941e4383646bfae3f,23326101892177068111158117403380029821171932103636404586665389293169475076267,SELL,905.0,0.6639999999999999,600.92,2026-05-26 12:19:13+00:00,True
46504303,0x30c060bf40108b16c55c854104d1a28bc68481b59d9d447346c5b3a3a2f335ac,0xf2127bcb896968cffd1d2e656c1b0cd5868eaf6d,0x3e02ca4daf734bca12a033bfff07f2075ee103a8,23326101892177068111158117403380029821171932103636404586665389293169475076267,BUY,861.961,0.669,576.651909,2026-05-26 12:19:13+00:00,True
46504305,0x215307b0a2a29e51642355f8d709b5329be761ec09c9e95dab1b38ba880d8ce1,0xcf7d452632551dc67b321a0bad2db0cd0ccf01db,0xc2752b98d8241473addccc6e80c3b2b40b5da901,23326101892177068111158117403380029821171932103636404586665389293169475076267,SELL,575.0,0.661,380.075,2026-05-26 12:19:17+00:00,True
46504307,0x230443b7e18477ae46b2854a8c81b0a0ef3d9c188431752ebac409cf296dcd89,0x6fc5910e7227e206cef2ed20737680becaa9d2bd,0x9c44b10f39e6a07889ed3d821669565fb11409b3,23326101892177068111158117403380029821171932103636404586665389293169475076267,SELL,323.0,0.6609999999999999,213.503,2026-05-26 12:19:21+00:00,True
46504307,0x2b346c2fdd2b705082c0dfc6cdfb0cfc0ec82c5445372bca199a2812df4197fd,0x20e8f154a877034dd0145b304d90b99bbd8d558d,0xfcddeea788a40bfd216af7097fbf386282fb6653,23326101892177068111158117403380029821171932103636404586665389293169475076267,BUY,442.94,0.658,291.45452,2026-05-26 12:19:21+00:00,True
46504309,0xabae0a24cfcdfca3638d8a7662283eb42c4de708ea8ac39e7763e53ac9e368b6,0x29bc885242f5c3c0bf1ff352598caf9bb503044d,0xd70ceccf2ef3462078984cac81336327707290af,23326101892177068111158117403380029821171932103636404586665389293169475076267,SELL,324.0,0.656,212.544,2026-05-26 12:19:25+00:00,True
46504309,0xd2013b9787fbd4328042cea400944ad414a15a6164652a129d039a4caea5fb03,0x0791641813feda20d23f4d7dc6a00643a31880b0,0x191351eec6a09bdae423438edba0f4bf1d95207d,23326101892177068111158117403380029821171932103636404586665389293169475076267,SELL,125.0,0.652,81.5,2026-05-26 12:19:25+00:00,True
46504309,0xf70b5ebb7ff14bc9caa30630a0223879ed348e86417e5226218ebff8682c5f8d,0xd70ceccf2ef3462078984cac81336327707290af,0x23a51a2507f6db2efab5093c08e35e718925dca3,23326101892177068111158117403380029821171932103636404586665389293169475076267,BUY,460.594,0.657,302.610258,2026-05-26 12:19:25+00:00,True
46504311,0x9fe5f3f4b7ffbe5801639cbb19c8e0c82d03d2b950b5672ae23be9b39a28ce8f,0x15b3176ee08c799b5eaad507127455b832596073,0x578451b97342c6917b979fff91485cb42e7af9ec,23326101892177068111158117403380029821171932103636404586665389293169475076267,SELL,217.0,0.656,142.352,2026-05-26 12:19:29+00:00,True
46504315,0xe619780af96b62048a82df6852203ea0a44c5d46d0131159fbcbae86f48a62fd,0xbb6bd94a674260815f9af84cf392b19214b4e023,0x4651f69873f1be6c94890d79e945b80ec9dd4fd3,23326101892177068111158117403380029821171932103636404586665389293169475076267,BUY,361.864,0.656,237.382784,2026-05-26 12:19:37+00:00,True
46504318,0xf812d1dafad9c617e41d83d1202f2c42e5fe7aa8f08ef3af1a2e8c02abeb0f93,0xf2127bcb896968cffd1d2e656c1b0cd5868eaf6d,0x3e02ca4daf734bca12a033bfff07f2075ee103a8,23326101892177068111158117403380029821171932103636404586665389293169475076267,SELL,836.0,0.664,555.104,2026-05-26 12:19:43+00:00,True
46504319,0xcf69fe1cec54bb8e545e4682a7e1ff29ca9f745c4ff39b8280821dfa781e7c4e,0x3e02ca4daf734bca12a033bfff07f2075ee103a8,0x29dd54f3dd1491d1e2bc69944b5983e211f58aaf,23326101892177068111158117403380029821171932103636404586665389293169475076267,BUY,969.578,0.657,637.012746,2026-05-26 12:19:45+00:00,True
46504326,0xe276d754f32b6131d3688a99aeeb674c732b28b5bac51a9fa4711a4b1def79dd,0x20e8f154a877034dd0145b304d90b99bbd8d558d,0xfcddeea788a40bfd216af7097fbf386282fb6653,23326101892177068111158117403380029821171932103636404586665389293169475076267,SELL,443.0,0.662,293.266,2026-05-26 12:19:59+00:00,True
46504326,0x14e067f3cca9351ff037075f0fde617a6ff2a1c221f4b55d95d9794ea764df59,0x97acc627ca2d37320ff1b6daa8d024eccde95336,0x9c44b10f39e6a07889ed3d821669565fb11409b3,23326101892177068111158117403380029821171932103636404586665389293169475076267,BUY,188.908,0.657,124.112556,2026-05-26 12:19:59+00:00,True
46504328,0xe189d9dc6c9b5e9b83c3dfde585216dbb7d0f80387ecffa928ce60ff529c010c,0xd70ceccf2ef3462078984cac81336327707290af,0x23a51a2507f6db2efab5093c08e35e718925dca3,23326101892177068111158117403380029821171932103636404586665389293169475076267,SELL,446.0,0.655,292.13,2026-05-26 12:20:03+00:00,True
46504328,0xe28d361b1c8ae96b69159f17441fbec41aec0d93cfc06741a277dc149168c073,0x23a51a2507f6db2efab5093c08e35e718925dca3,0x0ec5f85aa1985c1d4113eaf84aff31d9377f3708,23326101892177068111158117403380029821171932103636404586665389293169475076267,BUY,348.802,0.6519999999999999,227.418904,2026-05-26 12:20:03+00:00,True
46504330,0x9a2d4b5dbc9bb7a42886329479008b3ef50a7353a56e47724f17045090667fac,0xfc5d6ef1ebdead2a79633dbbeb1392fafee264df,0x8d6dee7ecf3a4776bcd9dd895e8e23efde4816a4,23326101892177068111158117403380029821171932103636404586665389293169475076267,BUY,162.955,0.6619999999999999,107.87621,2026-05-26 12:20:07+00:00,True
46504332,0xff279c38aa31e332e248c4bd54b8aacc33955049e46efaccc65a97a9659e690f,0x81801025871ee73ac195edd2ffb4b3353b765e00,0xff3de15715fe508970c31824ddb455cf61e2ed99,23326101892177068111158117403380029821171932103636404586665389293169475076267,SELL,553.0,0.657,363.321,2026-05-26 12:20:11+00:00,True
46504332,0xb8c63cf111dcade44963c42892c0d645a5fee34df01443a1ab45d954894d5910,0xfad5b1f2d7f59bde91dd7e2c0b170be6101ae97a,0x467cd02aaf670d67d92f6aaf2bbcf9c2ecc73ba9,23326101892177068111158117403380029821171932103636404586665389293169475076267,BUY,232.302,0.652,151.460904,2026-05-26 12:20:11+00:00,True
46504334,0xd5d2f22067a1c4762bcb46a151ca0769ad966d52cc5caa7d294c29ec4f42e686,0x3e02ca4daf734bca12a033bfff07f2075ee103a8,0x29dd54f3dd1491d1e2bc69944b5983e211f58aaf,23326101892177068111158117403380029821171932103636404586665389293169475076267,SELL,940.0,0.657,617.58,2026-05-26 12:20:15+00:00,True
46504334,0x586884780a2952a54e3c381ca675fa26e3e619e1eed3a364a6936ee696252bf9,0x4c7b7f67104195d35b5537348512fe1c1f15d85b,0x696ec0da3a4c332694d66c6941e4383646bfae3f,23326101892177068111158117403380029821171932103636404586665389293169475076267,BUY,556.083,0.655,364.234365,2026-05-26 12:20:15+00:00,True
46504336,0x2cc98ba75b212f31d6080be9f3c1e0dc23fe30c593deec828f2b93666d92428e,0x2a0a7cab60677aaa6706cc0f4ce76665dae69fa3,0x21ea7251a8368ce69c06b81f45f6ff3147feea36,23326101892177068111158117403380029821171932103636404586665389293169475076267,BUY,704.09,0.652,459.06668,2026-05-26 12:20:19+00:00,True
46504336,0xde0e4408a92fc92069f24411506f5c11622d5ebaa08a9a2974c3753a8620584a,0xfa41cd7c7f68200270349ea2e8d3e847d9314a78,0xc4926ab62d78f3a668bb4fd29ca04c06f8cd9f90,23326101892177068111158117403380029821171932103636404586665389293169475076267,SELL,145.0,0.6549999999999999,94.975,2026-05-26 12:20:19+00:00,True
46504338,0x23be657eb3085967c1a4db022e5eefe5ef783188bcc7834f5ec77973c913dcb2,0x97acc627ca2d37320ff1b6daa8d024eccde95336,0x6fc5910e7227e206cef2ed20737680becaa9d2bd,23326101892177068111158117403380029821171932103636404586665389293169475076267,SELL,295.0,0.659,194.405,2026-05-26 12:20:23+00:00,True
46504341,0xe2448cf738f4d1fb5d0a66e10d9a95fcee5ceed5c9f028704513bce33f72c466,0xf46b6d0c6dd31ac12f260732940f16b41ebd8737,0x196c747e02635b3de6d3f67580ba62ed482fc864,23326101892177068111158117403380029821171932103636404586665389293169475076267,BUY,225.032,0.655,147.39596,2026-05-26 12:20:29+00:00,True
46504342,0x14613aa288c5444b0871ebc90a614aecb709ac44655922f8862941351622f79e,0x23a51a2507f6db2efab5093c08e35e718925dca3,0x0ec5f85aa1985c1d4113eaf84aff31d9377f3708,23326101892177068111158117403380029821171932103636404586665389293169475076267,SELL,339.0,0.663,224.757,2026-05-26 12:20:31+00:00,True
46504343,0x11113d3c34dd58864480f227a5925680c949776490825c3b27ebc8dbfaaec44d,0x0ec5f85aa1985c1d4113eaf84aff31d9377f3708,0xd70ceccf2ef3462078984cac81336327707290af,23326101892177068111158117403380029821171932103636404586665389293169475076267,BUY,894.232,0.663,592.875816,2026-05-26 12:20:33+00:00,True
46504345,0xcd655e1d22ef500b4349c27683f5a2b924e5323df66a7db14f75b22edf59caed,0xfc5d6ef1ebdead2a79633dbbeb1392fafee264df,0x8d6dee7ecf3a4776bcd9dd895e8e23efde4816a4,23326101892177068111158117403380029821171932103636404586665389293169475076267,SELL,158.0,0.658,103.964,2026-05-26 12:20:37+00:00,True
46504345,0x4f343b14aca2a7c775515d9395ed7c744af0d08feb6b1e5adf9ba69c5944fc7f,0x8d6dee7ecf3a4776bcd9dd895e8e23efde4816a4,0xf9e019b835590f11e8b7279141fce5f07320a4c9,23326101892177068111158117403380029821171932103636404586665389293169475076267,BUY,848.686,0.6599999999999999,560.13276,2026-05-26 12:20:37+00:00,True
46504347,0xa891e3d751db7ceb29b4048570f978cc4770e2d27a6bd89d91bb28cb557b7f0f,0xbb6bd94a674260815f9af84cf392b19214b4e023,0x4651f69873f1be6c94890d79e945b80ec9dd4fd3,23326101892177068111158117403380029821171932103636404586665389293169475076267,SELL,351.0,0.663,232.713,2026-05-26 12:20:41+00:00,True
46504347,0x59ee61189559f84b3f083a4ec2e7f3c4d2fd36e92da204e7b7effada437a13d5,0xff3de15715fe508970c31824ddb455cf61e2ed99,0x81801025871ee73ac195edd2ffb4b3353b765e00,23326101892177068111158117403380029821171932103636404586665389293169475076267,BUY,936.995,0.6639999999999999,622.16468,2026-05-26 12:20:41+00:00,True
46504349,0xc6f6d5882dc378c906cdd364239d40b282adbe3b8ee08261b00c2f4a6c7a42a7,0x4c7b7f67104195d35b5537348512fe1c1f15d85b,0x696ec0da3a4c332694d66c6941e4383646bfae3f,23326101892177068111158117403380029821171932103636404586665389293169475076267,SELL,539.0,0.657,354.123,2026-05-26 12:20:45+00:00,True
46504350,0xdb37ce61e08babf39e3cffe0679718c792f2f564e9b7463a611379fcd378958b,0xf2127bcb896968cffd1d2e656c1b0cd5868eaf6d,0x4c7b7f67104195d35b5537348512fe1c1f15d85b,23326101892177068111158117403380029821171932103636404586665389293169475076267,BUY,177.164,0.662,117.282568,2026-05-26 12:20:47+00:00,True
46504350,0x8e8a38e051aecb6e65aad04206ea49c7b79e10b0cb4923fbaa2e6360808cc82a,0xb5b66a7af26744f0431a37eb7772a6f50f174e0e,0x0791641813feda20d23f4d7dc6a00643a31880b0,23326101892177068111158117403380029821171932103636404586665389293169475076267,BUY,126.467,0.662,83.721154,2026-05-26 12:20:47+00:00,True
46504351,0x8a7bb8587051b65d258750971614cb8c95abb22a2dd00b8c373fc4b99c4610a6,0x2a0a7cab60677aaa6706cc0f4ce76665dae69fa3,0x21ea7251a8368ce69c06b81f45f6ff3147feea36,23326101892177068111158117403380029821171932103636404586665389293169475076267,SELL,683.0,0.658,449.414,2026-05-26 12:20:49+00:00,True
46504352,0x7a492551c3086d25a2d36b5fe6891695a75ce52176051fdeb9a731ef09abbd14,0x21ea7251a8368ce69c06b81f45f6ff3147feea36,0xcf7d452632551dc67b321a0bad2db0cd0ccf01db,23326101892177068111158117403380029821171932103636404586665389293169475076267,BUY,1100.185,0.658,723.92173,2026-05-26 12:20:51+00:00,True
46504353,0x2dd6d1fd7aba26af787a8c7d3ce579f3a4330ae839062795df3a51e99f12ba2a,0xfcddeea788a40bfd216af7097fbf386282fb6653,0x196c747e02635b3de6d3f67580ba62ed482fc864,23326101892177068111158117403380029821171932103636404586665389293169475076267,SELL,327.0,0.667,218.109,2026-05-26 12:20:53+00:00,True
46504354,0x845c4063dac4018ddda99e71eac2efd1e3819aa87b64004894ce008fd185ea84,0x20e8f154a877034dd0145b304d90b99bbd8d558d,0xfcddeea788a40bfd216af7097fbf386282fb6653,23326101892177068111158117403380029821171932103636404586665389293169475076267,BUY,446.738,0.669,298.867722,2026-05-26 12:20:55+00:00,True
46504356,0xc105b899fed046d5ce565e161fb1a6a4250efe0873e27df70a49279c832ee9df,0x0ec5f85aa1985c1d4113eaf84aff31d9377f3708,0xd70ceccf2ef3462078984cac81336327707290af,23326101892177068111158117403380029821171932103636404586665389293169475076267,SELL,867.0,0.6709999999999999,581.757,2026-05-26 12:20:59+00:00,True
46504357,0x3b99be2bd01d9bcd15b93a397e27aae9b65166c6bde69a53e71faea79514dfb3,0xf3f56bf1914c904b37fffcef5f13d6343438cf36,0x29bc885242f5c3c0bf1ff352598caf9bb503044d,23326101892177068111158117403380029821171932103636404586665389293169475076267,BUY,440.541,0.668,294.281388,2026-05-26 12:21:01+00:00,True
46504359,0x95bdfd67371a52fe761af51876551c3e7d33ce0c15ca2fc40819fef9f388fcad,0x8d6dee7ecf3a4776bcd9dd895e8e23efde4816a4,0xf9e019b835590f11e8b7279141fce5f07320a4c9,23326101892177068111158117403380029821171932103636404586665389293169475076267,SELL,823.0,0.6699999999999999,551.41,2026-05-26 12:21:05+00:00,True
46504359,0x7eaa3c47dbd39cca9312f4f479b5fc3e2be66ccb59cdb6ccccad067fb97f423b,0x5dd1eb898cb24e00a0575d95afcb4f2d22410f9a,0x8d6dee7ecf3a4776bcd9dd895e8e23efde4816a4,23326101892177068111158117403380029821171932103636404586665389293169475076267,BUY,534.902,0.669,357.849438,2026-05-26 12:21:05+00:00,True
46504361,0xc6ac054489a2c021271f54906522465415054e6dca19725e7719317eb4b3c0c0,0x7a9813714db9f2042cf7bdea4421c954d79243e6,0x106f90adb6ec8eacd2dffbfb1ca937bf8dc16bac,23326101892177068111158117403380029821171932103636404586665389293169475076267,BUY,662.312,0.664,439.775168,2026-05-26 12:21:09+00:00,True
46504362,0x24a486b8e1ceffa3d6dc994d9f1f4322724118c8e28468f5d014dcc43618e3e1,0x77035c0745c7d90ce232ca731b3261d94b70f427,0x51ba3d50c5b80070de3419157fce0eb46afcfa69,23326101892177068111158117403380029821171932103636404586665389293169475076267,SELL,130.0,0.674,87.62,2026-05-26 12:21:11+00:00,True
46504363,0x6072cdd713b121ba380917385f9bf97c7dd693b4acbb330cd82efffa7a88fab8,0x1e945453fcb562c562b72582d7254f58324b764a,0xf2127bcb896968cffd1d2e656c1b0cd5868eaf6d,23326101892177068111158117403380029821171932103636404586665389293169475076267,SELL,459.0,0.687,315.333,2026-05-26 12:21:13+00:00,True
46504364,0xd271a02089dcbd1b42443875b052e0ec713e5920301c2321f53dee0866f8c7f6,0x5aa76047cafc5650dceac42089f3590538cc8550,0xd6c696526a2f64cfdf08341ee819bf127b9135a1,23326101892177068111158117403380029821171932103636404586665389293169475076267,BUY,242.974,0.684,166.194216,2026-05-26 12:21:15+00:00,True
46504365,0x88b81d492e71e5389824fc22bbbcd8876fdb4e1fcf7cca1ac2cbe7bdd672624b,0x21ea7251a8368ce69c06b81f45f6ff3147feea36,0xcf7d452632551dc67b321a0bad2db0cd0ccf01db,23326101892177068111158117403380029821171932103636404586665389293169475076267,SELL,1067.0,0.6869999999999999,733.029,2026-05-26 12:21:17+00:00,True
46504366,0x1c5141e633fa1c50db5ad39c3c07a82bcd1edce470776564ba250403507a036e,0xcf7d452632551dc67b321a0bad2db0cd0ccf01db,0x2a0a7cab60677aaa6706cc0f4ce76665dae69fa3,23326101892177068111158117403380029821171932103636404586665389293169475076267,BUY,361.729,0.666,240.911514,2026-05-26 12:21:19+00:00,True
46504367,0x5b6ba21097a0d31f3466409a1fa69467e6b92fecf99fcbe236a488d31c60a1d2,0x20e8f154a877034dd0145b304d90b99bbd8d558d,0xfcddeea788a40bfd216af7097fbf386282fb6653,23326101892177068111158117403380029821171932103636404586665389293169475076267,SELL,446.0,0.667,297.482,2026-05-26 12:21:21+00:00,True
46504368,0x314754625a725c9ca0dee921530222e903d4ed85d27cb77b035e3f8529850820,0xfcddeea788a40bfd216af7097fbf386282fb6653,0x9c44b10f39e6a07889ed3d821669565fb11409b3,23326101892177068111158117403380029821171932103636404586665389293169475076267,BUY,205.302,0.669,137.347038,2026-05-26 12:21:23+00:00,True
46504369,0x9f290b3d703202e041b181aec1e73fb6602a6caa4ed52c6ef1683430788fb9c5,0x305512f530792f0815c1ff12d6dfed2901dd5273,0xc4dae4a52f975147b7048222602b5ec9e0947236,23326101892177068111158117403380029821171932103636404586665389293169475076267,BUY,132.613,0.67,88.85071,2026-05-26 12:21:25+00:00,True
46504369,0xdf70b54c84c034130dbf138319ddcdc248f6118ad94809b1bdd9f074e1efc8a2,0xf3f56bf1914c904b37fffcef5f13d6343438cf36,0x29bc885242f5c3c0bf1ff352598caf9bb503044d,23326101892177068111158117403380029821171932103636404586665389293169475076267,SELL,427.0,0.677,289.079,2026-05-26 12:21:25+00:00,True
46504370,0x74eece9c03cd3a7efb63164b8099cf25124d1f4f5c2157c99cb4214b50aad48e,0xd70ceccf2ef3462078984cac81336327707290af,0xf3f56bf1914c904b37fffcef5f13d6343438cf36,23326101892177068111158117403380029821171932103636404586665389293169475076267,BUY,257.712,0.671,172.924752,2026-05-26 12:21:27+00:00,True
46504371,0x4fd1693448b9fb946968df9a41f952d28dfa73dbd1d25987b776e6c9ba9e4deb,0x5dd1eb898cb24e00a0575d95afcb4f2d22410f9a,0x8d6dee7ecf3a4776bcd9dd895e8e23efde4816a4,23326101892177068111158117403380029821171932103636404586665389293169475076267,SELL,519.0,0.6759999999999999,350.844,2026-05-26 12:21:29+00:00,True
46504372,0xe74cdd1b2eadc6becbde6b7164bc6b1240370aff5f20efa5e4ce120c0feff0bb,0xeb010bace7dbedb1a20d33f28de070367ccc8e46,0x578c31a7a005b03cdd8b23671dd58d5310fcc8c1,23326101892177068111158117403380029821171932103636404586665389293169475076267,BUY,802.351,0.672,539.179872,2026-05-26 12:21:31+00:00,True
46504373,0x0bd407bdacbbc18ce1ff5230aba6a33147dfa847e4b49fb76d9998879718e3e9,0xff3de15715fe508970c31824ddb455cf61e2ed99,0x81801025871ee73ac195edd2ffb4b3353b765e00,23326101892177068111158117403380029821171932103636404586665389293169475076267,SELL,908.0,0.67,608.36,2026-05-26 12:21:33+00:00,True
46504374,0x428d95a7745da0956440a08bb7250948b8f37b1e471e33bbce9f83daedb887f8,0xf007a22e23fa36e641cb3fc5c9d543476f9737ae,0xff3de15715fe508970c31824ddb455cf61e2ed99,23326101892177068111158117403380029821171932103636404586665389293169475076267,BUY,224.249,0.6739999999999999,151.143826,2026-05-26 12:21:35+00:00,True
46504375,0xc4d3f1d388634eff26c99a92761c39ea443d35351454daf0f01010de3fa1d4f5,0xf2127bcb896968cffd1d2e656c1b0cd5868eaf6d,0xd6c696526a2f64cfdf08341ee819bf127b9135a1,23326101892177068111158117403380029821171932103636404586665389293169475076267,SELL,236.0,0.6459999999999999,152.456,2026-05-26 12:21:37+00:00,True
46504375,0xdc76d574b55fcc8e61d52ec5c6e07119e982f493086220c2d84c8fbbf9951857,0x5d5df741182561e9e2e3e1a143082daacff3795a,0x29dd54f3dd1491d1e2bc69944b5983e211f58aaf,23326101892177068111158117403380029821171932103636404586665389293169475076267,BUY,414.626,0.6520000000000001,270.336152,2026-05-26 12:21:37+00:00,True
46504377,0x406cb41416eac8684b3cf97dda29964d6eb19148e5e826db4361492f5fce2053,0xcf7d452632551dc67b321a0bad2db0cd0ccf01db,0x2a0a7cab60677aaa6706cc0f4ce76665dae69fa3,23326101892177068111158117403380029821171932103636404586665389293169475076267,SELL,350.0,0.653,228.55,2026-05-26 12:21:41+00:00,True
46504378,0xc170b291194c3dd024cb6208220b4e3775111342f7ad3f0171db60a6adbea9b5,0xcab263f601d7d58ebd4544c3701d2d5c2f7f477c,0xc78c9c0ace0e8a3c84d906be1cde374ea9e45962,23326101892177068111158117403380029821171932103636404586665389293169475076267,BUY,1132.049,0.652,738.095948,2026-05-26 12:21:43+00:00,True
46504382,0x40ca40a97e5f934cd6cd83567fec6d1cbc1d122b7c057184d3e0797f3c30d230,0xf46b6d0c6dd31ac12f260732940f16b41ebd8737,0x9c44b10f39e6a07889ed3d821669565fb11409b3,23326101892177068111158117403380029821171932103636404586665389293169475076267,SELL,278.0,0.654,181.812,2026-05-26 12:21:51+00:00,True
46504383,0x812e9e39d1193a00c158a1b1248b3af00b2b3787c65440b01fb8eba38b430693,0xd70ceccf2ef3462078984cac81336327707290af,0xf3f56bf1914c904b37fffcef5f13d6343438cf36,23326101892177068111158117403380029821171932103636404586665389293169475076267,SELL,281.0,0.66,185.46,2026-05-26 12:21:53+00:00,True
46504384,0xaea16910251ac7b3395cc27837708b01e5be7e37bc3858db2f388ca5f945ea53,0x23a51a2507f6db2efab5093c08e35e718925dca3,0xe55c7154097f8832be1e3d83d0e7be49c704830e,23326101892177068111158117403380029821171932103636404586665389293169475076267,BUY,582.208,0.664,386.586112,2026-05-26 12:21:55+00:00,True
46504385,0x3a7100fcfa8aaea27cc008eb1cc5b1438542a4f3b08835929c04e2ba0539e64d,0xeb010bace7dbedb1a20d33f28de070367ccc8e46,0x578c31a7a005b03cdd8b23671dd58d5310fcc8c1,23326101892177068111158117403380029821171932103636404586665389293169475076267,SELL,778.0,0.6629999999999999,515.814,2026-05-26 12:21:57+00:00,True
46504386,0x5a17da31a0f0a32ba95726c468cded3dfd89d04d886b9fde5b6242c9c66d20be,0x578451b97342c6917b979fff91485cb42e7af9ec,0xeb010bace7dbedb1a20d33f28de070367ccc8e46,23326101892177068111158117403380029821171932103636404586665389293169475076267,BUY,604.006,0.659,398.039954,2026-05-26 12:21:59+00:00,True
46504387,0x9ca6a2510e04bf2c14c52271786c29d9c0121383eb868b61bfd075a48f617cd6,0x7a9813714db9f2042cf7bdea4421c954d79243e6,0x106f90adb6ec8eacd2dffbfb1ca937bf8dc16bac,23326101892177068111158117403380029821171932103636404586665389293169475076267,SELL,642.0,0.66,423.72,2026-05-26 12:22:01+00:00,True
46504392,0xcc4cc0afa6c148c7953c40d177085fac49e5d7d126677460f35eb66fa066b8a3,0x106f90adb6ec8eacd2dffbfb1ca937bf8dc16bac,0x1d1f3206e671fd2a67c943d93163e6bddfb4262f,23326101892177068111158117403380029821171932103636404586665389293169475076267,BUY,216.955,0.66,143.1903,2026-05-26 12:22:11+00:00,True
46504395,0x89336830c1731dc5def812fd69ba86d518a3baf98b82e03310da5d062b1eef4c,0x5d5df741182561e9e2e3e1a143082daacff3795a,0x29dd54f3dd1491d1e2bc69944b5983e211f58aaf,23326101892177068111158117403380029821171932103636404586665389293169475076267,SELL,402.0,0.655,263.31,2026-05-26 12:22:17+00:00,True
46504395,0x98fe49bb6f9bb3a975145f226d3a8b99d54eba0748e12e1f8d8cb6149b6ecf13,0xb5deb57cb0b1910c37e0d5494124ab01e7307b43,0xe6ea72d7371368ac060c00947cd4db70d51a81b5,23326101892177068111158117403380029821171932103636404586665389293169475076267,BUY,100.0,0.653,65.3,2026-05-26 12:22:17+00:00,False
46504395,0x35f0031fc78a778d0b2ea7ef484c78a06a45f02c8c90d48205a8a320627ce49c,0xf2127bcb896968cffd1d2e656c1b0cd5868eaf6d,0x5d5df741182561e9e2e3e1a143082daacff3795a,23326101892177068111158117403380029821171932103636404586665389293169475076267,BUY,400.068,0.647,258.843996,2026-05-26 12:22:17+00:00,True
46504397,0x2c65bdd12b3a02c8e8dc2b08cd700594206d88365936eb40611efa9d792b5c63,0xb5b66a7af26744f0431a37eb7772a6f50f174e0e,0x0791641813feda20d23f4d7dc6a00643a31880b0,23326101892177068111158117403380029821171932103636404586665389293169475076267,SELL,123.0,0.6539999999999999,80.442,2026-05-26 12:22:21+00:00,True
46504397,0x28d54ab4cfccd5ed1f1ff2d63bd7a57b978a8073db183ce745b16d558bafd05b,0x7116b11588a6e204b5ed94fd7c2c5020578dd83c,0xe2867815c595a0b889570f03f01f369b3406470f,23326101892177068111158117403380029821171932103636404586665389293169475076267,BUY,167.609,0.654,109.616286,2026-05-26 12:22:21+00:00,True
46504401,0xa2dbcc44ab2a44910fa3720450585666c12bab6dee50897ed19c498008547e83,0x6fc5910e7227e206cef2ed20737680becaa9d2bd,0xfa040f8b4f5a81abe71591c14b304ab2db19d5cf,23326101892177068111158117403380029821171932103636404586665389293169475076267,BUY,791.989,0.658,521.128762,2026-05-26 12:22:29+00:00,True
46504403,0xc0682c8684702d7e2b85fb848768e42ecabedf8824e40c87eac3c138f229e726,0x23a51a2507f6db2efab5093c08e35e718925dca3,0xe55c7154097f8832be1e3d83d0e7be49c704830e,23326101892177068111158117403380029821171932103636404586665389293169475076267,SELL,565.0,0.6589999999999999,372.335,2026-05-26 12:22:33+00:00,True
46504403,0x1594d056a673840d7357d4795f6ef8da383f20e2e68f0dbded49ba71a8fa9cba,0xf3f56bf1914c904b37fffcef5f13d6343438cf36,0xe7c1c5522eda5ae252b0574f7a642ae74f8af3a3,23326101892177068111158117403380029821171932103636404586665389293169475076267,BUY,183.991,0.6639999999999999,122.170024,2026-05-26 12:22:33+00:00,True
46504407,0xbf9976e8a6b0c37e5e5222e90fd89d140c9bb61bde9a85dabc6693c6061f4b24,0x578451b97342c6917b979fff91485cb42e7af9ec,0xeb010bace7dbedb1a20d33f28de070367ccc8e46,23326101892177068111158117403380029821171932103636404586665389293169475076267,SELL,586.0,0.661,387.346,2026-05-26 12:22:41+00:00,True
46504409,0x71b435d679d256f011d9be8af727c1f631b7e623f6ede6476a7ca7823e57e927,0x4651f69873f1be6c94890d79e945b80ec9dd4fd3,0x1d1f3206e671fd2a67c943d93163e6bddfb4262f,23326101892177068111158117403380029821171932103636404586665389293169475076267,SELL,329.0,0.661,217.469,2026-05-26 12:22:45+00:00,True
46504410,0xd688f67a30cbed23c69fe4b8b39b4f3ba452fee36f78abc95c090178d7858b2a,0xa6ca7bae9aa52bc783c11cfbabb241e3bc361947,0x51ba3d50c5b80070de3419157fce0eb46afcfa69,23326101892177068111158117403380029821171932103636404586665389293169475076267,BUY,143.126,0.66,94.46316,2026-05-26 12:22:47+00:00,True
46504410,0xc9b7c997cfc4867cf035a71acb48ca94103a79193c4a85872a405cb6d580762c,0x81801025871ee73ac195edd2ffb4b3353b765e00,0xbb6bd94a674260815f9af84cf392b19214b4e023,23326101892177068111158117403380029821171932103636404586665389293169475076267,BUY,243.276,0.6559999999999999,159.589056,2026-05-26 12:22:47+00:00,True
46504411,0x4c37517a81b5e3758c7d7f0809df70f62540866b451810ccc655dfa1488fd646,0xf2127bcb896968cffd1d2e656c1b0cd5868eaf6d,0x5d5df741182561e9e2e3e1a143082daacff3795a,23326101892177068111158117403380029821171932103636404586665389293169475076267,SELL,388.0,0.6549999999999999,254.14,2026-05-26 12:22:49+00:00,True
46504412,0x61a612206fa0e2362ffa6609c0ef0125de55be5c9c2842ff12b025f7ec26e720,0x1e945453fcb562c562b72582d7254f58324b764a,0xf32b50d6526d4741629461ce436bf7a79fb8e188,23326101892177068111158117403380029821171932103636404586665389293169475076267,BUY,638.345,0.661,421.946045,2026-05-26 12:22:51+00:00,True
46504414,0x53042e62a1c48edb5dc47716a3fead907bf7bd149023cb01e84e53545f0dcc17,0xcab263f601d7d58ebd4544c3701d2d5c2f7f477c,0xc78c9c0ace0e8a3c84d906be1cde374ea9e45962,23326101892177068111158117403380029821171932103636404586665389293169475076267,SELL,1099.0,0.66,725.34,2026-05-26 12:22:55+00:00,True
46504414,0xee8103664abc7b2ace80bd89f506240bf255b41f2214117b4a8417ab3f9dc329,0x46ee7d5fb144f76aac5f9214528f30a91450c501,0xc2752b98d8241473addccc6e80c3b2b40b5da901,23326101892177068111158117403380029821171932103636404586665389293169475076267,BUY,446.444,0.6559999999999999,292.867264,2026-05-26 12:22:55+00:00,True
46504416,0xc1c3a9e7e6c4975e6afeb077c3e42aac357e3b302c13f50f6293c515fe60a50a,0x6fc5910e7227e206cef2ed20737680becaa9d2bd,0xfa040f8b4f5a81abe71591c14b304ab2db19d5cf,23326101892177068111158117403380029821171932103636404586665389293169475076267,SELL,768.0,0.663,509.184,2026-05-26 12:22:59+00:00,True
46504416,0x16579de02caac60ea87548cc97f7e3083f96c01606bb251e35ac1ca32d843b7d,0x305512f530792f0815c1ff12d6dfed2901dd5273,0xc4dae4a52f975147b7048222602b5ec9e0947236,23326101892177068111158117403380029821171932103636404586665389293169475076267,SELL,128.0,0.657,84.096,2026-05-26 12:22:59+00:00,True
46504416,0x0a53e94304aa9667e9dc83e53e147e57b5259070978cca1cdf214336133e649a,0xfa040f8b4f5a81abe71591c14b304ab2db19d5cf,0x6fc5910e7227e206cef2ed20737680becaa9d2bd,23326101892177068111158117403380029821171932103636404586665389293169475076267,BUY,431.389,0.6589999999999999,284.285351,2026-05-26 12:22:59+00:00,True
46504417,0x3310179fb06b809c937704650bb9b36cf535e06855139f8750d30775501d1eae,0x1841444288cc042213741268edae89ab0a0a44f4,0x305512f530792f0815c1ff12d6dfed2901dd5273,23326101892177068111158117403380029821171932103636404586665389293169475076267,BUY,124.061,0.656,81.384016,2026-05-26 12:23:01+00:00,True
46504418,0x0450a6168540b35f01568aff88da15c824a4898e1421c042be84041f157ba62f,0xf3f56bf1914c904b37fffcef5f13d6343438cf36,0xe7c1c5522eda5ae252b0574f7a642ae74f8af3a3,23326101892177068111158117403380029821171932103636404586665389293169475076267,SELL,179.0,0.663,118.677,2026-05-26 12:23:03+00:00,True
46504418,0xc36ee0c7fbe31275cc65dbc33b0a9fa34c016bff0a1e743be152e35be6699c3c,0xe7c1c5522eda5ae252b0574f7a642ae74f8af3a3,0x58085d4b6662bbd2acdd99dffe3c78b8661422ec,23326101892177068111158117403380029821171932103636404586665389293169475076267,BUY,202.701,0.664,134.593464,2026-05-26 12:23:03+00:00,True
46504421,0x62bb75e976403f1d15f9e06338f314b68b6d8de8b61b7a460d2159bc7e32d6fc,0x578c31a7a005b03cdd8b23671dd58d5310fcc8c1,0xeb010bace7dbedb1a20d33f28de070367ccc8e46,23326101892177068111158117403380029821171932103636404586665389293169475076267,BUY,313.775,0.655,205.522625,2026-05-26 12:23:09+00:00,True
46504423,0x76696036b9605990723fcaabc0e03755711ce2363c1587e6c1920b64469ac9fd,0x81801025871ee73ac195edd2ffb4b3353b765e00,0xbb6bd94a674260815f9af84cf392b19214b4e023,23326101892177068111158117403380029821171932103636404586665389293169475076267,SELL,236.0,0.661,155.996,2026-05-26 12:23:13+00:00,True
46504423,0xfbe3e741d8ed5a8e4a83a8da372d542139dc070ba213b592c25c2e7235582988,0x467cd02aaf670d67d92f6aaf2bbcf9c2ecc73ba9,0xff3de15715fe508970c31824ddb455cf61e2ed99,23326101892177068111158117403380029821171932103636404586665389293169475076267,BUY,438.648,0.6629999999999999,290.823624,2026-05-26 12:23:13+00:00,True
46504425,0x7529af528926be90bc4656b1c162127ceaf783a92784527827e6d2cac8f45e53,0x1e945453fcb562c562b72582d7254f58324b764a,0xf32b50d6526d4741629461ce436bf7a79fb8e188,23326101892177068111158117403380029821171932103636404586665389293169475076267,SELL,619.0,0.664,411.016,2026-05-26 12:23:17+00:00,True
46504425,0xc84d2b7372e37203df99cc59b698b0258429c75cec1e16d4c449627a302c8b86,0xd6c696526a2f64cfdf08341ee819bf127b9135a1,0x3e02ca4daf734bca12a033bfff07f2075ee103a8,23326101892177068111158117403380029821171932103636404586665389293169475076267,BUY,174.343,0.656,114.369008,2026-05-26 12:23:17+00:00,True
46504427,0x196ab1d56509bbdee9a9de8cc619bcb6c607ad82e78c81a7fb3e37f8a62b7aa7,0x46ee7d5fb144f76aac5f9214528f30a91450c501,0xc2752b98d8241473addccc6e80c3b2b40b5da901,23326101892177068111158117403380029821171932103636404586665389293169475076267,SELL,433.0,0.665,287.945,2026-05-26 12:23:21+00:00,True
46504427,0x79c3b3f4715a893db61666649f959dde862db9223837a74822bd5f6f7feabb43,0xe2867815c595a0b889570f03f01f369b3406470f,0x2a0a7cab60677aaa6706cc0f4ce76665dae69fa3,23326101892177068111158117403380029821171932103636404586665389293169475076267,BUY,361.505,0.665,240.400825,2026-05-26 12:23:21+00:00,True
46504429,0xc2b95752c2d636da1f1b936fb78f58ebabac81d6bda5fea1adef3f974025eec0,0xfa040f8b4f5a81abe71591c14b304ab2db19d5cf,0x6fc5910e7227e206cef2ed20737680becaa9d2bd,23326101892177068111158117403380029821171932103636404586665389293169475076267,SELL,419.0,0.667,279.473,2026-05-26 12:23:25+00:00,True
46504429,0xdcedf2925ab8d305dbfd3beffd322b803e9e38ec546d136c4a43560383b9fc62,0xd3abc6684aae3c47b44ecad5f8ce43ad578b861c,0x196c747e02635b3de6d3f67580ba62ed482fc864,23326101892177068111158117403380029821171932103636404586665389293169475076267,BUY,539.286,0.666,359.164476,2026-05-26 12:23:25+00:00,True
46504431,0x6fff7ec2c22b5e9e3a7bf56253f6a9e8e20e1d92d542825103836257c744bb87,0xe90312437def98daccd661e2756f260361d42da4,0x888635c2c0193371e22c7362083adf19f30b0b3b,23326101892177068111158117403380029821171932103636404586665389293169475076267,BUY,125.138,0.6689999999999999,83.717322,2026-05-26 12:23:29+00:00,True
46504431,0x9ba235f113e8a3577460108e36f026ef55fe3cccaedff68850114b8a900a2534,0x29bc885242f5c3c0bf1ff352598caf9bb503044d,0xe7c1c5522eda5ae252b0574f7a642ae74f8af3a3,23326101892177068111158117403380029821171932103636404586665389293169475076267,BUY,169.297,0.667,112.921099,2026-05-26 12:23:29+00:00,True
46504433,0x02e7dc94a8522e801af9d6561b75ef46237b0c42df978b1bb213f2f6a5c90fea,0xeb010bace7dbedb1a20d33f28de070367ccc8e46,0xfc5d6ef1ebdead2a79633dbbeb1392fafee264df,23326101892177068111158117403380029821171932103636404586665389293169475076267,BUY,578.678,0.664,384.242192,2026-05-26 12:23:33+00:00,True
46504436,0x97abe6ed7a321b6af09c60ac9e17eb8d4532f30a827465649a050ee5d3a400c6,0x467cd02aaf670d67d92f6aaf2bbcf9c2ecc73ba9,0xff3de15715fe508970c31824ddb455cf61e2ed99,23326101892177068111158117403380029821171932103636404586665389293169475076267,SELL,446.0,0.662,295.252,2026-05-26 12:23:39+00:00,True
46504436,0xa2499523a396db46a7c803a4f5ceacbbf05cb2059908c2376b19391701ff59a8,0x4651f69873f1be6c94890d79e945b80ec9dd4fd3,0xf007a22e23fa36e641cb3fc5c9d543476f9737ae,23326101892177068111158117403380029821171932103636404586665389293169475076267,BUY,449.325,0.6769999999999999,304.193025,2026-05-26 12:23:39+00:00,True
46504438,0x6dea98b03ba879bf1c51ab45b1e2571225897c55cde29015a12bab97e6d0464d,0x4c7b7f67104195d35b5537348512fe1c1f15d85b,0x5aa76047cafc5650dceac42089f3590538cc8550,23326101892177068111158117403380029821171932103636404586665389293169475076267,BUY,675.994,0.682,461.027908,2026-05-26 12:23:43+00:00,True
46504440,0x1bb313cab62730f62b8cd98d07105a73446543814db9dfb55dee147e3f27d2bc,0xe2867815c595a0b889570f03f01f369b3406470f,0x2a0a7cab60677aaa6706cc0f4ce76665dae69fa3,23326101892177068111158117403380029821171932103636404586665389293169475076267,SELL,351.0,0.7100000000000001,249.21,2026-05-26 12:23:47+00:00,True
46504444,0x18a9bb446afe00105344a92a21efc329174345872ae30dba433bfe5db6733010,0xfcddeea788a40bfd216af7097fbf386282fb6653,0x6fc5910e7227e206cef2ed20737680becaa9d2bd,23326101892177068111158117403380029821171932103636404586665389293169475076267,BUY,203.276,0.716,145.545616,2026-05-26 12:23:55+00:00,True
46504447,0x3f2852ca03a185e2c49372dc6de4a47ff4f4212b0466349cbf228658f006b67c,0xf3f56bf1914c904b37fffcef5f13d6343438cf36,0x4eb14aed5077c93f720b98e9c512cdbe757ff3b3,23326101892177068111158117403380029821171932103636404586665389293169475076267,BUY,491.479,0.716,351.898964,2026-05-26 12:24:01+00:00,True
46504449,0x681efa855385fb2faa5bf713919a53b963dfeea766b533c3f4bd15b465ba5155,0xa6ca7bae9aa52bc783c11cfbabb241e3bc361947,0x51ba3d50c5b80070de3419157fce0eb46afcfa69,23326101892177068111158117403380029821171932103636404586665389293169475076267,SELL,139.0,0.736,102.304,2026-05-26 12:24:05+00:00,True
46504449,0x9d15666544022df94e876e618f0a3998bef6cada628abdbdc5d0adfc169bdaa1,0xeb010bace7dbedb1a20d33f28de070367ccc8e46,0xfc5d6ef1ebdead2a79633dbbeb1392fafee264df,23326101892177068111158117403380029821171932103636404586665389293169475076267,SELL,561.0,0.738,414.018,2026-05-26 12:24:05+00:00,True
46504450,0x4ba73d0a10df80643a9fd915938df454a78c6b7cef0c44c1f4fb085247d7c0ac,0xfc5d6ef1ebdead2a79633dbbeb1392fafee264df,0x15b3176ee08c799b5eaad507127455b832596073,23326101892177068111158117403380029821171932103636404586665389293169475076267,BUY,465.005,0.736,342.24368,2026-05-26 12:24:07+00:00,True
46504452,0xaa0c2e234d05a78639dc3b4fc935d8d41e5f2ff8af94827211a6a0de5910e102,0x7a9813714db9f2042cf7bdea4421c954d79243e6,0x81801025871ee73ac195edd2ffb4b3353b765e00,23326101892177068111158117403380029821171932103636404586665389293169475076267,BUY,539.375,0.736,396.98,2026-05-26 12:24:11+00:00,True
46504455,0xfdebab6ce2c9d0efd331664a6ee7543c195cb982a5c6c979bf6277f4e993b1dd,0x4c7b7f67104195d35b5537348512fe1c1f15d85b,0x5aa76047cafc5650dceac42089f3590538cc8550,23326101892177068111158117403380029821171932103636404586665389293169475076267,SELL,655.0,0.73,478.15,2026-05-26 12:24:17+00:00,True
46504455,0x814b4e8b03729e2b551bfb3d96649e5332b47d69ec0ffb37706d2471f50a335d,0x1841444288cc042213741268edae89ab0a0a44f4,0x305512f530792f0815c1ff12d6dfed2901dd5273,23326101892177068111158117403380029821171932103636404586665389293169475076267,SELL,120.0,0.728,87.36,2026-05-26 12:24:17+00:00,True
46504456,0xcc4956e2c558a87396889eefafd7f1c3adc02158af0da639e57250a09a7ff2f8,0xc4dae4a52f975147b7048222602b5ec9e0947236,0x93a0a3600e0bfb1bf482d9a43e002c1206c3435d,23326101892177068111158117403380029821171932103636404586665389293169475076267,BUY,131.29,0.7320000000000001,96.10428,2026-05-26 12:24:19+00:00,True
46504457,0xf5fac34a5bbb9689982bb4f9ed6b28198986d7370ddbbd6da398d0408c0b18a9,0x7116b11588a6e204b5ed94fd7c2c5020578dd83c,0xe2867815c595a0b889570f03f01f369b3406470f,23326101892177068111158117403380029821171932103636404586665389293169475076267,SELL,162.0,0.732,118.584,2026-05-26 12:24:21+00:00,True
46504457,0x2298257efb9046673254bde7468d1d308a310100d6e0d2dcaee09f38fd25b3e3,0xc2752b98d8241473addccc6e80c3b2b40b5da901,0xc78c9c0ace0e8a3c84d906be1cde374ea9e45962,23326101892177068111158117403380029821171932103636404586665389293169475076267,BUY,328.433,0.743,244.025719,2026-05-26 12:24:21+00:00,True
46504459,0x48a262ff2b1944713324026e16e5702fad1d1f109c224d4066f1c556bd8bc207,0xd3abc6684aae3c47b44ecad5f8ce43ad578b861c,0x196c747e02635b3de6d3f67580ba62ed482fc864,23326101892177068111158117403380029821171932103636404586665389293169475076267,SELL,539.0,0.741,399.399,2026-05-26 12:24:25+00:00,True
46504460,0xf53644b044b68c73dd352d0f3ede35ee13c991128e9da01bb59a18d442c4de6b,0xf3f56bf1914c904b37fffcef5f13d6343438cf36,0x4eb14aed5077c93f720b98e9c512cdbe757ff3b3,23326101892177068111158117403380029821171932103636404586665389293169475076267,SELL,477.0,0.752,358.704,2026-05-26 12:24:27+00:00,True
46504461,0xda978fde9da39c38fc888ee7c1351742456f17002f75b384612f1f091fad7ce0,0x58085d4b6662bbd2acdd99dffe3c78b8661422ec,0x23a51a2507f6db2efab5093c08e35e718925dca3,23326101892177068111158117403380029821171932103636404586665389293169475076267,BUY,193.808,0.7460000000000001,144.580768,2026-05-26 12:24:29+00:00,True
46504462,0xf2dbc6e2a41a66cb7ce28e14bc910303a915c5a0bcf9313cb793c4171d039cec,0xa38510261297a9a3d519d36c6566dae7065c4ff4,0xc70b8ea6483ad00d24b48f96ae157b096becfe7d,23326101892177068111158117403380029821171932103636404586665389293169475076267,BUY,147.8,0.7459999999999999,110.2588,2026-05-26 12:24:31+00:00,True
46504463,0xed8c4866c7c2f3bd6b3d91105f451ae7baf405da66990faa5e704b648c555734,0xfc5d6ef1ebdead2a79633dbbeb1392fafee264df,0x15b3176ee08c799b5eaad507127455b832596073,23326101892177068111158117403380029821171932103636404586665389293169475076267,SELL,451.0,0.748,337.348,2026-05-26 12:24:33+00:00,True
46504464,0xb7f3c35469ccd1e0412c0aeb55098e87a8cb913c2bcb47039cb7eeb55a47723a,0xeb010bace7dbedb1a20d33f28de070367ccc8e46,0xcf186e0d509c32402f869bafb690286c75d9c2ae,23326101892177068111158117403380029821171932103636404586665389293169475076267,BUY,182.063,0.748,136.183124,2026-05-26 12:24:35+00:00,True
46504465,0xf965946aac4be92a3316923f2d6edd95a5d4f265e7fdba413e5ba0bc42c2d435,0x7a9813714db9f2042cf7bdea4421c954d79243e6,0x81801025871ee73ac195edd2ffb4b3353b765e00,23326101892177068111158117403380029821171932103636404586665389293169475076267,SELL,524.0,0.748,391.952,2026-05-26 12:24:37+00:00,True
46504466,0xdfd3a220aecd4bf105529ac17db673d60b951320ecbcd9160d5d0f0abf5256ec,0x81801025871ee73ac195edd2ffb4b3353b765e00,0x467cd02aaf670d67d92f6aaf2bbcf9c2ecc73ba9,23326101892177068111158117403380029821171932103636404586665389293169475076267,BUY,922.643,0.739,681.833177,2026-05-26 12:24:39+00:00,True
46504470,0x23043a3989f16ab0c159d3eed13563fdc6eb126cafb63428a296138187bb2447,0xe90312437def98daccd661e2756f260361d42da4,0x888635c2c0193371e22c7362083adf19f30b0b3b,23326101892177068111158117403380029821171932103636404586665389293169475076267,SELL,121.0,0.748,90.508,2026-05-26 12:24:47+00:00,True
46504471,0x3998dd2d38c635ea8ae725e5c94d3580df8c6611691fe74383fb434670424d30,0x24098eb6e196a8b94b42bd46fdcbf507af651df6,0x03502e2b26a9c4f16d0da5f988c055282eb870e2,23326101892177068111158117403380029821171932103636404586665389293169475076267,BUY,129.441,0.7539999999999999,97.598514,2026-05-26 12:24:49+00:00,True
46504471,0xc60ecd79087cace0d3d4ea4beb34f72dd8336d939c18849d7d714aef4b214790,0x5aa76047cafc5650dceac42089f3590538cc8550,0x4c7b7f67104195d35b5537348512fe1c1f15d85b,23326101892177068111158117403380029821171932103636404586665389293169475076267,SELL,171.0,0.753,128.763,2026-05-26 12:24:49+00:00,True
46504473,0x1bcfb2bc1db75f6dd0ce80e791d2591c379d99548df56b062c79862aa1cb21ad,0xc2752b98d8241473addccc6e80c3b2b40b5da901,0xc78c9c0ace0e8a3c84d906be1cde374ea9e45962,23326101892177068111158117403380029821171932103636404586665389293169475076267,SELL,318.0,0.755,240.09,2026-05-26 12:24:53+00:00,True
46504474,0xf13b6f2ad03f5ac0445277bf3324382652ee948c192acd73fb6e9c3f84160a18,0xcab263f601d7d58ebd4544c3701d2d5c2f7f477c,0x21ea7251a8368ce69c06b81f45f6ff3147feea36,23326101892177068111158117403380029821171932103636404586665389293169475076267,BUY,1388.42,0.749,1039.92658,2026-05-26 12:24:55+00:00,True
46504475,0xfb0f735173868351c502e5e41740313ce802360d2fc68d7ed0c217fa4c16a9c5,0xfcddeea788a40bfd216af7097fbf386282fb6653,0x20e8f154a877034dd0145b304d90b99bbd8d558d,23326101892177068111158117403380029821171932103636404586665389293169475076267,SELL,247.0,0.744,183.768,2026-05-26 12:24:57+00:00,True
46504480,0x09d7afa70f32bf030f192a9dc688d34d5f775ceae683a67965c5a069f9a1adb3,0xe7c1c5522eda5ae252b0574f7a642ae74f8af3a3,0x58085d4b6662bbd2acdd99dffe3c78b8661422ec,23326101892177068111158117403380029821171932103636404586665389293169475076267,SELL,197.0,0.74,145.78,2026-05-26 12:25:07+00:00,True
46504480,0x127161ac1503385b580bc79fb17800c9737aa614baae4d28aa777b5646d38460,0x0ec5f85aa1985c1d4113eaf84aff31d9377f3708,0x29bc885242f5c3c0bf1ff352598caf9bb503044d,23326101892177068111158117403380029821171932103636404586665389293169475076267,BUY,271.861,0.7380000000000001,200.633418,2026-05-26 12:25:07+00:00,True
46504482,0xcd9e13fb877d73d344f1acd13596fb6fb922c139808986be6f96c9b3dc560eb5,0x578c31a7a005b03cdd8b23671dd58d5310fcc8c1,0xeb010bace7dbedb1a20d33f28de070367ccc8e46,23326101892177068111158117403380029821171932103636404586665389293169475076267,SELL,305.0,0.738,225.09,2026-05-26 12:25:11+00:00,True
46504482,0xb5ad2f5fa4d6f3fc0ee7125b6659747d839878a6ec4c8dd8d500b271f155a913,0xf9e019b835590f11e8b7279141fce5f07320a4c9,0x578451b97342c6917b979fff91485cb42e7af9ec,23326101892177068111158117403380029821171932103636404586665389293169475076267,BUY,182.248,0.7430000000000001,135.410264,2026-05-26 12:25:11+00:00,True
46504484,0xf130f8815e60951e440ad99bf820f3ab2c7553bcd41def8968c103bb1a66fd9e,0x81801025871ee73ac195edd2ffb4b3353b765e00,0x467cd02aaf670d67d92f6aaf2bbcf9c2ecc73ba9,23326101892177068111158117403380029821171932103636404586665389293169475076267,SELL,968.0,0.739,715.352,2026-05-26 12:25:15+00:00,True
46504485,0x51fb7f40b13f02ecd935dc7b5c938ff6010481754fc7496be620dbf9a4eac1be,0xf007a22e23fa36e641cb3fc5c9d543476f9737ae,0x106f90adb6ec8eacd2dffbfb1ca937bf8dc16bac,23326101892177068111158117403380029821171932103636404586665389293169475076267,BUY,185.147,0.738,136.638486,2026-05-26 12:25:17+00:00,True
46504486,0x671d88c8ace6404e6b6cc5b172bd4c35a1a8989ab5fb866c9385c57bf457ac46,0xd6c696526a2f64cfdf08341ee819bf127b9135a1,0x3e02ca4daf734bca12a033bfff07f2075ee103a8,23326101892177068111158117403380029821171932103636404586665389293169475076267,SELL,169.0,0.742,125.398,2026-05-26 12:25:19+00:00,True
46504487,0x8c92a299741b16dd7b4a90d1caf814883fd76b4ce84d270fb5a54fba32a39f60,0x29dd54f3dd1491d1e2bc69944b5983e211f58aaf,0xf2127bcb896968cffd1d2e656c1b0cd5868eaf6d,23326101892177068111158117403380029821171932103636404586665389293169475076267,BUY,633.627,0.7450000000000001,472.052115,2026-05-26 12:25:21+00:00,True
46504488,0xf29e15719075e697d31c6a076f531289fd0300a3986a327161d84809be2a14cd,0xcab263f601d7d58ebd4544c3701d2d5c2f7f477c,0x21ea7251a8368ce69c06b81f45f6ff3147feea36,23326101892177068111158117403380029821171932103636404586665389293169475076267,SELL,1346.0,0.741,997.386,2026-05-26 12:25:23+00:00,True
46504489,0xc4d47af6604c29ba77b42b72f08d6d477c6a0ce09000aea0065330bf50b84bdf,0x7116b11588a6e204b5ed94fd7c2c5020578dd83c,0x46ee7d5fb144f76aac5f9214528f30a91450c501,23326101892177068111158117403380029821171932103636404586665389293169475076267,BUY,257.036,0.744,191.234784,2026-05-26 12:25:25+00:00,True
46504490,0x0bac96305f77ae57e36460a8a6c7548285cae13920aceb9375da63af7edfc77a,0x9c44b10f39e6a07889ed3d821669565fb11409b3,0xfcddeea788a40bfd216af7097fbf386282fb6653,23326101892177068111158117403380029821171932103636404586665389293169475076267,SELL,224.0,0.741,165.984,2026-05-26 12:25:27+00:00,True
46504491,0x5a3d3795e7b691fc1139f530b676f5f52be649e627e9f05da4f04f9cba06599c,0xfa040f8b4f5a81abe71591c14b304ab2db19d5cf,0x196c747e02635b3de6d3f67580ba62ed482fc864,23326101892177068111158117403380029821171932103636404586665389293169475076267,BUY,652.456,0.746,486.732176,2026-05-26 12:25:29+00:00,True
46504491,0x7364b51236c5165f70e0f350ecf929223c260c25670cf17f3f77b8aa0c4adac4,0x6d4500900a402d39c3b954dbb01d2f41b363973f,0x77035c0745c7d90ce232ca731b3261d94b70f427,23326101892177068111158117403380029821171932103636404586665389293169475076267,BUY,125.337,0.745,93.376065,2026-05-26 12:25:29+00:00,True
46504496,0xe1df96118957fdb9e12ec321c4ac3ae1f3d635676c525e26f340c514d851c7af,0x0ec5f85aa1985c1d4113eaf84aff31d9377f3708,0x29bc885242f5c3c0bf1ff352598caf9bb503044d,23326101892177068111158117403380029821171932103636404586665389293169475076267,SELL,264.0,0.751,198.264,2026-05-26 12:25:39+00:00,True
46504497,0x6262b9f04ae06c753120d60d268d3f343f780a00fa1a24b9f374e635d0fca2ea,0xc4dae4a52f975147b7048222602b5ec9e0947236,0x93a0a3600e0bfb1bf482d9a43e002c1206c3435d,23326101892177068111158117403380029821171932103636404586665389293169475076267,SELL,127.0,0.751,95.377,2026-05-26 12:25:41+00:00,True
46504499,0x962d319c033b9a3e7e1486dd03ce48950e860ded6c8046127cd9db7663689f79,0xeb010bace7dbedb1a20d33f28de070367ccc8e46,0x578451b97342c6917b979fff91485cb42e7af9ec,23326101892177068111158117403380029821171932103636404586665389293169475076267,SELL,177.0,0.7629999999999999,135.051,2026-05-26 12:25:45+00:00,True
46504499,0xf4f5ac80a3cebaf63b98e64522250c785accbc26d2f5c6bfe2b2cbf36a4fe5e4,0xddde391c2544b526c7481543e577dad6423edede,0x5dd1eb898cb24e00a0575d95afcb4f2d22410f9a,23326101892177068111158117403380029821171932103636404586665389293169475076267,BUY,557.138,0.7629999999999999,425.096294,2026-05-26 12:25:45+00:00,True
46504501,0xc1343b7e0a3a65eb0345f0b9afcdad4c8d1cdae0f8c7a62e6f52e73174f7a5ea,0x1d1f3206e671fd2a67c943d93163e6bddfb4262f,0xbb6bd94a674260815f9af84cf392b19214b4e023,23326101892177068111158117403380029821171932103636404586665389293169475076267,BUY,214.299,0.7559999999999999,162.010044,2026-05-26 12:25:49+00:00,True
46504503,0xe77cc9082e5fc21cbd110e64001a10fbc920264b17e9119aa68b52a9111570f3,0xa38510261297a9a3d519d36c6566dae7065c4ff4,0xc70b8ea6483ad00d24b48f96ae157b096becfe7d,23326101892177068111158117403380029821171932103636404586665389293169475076267,SELL,143.0,0.7609999999999999,108.823,2026-05-26 12:25:53+00:00,True
46504506,0x62cb7af64bfc2d0ac4a630e141260a9bbda934cf32fd8953e5432db0cda7b0c6,0x29dd54f3dd1491d1e2bc69944b5983e211f58aaf,0xf2127bcb896968cffd1d2e656c1b0cd5868eaf6d,23326101892177068111158117403380029821171932103636404586665389293169475076267,SELL,615.0,0.751,461.865,2026-05-26 12:25:59+00:00,True
46504507,0x385f87e150cf021dfa550314d1372837086ab64412f17426af0d66ab3b83ea80,0x1e945453fcb562c562b72582d7254f58324b764a,0x29dd54f3dd1491d1e2bc69944b5983e211f58aaf,23326101892177068111158117403380029821171932103636404586665389293169475076267,BUY,256.018,0.75,192.0135,2026-05-26 12:26:01+00:00,True
46504508,0xb64720a27bca30913c3879d499ed6f00aee5d04098a6a949ed8740082ec5a460,0x7116b11588a6e204b5ed94fd7c2c5020578dd83c,0x46ee7d5fb144f76aac5f9214528f30a91450c501,23326101892177068111158117403380029821171932103636404586665389293169475076267,SELL,249.0,0.755,187.995,2026-05-26 12:26:03+00:00,True
46504509,0x643843d06b10e96cb33e4f39a5177e59c31d499bb3518b6b0427d87dfe0459b3,0xcf7d452632551dc67b321a0bad2db0cd0ccf01db,0x7116b11588a6e204b5ed94fd7c2c5020578dd83c,23326101892177068111158117403380029821171932103636404586665389293169475076267,BUY,253.984,0.7579999999999999,192.519872,2026-05-26 12:26:05+00:00,True
46504510,0x9e1f28ed18fc69ba92f61b484c600cd9cab2534e5c3075896d6b88c4707687e9,0x24098eb6e196a8b94b42bd46fdcbf507af651df6,0x03502e2b26a9c4f16d0da5f988c055282eb870e2,23326101892177068111158117403380029821171932103636404586665389293169475076267,SELL,126.0,0.751,94.626,2026-05-26 12:26:07+00:00,True
46504510,0xb9d74a8e3fd2bcda269f9b2e49a5b5a7edca91d96518d77025735e629c058858,0xfa040f8b4f5a81abe71591c14b304ab2db19d5cf,0x196c747e02635b3de6d3f67580ba62ed482fc864,23326101892177068111158117403380029821171932103636404586665389293169475076267,SELL,637.0,0.758,482.846,2026-05-26 12:26:07+00:00,True
46504511,0x9b971b980d225b730e644d240e5541b547b13dec8b0c8f97932b2e7539880b54,0x6fc5910e7227e206cef2ed20737680becaa9d2bd,0x9c44b10f39e6a07889ed3d821669565fb11409b3,23326101892177068111158117403380029821171932103636404586665389293169475076267,BUY,349.401,0.761,265.894161,2026-05-26 12:26:09+00:00,True
46504511,0xa425a7edb12446c8fc69cd0fac5185b591ae20cd5b43b637b2b4f0f4060071fd,0x599870cc3752511dad8eca6980e861bcca53c768,0xbb5370334f2a3eeef4c419fb57a0b24bca3cf263,23326101892177068111158117403380029821171932103636404586665389293169475076267,BUY,126.953,0.763,96.865139,2026-05-26 12:26:09+00:00,True
46504513,0x208f10f57b28d4133c92734e51e5af85f563207380b9ba35385513fa4ad7a39b,0x58085d4b6662bbd2acdd99dffe3c78b8661422ec,0x23a51a2507f6db2efab5093c08e35e718925dca3,23326101892177068111158117403380029821171932103636404586665389293169475076267,SELL,188.0,0.759,142.692,2026-05-26 12:26:13+00:00,True
46504513,0x05bbfcb71847a8b43607ddcb848771335a50d611b09435f487e974ecc7845fde,0xd70ceccf2ef3462078984cac81336327707290af,0x16b8766e6b52bb0113213ad2d4987ec1e9b99e13,23326101892177068111158117403380029821171932103636404586665389293169475076267,BUY,1127.891,0.7639999999999999,861.708724,2026-05-26 12:26:13+00:00,True
46504515,0x776c0b3e47f158583422b9f1e5696ec027528f914b513dc76680ecb53410168d,0xddde391c2544b526c7481543e577dad6423edede,0x5dd1eb898cb24e00a0575d95afcb4f2d22410f9a,23326101892177068111158117403380029821171932103636404586665389293169475076267,SELL,540.0,0.758,409.32,2026-05-26 12:26:17+00:00,True
46504517,0x1e1d17787137947ce15da13a3027d87795c0303f047c42d159d7e91e0d67e496,0x4651f69873f1be6c94890d79e945b80ec9dd4fd3,0xf007a22e23fa36e641cb3fc5c9d543476f9737ae,23326101892177068111158117403380029821171932103636404586665389293169475076267,SELL,436.0,0.753,328.308,2026-05-26 12:26:21+00:00,True
46504517,0x7cf9bc33b13b90074002508735134fd096bb211e0acb31fa4df14085689625f9,0xbb7e70cf7874379fc4f91ceb2bd3160b98c5da16,0xb5b66a7af26744f0431a37eb7772a6f50f174e0e,23326101892177068111158117403380029821171932103636404586665389293169475076267,BUY,128.219,0.7570000000000001,97.061783,2026-05-26 12:26:21+00:00,True
46504518,0xe85127b4c728dd770096182b168a484fdac4576ac4aa9c1ac3c6c18fd3158f12,0x106f90adb6ec8eacd2dffbfb1ca937bf8dc16bac,0x1d1f3206e671fd2a67c943d93163e6bddfb4262f,23326101892177068111158117403380029821171932103636404586665389293169475076267,BUY,234.004,0.759,177.609036,2026-05-26 12:26:23+00:00,True
46504519,0xd3dcd75e63129608a7bd3fac60abad52a06e2a1d83fe543132fe15c2fe588699,0x1e945453fcb562c562b72582d7254f58324b764a,0x29dd54f3dd1491d1e2bc69944b5983e211f58aaf,23326101892177068111158117403380029821171932103636404586665389293169475076267,SELL,249.0,0.762,189.738,2026-05-26 12:26:25+00:00,True
46504520,0x589b274fd4dfda9dbbb4a07e7fa1e9551efe5b989eea80556a434d58ba88392f,0x5aa76047cafc5650dceac42089f3590538cc8550,0x1e945453fcb562c562b72582d7254f58324b764a,23326101892177068111158117403380029821171932103636404586665389293169475076267,BUY,316.925,0.758,240.22915,2026-05-26 12:26:27+00:00,True
46504522,0x87e4b70edeabe87b99e298fcf241e852e329079ad7185768095fde2e3904312f,0xc2752b98d8241473addccc6e80c3b2b40b5da901,0x21ea7251a8368ce69c06b81f45f6ff3147feea36,23326101892177068111158117403380029821171932103636404586665389293169475076267,BUY,508.875,0.758,385.72725,2026-05-26 12:26:31+00:00,True
46504528,0x7985046cbb4c811257e4ead90ec41a1b5a2ae774cc20487127a32b646bb3d219,0xfa040f8b4f5a81abe71591c14b304ab2db19d5cf,0x97acc627ca2d37320ff1b6daa8d024eccde95336,23326101892177068111158117403380029821171932103636404586665389293169475076267,BUY,545.71,0.74,403.8254,2026-05-26 12:26:43+00:00,True
46504529,0xd87779ec1f6d019042eb4bb4ebba6b4ebc1b091392f1d788c3954390e4c2cdd6,0x6d4500900a402d39c3b954dbb01d2f41b363973f,0x77035c0745c7d90ce232ca731b3261d94b70f427,23326101892177068111158117403380029821171932103636404586665389293169475076267,SELL,121.0,0.738,89.298,2026-05-26 12:26:45+00:00,True
46504529,0xa4a674abc388705ea852509e743d57317a35ca3b409033c3700e812ebd53de11,0xd70ceccf2ef3462078984cac81336327707290af,0x16b8766e6b52bb0113213ad2d4987ec1e9b99e13,23326101892177068111158117403380029821171932103636404586665389293169475076267,SELL,1094.0,0.733,801.902,2026-05-26 12:26:45+00:00,True
46504530,0xb6e95e30c0631cc5c76f02aa2b5859975c9cc9d411e332c81c08ea717180b127,0xe55c7154097f8832be1e3d83d0e7be49c704830e,0x29bc885242f5c3c0bf1ff352598caf9bb503044d,23326101892177068111158117403380029821171932103636404586665389293169475076267,BUY,171.649,0.728,124.960472,2026-05-26 12:26:47+00:00,True
46504532,0xc05a709d1713f75beab298346dd48bdb18d4a53efb5c0e221a87e99891fc3dd0,0xf9e019b835590f11e8b7279141fce5f07320a4c9,0xcf186e0d509c32402f869bafb690286c75d9c2ae,23326101892177068111158117403380029821171932103636404586665389293169475076267,SELL,176.0,0.73,128.48,2026-05-26 12:26:51+00:00,True
46504532,0x132df425d61682b358c55c15ea700eab2b49178a094dbcb584d6a632988a23d7,0xcf186e0d509c32402f869bafb690286c75d9c2ae,0xeb010bace7dbedb1a20d33f28de070367ccc8e46,23326101892177068111158117403380029821171932103636404586665389293169475076267,BUY,567.189,0.732,415.182348,2026-05-26 12:26:51+00:00,True
46504534,0x23519ec9e932ce9d6d0f603f28b005b44354bf198fb751bf385fd672066e9cab,0x106f90adb6ec8eacd2dffbfb1ca937bf8dc16bac,0x1d1f3206e671fd2a67c943d93163e6bddfb4262f,23326101892177068111158117403380029821171932103636404586665389293169475076267,SELL,366.0,0.732,267.912,2026-05-26 12:26:55+00:00,True
46504534,0xdb79d6683bc94048356381094719648aa2f851baa55ea8dbede9409f384d4f8a,0xff3de15715fe508970c31824ddb455cf61e2ed99,0x7a9813714db9f2042cf7bdea4421c954d79243e6,23326101892177068111158117403380029821171932103636404586665389293169475076267,BUY,777.049,0.732,568.799868,2026-05-26 12:26:55+00:00,True
46504536,0xf08b90bfcc7a67d4ef5ce837505a623e5876309aaaac0edffe1d51a8a53ff037,0x4c7b7f67104195d35b5537348512fe1c1f15d85b,0x3e02ca4daf734bca12a033bfff07f2075ee103a8,23326101892177068111158117403380029821171932103636404586665389293169475076267,BUY,744.407,0.731,544.161517,2026-05-26 12:26:59+00:00,True
46504538,0xcbded44de5a4925fea2c1b1a9586aadfb0a5a41807b73a1f29166aa113060ce3,0xc2752b98d8241473addccc6e80c3b2b40b5da901,0x21ea7251a8368ce69c06b81f45f6ff3147feea36,23326101892177068111158117403380029821171932103636404586665389293169475076267,SELL,494.0,0.731,361.114,2026-05-26 12:27:03+00:00,True
46504538,0xf76a2e0c445ff26e8db12a3cc94d01ac302f6442f4de742a103c3bbca5a00972,0x7116b11588a6e204b5ed94fd7c2c5020578dd83c,0xe2867815c595a0b889570f03f01f369b3406470f,23326101892177068111158117403380029821171932103636404586665389293169475076267,BUY,187.707,0.727,136.462989,2026-05-26 12:27:03+00:00,True
46504540,0x48d9c7cf99a2cd6dde98961627c0b3cfd77890d40d4499408c5d5ca6da473b96,0xfa040f8b4f5a81abe71591c14b304ab2db19d5cf,0x97acc627ca2d37320ff1b6daa8d024eccde95336,23326101892177068111158117403380029821171932103636404586665389293169475076267,SELL,530.0,0.7220000000000001,382.66,2026-05-26 12:27:07+00:00,True
46504540,0xed98cdc7cb346c37ae4d00342ffdef493dab5e8e14c3828cd7c457559cf83854,0xf46b6d0c6dd31ac12f260732940f16b41ebd8737,0xfa040f8b4f5a81abe71591c14b304ab2db19d5cf,23326101892177068111158117403380029821171932103636404586665389293169475076267,BUY,546.681,0.7259999999999999,396.890406,2026-05-26 12:27:07+00:00,True
46504542,0xace146afa03b9dbfedcf17972ccf944c004e854b86ce4f2d0d6644ac7709fde6,0xe55c7154097f8832be1e3d83d0e7be49c704830e,0x29bc885242f5c3c0bf1ff352598caf9bb503044d,23326101892177068111158117403380029821171932103636404586665389293169475076267,SELL,166.0,0.724,120.184,2026-05-26 12:27:11+00:00,True
46504542,0x72ca9d5d7eba1125cf2baf5ef83d056eba4465e6c7e678979fed929c39e2ea76,0xe7c1c5522eda5ae252b0574f7a642ae74f8af3a3,0x23a51a2507f6db2efab5093c08e35e718925dca3,23326101892177068111158117403380029821171932103636404586665389293169475076267,BUY,199.865,0.723,144.502395,2026-05-26 12:27:11+00:00,True
46504542,0xd084d573a8122ffbbabaf6d651697b3d7aa2e8bdbbe342fcb535e8a2173abcfd,0xc70b8ea6483ad00d24b48f96ae157b096becfe7d,0x2488df29756354c1a334e767325266bfe7b1ef22,23326101892177068111158117403380029821171932103636404586665389293169475076267,BUY,140.749,0.726,102.183774,2026-05-26 12:27:11+00:00,True
46504544,0x62bb8925b8cb496c5fa2345de630825bd819c2c0ac6653d3caae1bccffc14b8d,0xcf186e0d509c32402f869bafb690286c75d9c2ae,0xeb010bace7dbedb1a20d33f28de070367ccc8e46,23326101892177068111158117403380029821171932103636404586665389293169475076267,SELL,550.0,0.726,399.3,2026-05-26 12:27:15+00:00,True
46504545,0x4596f9d56becdc1f280fdde8033b493ec7f845a53030cfb0ba4224526f5874e8,0x578c31a7a005b03cdd8b23671dd58d5310fcc8c1,0x8d6dee7ecf3a4776bcd9dd895e8e23efde4816a4,23326101892177068111158117403380029821171932103636404586665389293169475076267,BUY,933.907,0.73,681.75211,2026-05-26 12:27:17+00:00,True
46504546,0x731cecad810b03758715538de8b49bd7100de9b8fe8f56b6b7c9952d4b3d47cd,0xff3de15715fe508970c31824ddb455cf61e2ed99,0x7a9813714db9f2042cf7bdea4421c954d79243e6,23326101892177068111158117403380029821171932103636404586665389293169475076267,SELL,754.0,0.731,551.174,2026-05-26 12:27:19+00:00,True
46504548,0x1d68395c75d573885856c96cfc164b9f293f9044ef04ff2c5d9e2af401c6b944,0x599870cc3752511dad8eca6980e861bcca53c768,0xbb5370334f2a3eeef4c419fb57a0b24bca3cf263,23326101892177068111158117403380029821171932103636404586665389293169475076267,SELL,123.0,0.723,88.929,2026-05-26 12:27:23+00:00,True
46504549,0x7c878e3bc57735ada58a7fcef4afc75280f2aa05e92a50b359218884b2b36963,0x4c7b7f67104195d35b5537348512fe1c1f15d85b,0x3e02ca4daf734bca12a033bfff07f2075ee103a8,23326101892177068111158117403380029821171932103636404586665389293169475076267,SELL,722.0,0.727,524.894,2026-05-26 12:27:25+00:00,True
46504549,0xe751ff744373bdedae59a780fde742d4b64f84157ce733792e20c5ca807025fb,0x696ec0da3a4c332694d66c6941e4383646bfae3f,0x4c7b7f67104195d35b5537348512fe1c1f15d85b,23326101892177068111158117403380029821171932103636404586665389293169475076267,BUY,224.033,0.726,162.647958,2026-05-26 12:27:25+00:00,True
46504551,0x69987b8d89adf6f6d3e9b58723b3f307c35c7ecce8d6a96e5f5c928b8626ecb3,0xcf7d452632551dc67b321a0bad2db0cd0ccf01db,0x7116b11588a6e204b5ed94fd7c2c5020578dd83c,23326101892177068111158117403380029821171932103636404586665389293169475076267,SELL,246.0,0.7300000000000001,179.58,2026-05-26 12:27:29+00:00,True
46504551,0x287b560b771953a252cbc575c47f57edaf5371e67b9628a66a1cb0083bd54e7a,0xe2867815c595a0b889570f03f01f369b3406470f,0xcf7d452632551dc67b321a0bad2db0cd0ccf01db,23326101892177068111158117403380029821171932103636404586665389293169475076267,BUY,775.475,0.728,564.5458,2026-05-26 12:27:29+00:00,True
46504553,0x32266ef98d9d684341cee89ca98de264d9449a2eb1e7c25cf304df0bc7b6a78f,0xfa040f8b4f5a81abe71591c14b304ab2db19d5cf,0x20e8f154a877034dd0145b304d90b99bbd8d558d,23326101892177068111158117403380029821171932103636404586665389293169475076267,BUY,345.548,0.73,252.25004,2026-05-26 12:27:33+00:00,True
46504555,0x92a50dce21020588d81fa0405f7176510a382a37e226a9aefe1af28edb752546,0xe7c1c5522eda5ae252b0574f7a642ae74f8af3a3,0x23a51a2507f6db2efab5093c08e35e718925dca3,23326101892177068111158117403380029821171932103636404586665389293169475076267,SELL,194.0,0.733,142.202,2026-05-26 12:27:37+00:00,True
46504555,0x4e0b41f607725745d55b6192de1016879c3a7f953b62be8c146c6974fa71a404,0xbb7e70cf7874379fc4f91ceb2bd3160b98c5da16,0xb5b66a7af26744f0431a37eb7772a6f50f174e0e,23326101892177068111158117403380029821171932103636404586665389293169475076267,SELL,124.0,0.733,90.892,2026-05-26 12:27:37+00:00,True
46504564,0x63c1358ab25c116c41a4a939440917ee64f625ff00668dfd237546693a7de655,0xff3de15715fe508970c31824ddb455cf61e2ed99,0x1d1f3206e671fd2a67c943d93163e6bddfb4262f,23326101892177068111158117403380029821171932103636404586665389293169475076267,BUY,721.758,0.733,529.048614,2026-05-26 12:27:55+00:00,True
46504565,0x480d14f0005a097d6cc9aaf77e16380f77de9df5af6e0e89b9280abb92772773,0x5aa76047cafc5650dceac42089f3590538cc8550,0x1e945453fcb562c562b72582d7254f58324b764a,23326101892177068111158117403380029821171932103636404586665389293169475076267,SELL,307.0,0.732,224.724,2026-05-26 12:27:57+00:00,True
46504566,0x09c0a1988865409640e5afb11bc72bc4dad99f034adad395e2d62c6199d9ea1c,0x4c7b7f67104195d35b5537348512fe1c1f15d85b,0x5aa76047cafc5650dceac42089f3590538cc8550,23326101892177068111158117403380029821171932103636404586665389293169475076267,BUY,479.848,0.73,350.28904,2026-05-26 12:27:59+00:00,True
46504567,0xbad164cfb30e3ed793d6d797b2735c1ea680a0552a115c59998223bc57d77a0d,0xe2867815c595a0b889570f03f01f369b3406470f,0xcf7d452632551dc67b321a0bad2db0cd0ccf01db,23326101892177068111158117403380029821171932103636404586665389293169475076267,SELL,752.0,0.7300000000000001,548.96,2026-05-26 12:28:01+00:00,True
46504568,0x8872b9bb54f79f81b5227edf126a0b087a6a577c8fd6d64fd54169d1f969db79,0xcab263f601d7d58ebd4544c3701d2d5c2f7f477c,0xe2867815c595a0b889570f03f01f369b3406470f,23326101892177068111158117403380029821171932103636404586665389293169475076267,BUY,314.795,0.729,229.485555,2026-05-26 12:28:03+00:00,True
46504569,0x9135b7a33d214a0f1d20651fbd8ba6388a1ddb547f80ab35f9114c13be8300b4,0xf46b6d0c6dd31ac12f260732940f16b41ebd8737,0xfa040f8b4f5a81abe71591c14b304ab2db19d5cf,23326101892177068111158117403380029821171932103636404586665389293169475076267,SELL,530.0,0.728,385.84,2026-05-26 12:28:05+00:00,True
46504570,0xf62ec6f33051e3c3472c81c900c0806d3a3c2984f142d167e5f0ee9f36ce8e30,0xa18dcd8e97306a29227e269ac600968aca7b9014,0x27b4afbd88fe7c88c6897bb0b4ade338d0401e37,3469897573899448175025502310970962120106787982500692321932053495327697019488,BUY,1.315787,0.24000009120017143,0.315789,2026-05-26 12:28:07+00:00,False
46504572,0x66944ecbc3df2e7e0f3558c6229096ce1f142d2424e0ff9f1a71dd003a0c9564,0x29bc885242f5c3c0bf1ff352598caf9bb503044d,0xe7c1c5522eda5ae252b0574f7a642ae74f8af3a3,23326101892177068111158117403380029821171932103636404586665389293169475076267,SELL,164.0,0.731,119.884,2026-05-26 12:28:11+00:00,True
46504573,0x4126fe9ff3b1c36dfa5eff374f460bea59743a22c4c7c8ad7fa1f0d81e7c836c,0x23a51a2507f6db2efab5093c08e35e718925dca3,0xe55c7154097f8832be1e3d83d0e7be49c704830e,23326101892177068111158117403380029821171932103636404586665389293169475076267,BUY,847.833,0.753,638.418249,2026-05-26 12:28:13+00:00,True
46504574,0x45da9ceba39828d97c8e5dd6aae3200e0ff9c0b29e1965300b52a07ba15749e7,0x578c31a7a005b03cdd8b23671dd58d5310fcc8c1,0x8d6dee7ecf3a4776bcd9dd895e8e23efde4816a4,23326101892177068111158117403380029821171932103636404586665389293169475076267,SELL,906.0,0.753,682.218,2026-05-26 12:28:15+00:00,True
46504575,0x66190a9749a7a737c82131e0c6472a4785860b85b784564638a1043e5731c847,0xcf186e0d509c32402f869bafb690286c75d9c2ae,0xf9e019b835590f11e8b7279141fce5f07320a4c9,23326101892177068111158117403380029821171932103636404586665389293169475076267,BUY,421.774,0.7499999999999999,316.3305,2026-05-26 12:28:17+00:00,True
46504575,0xa0368437d9f0ae55b2de995ca58fb346d02df45ad6a237fd739ff3b4d4c8e653,0xbc3fa7e33842a9804c08a52da7e395e6f95378f0,0x305512f530792f0815c1ff12d6dfed2901dd5273,23326101892177068111158117403380029821171932103636404586665389293169475076267,BUY,140.222,0.747,104.745834,2026-05-26 12:28:17+00:00,True
46504576,0xa1042d1699bee4cca69331b2d50517ab0a691c6fe8de15c222b762946bc02f1a,0xff3de15715fe508970c31824ddb455cf61e2ed99,0x1d1f3206e671fd2a67c943d93163e6bddfb4262f,23326101892177068111158117403380029821171932103636404586665389293169475076267,SELL,700.0,0.7489999999999999,524.3,2026-05-26 12:28:19+00:00,True
46504577,0x2e89281712d68b69a8db14cda17bc5845ec3b2cb928af6aa456fdbcfd690c186,0x4651f69873f1be6c94890d79e945b80ec9dd4fd3,0xff3de15715fe508970c31824ddb455cf61e2ed99,23326101892177068111158117403380029821171932103636404586665389293169475076267,BUY,183.561,0.748,137.303628,2026-05-26 12:28:21+00:00,True
46504578,0x6bc48f35f3bcf27e74693f891485fe3d52a88ec537ef3ec4f0e1af5fbd50cc4b,0xf2127bcb896968cffd1d2e656c1b0cd5868eaf6d,0x29dd54f3dd1491d1e2bc69944b5983e211f58aaf,23326101892177068111158117403380029821171932103636404586665389293169475076267,BUY,510.839,0.753,384.661767,2026-05-26 12:28:23+00:00,True
46504580,0x2c115147bad8fb73ccf52b6850bd90bc06781a8c7fb614d5d069836a935c4543,0x5bf481a94e1fcadf9db3d73b97c4b799272115ce,0xcf7d452632551dc67b321a0bad2db0cd0ccf01db,23326101892177068111158117403380029821171932103636404586665389293169475076267,BUY,235.189,0.7490000000000001,176.156561,2026-05-26 12:28:27+00:00,True
46504582,0xfbda4fa7a10321156b4533e64f1f3f72cb0a780a167e488c71433adff5f71294,0xc4926ab62d78f3a668bb4fd29ca04c06f8cd9f90,0xa38510261297a9a3d519d36c6566dae7065c4ff4,23326101892177068111158117403380029821171932103636404586665389293169475076267,BUY,127.483,0.7469999999999999,95.229801,2026-05-26 12:28:31+00:00,True
46504582,0x2b78991c07d331887d5e7bc5f2caed053872db6d751fb127a1102c651b742b1c,0xfa040f8b4f5a81abe71591c14b304ab2db19d5cf,0x9c44b10f39e6a07889ed3d821669565fb11409b3,23326101892177068111158117403380029821171932103636404586665389293169475076267,SELL,416.0,0.749,311.584,2026-05-26 12:28:31+00:00,True
46504582,0xc4ba93c7298833c756f007bfe94691e6db9efc39c43aa08fce96b1b9d0334e68,0x20e8f154a877034dd0145b304d90b99bbd8d558d,0x97acc627ca2d37320ff1b6daa8d024eccde95336,23326101892177068111158117403380029821171932103636404586665389293169475076267,BUY,243.878,0.751,183.152378,2026-05-26 12:28:31+00:00,True
46504584,0xe43f8acbd9b16d5ab52cceea29ee1e0d6dccd296b01cacb1356a48a3cddc5146,0x23a51a2507f6db2efab5093c08e35e718925dca3,0xe55c7154097f8832be1e3d83d0e7be49c704830e,23326101892177068111158117403380029821171932103636404586665389293169475076267,SELL,822.0,0.753,618.966,2026-05-26 12:28:35+00:00,True
46504590,0x4992c6346ae1f28da5c5bec66f902096c64911b45617f0ecc3ec10dc3cf79439,0xcf186e0d509c32402f869bafb690286c75d9c2ae,0xf9e019b835590f11e8b7279141fce5f07320a4c9,23326101892177068111158117403380029821171932103636404586665389293169475076267,SELL,409.0,0.7529999999999999,307.977,2026-05-26 12:28:47+00:00,True
46504592,0xb838fe2f263e3d3a483dc393b73d05cf9acc938050e316d91ecca9c0b03acc12,0xf007a22e23fa36e641cb3fc5c9d543476f9737ae,0xff3de15715fe508970c31824ddb455cf61e2ed99,23326101892177068111158117403380029821171932103636404586665389293169475076267,SELL,375.0,0.753,282.375,2026-05-26 12:28:51+00:00,True
46504593,0xe728ed71decb465d87a2b7708c34c087c914e6caf2b764f9728ae60d36fad926,0x467cd02aaf670d67d92f6aaf2bbcf9c2ecc73ba9,0x106f90adb6ec8eacd2dffbfb1ca937bf8dc16bac,23326101892177068111158117403380029821171932103636404586665389293169475076267,BUY,311.807,0.751,234.167057,2026-05-26 12:28:53+00:00,True
46504594,0xfd5168db1978eac335f6744b4051a56a0906eac38519503002fde0b1286a9f05,0xf2127bcb896968cffd1d2e656c1b0cd5868eaf6d,0x29dd54f3dd1491d1e2bc69944b5983e211f58aaf,23326101892177068111158117403380029821171932103636404586665389293169475076267,SELL,495.0,0.748,370.26,2026-05-26 12:28:55+00:00,True
46504595,0x243dd24428c0f4a4dd640815c0e7e916921d8bfe521fcc8f1f91d6acc985ec68,0x5aa76047cafc5650dceac42089f3590538cc8550,0x1e945453fcb562c562b72582d7254f58324b764a,23326101892177068111158117403380029821171932103636404586665389293169475076267,BUY,287.07,0.748,214.72836,2026-05-26 12:28:57+00:00,True
46504597,0x17d0c81f6f846720fd3ac50cd9a55999c5b50eb23fa6444d9684f14adccb41fe,0xcab263f601d7d58ebd4544c3701d2d5c2f7f477c,0xe2867815c595a0b889570f03f01f369b3406470f,23326101892177068111158117403380029821171932103636404586665389293169475076267,SELL,397.0,0.751,298.147,2026-05-26 12:29:01+00:00,True
46504597,0xe021af55e5b1e08c46b15a6ffdec822efbac640b041c3505f3ab989c4d593369,0xe2867815c595a0b889570f03f01f369b3406470f,0x7116b11588a6e204b5ed94fd7c2c5020578dd83c,23326101892177068111158117403380029821171932103636404586665389293169475076267,BUY,412.333,0.7529999999999999,310.486749,2026-05-26 12:29:01+00:00,True
46504599,0xd88762efe09b8a83ac89a1056436187fe41a469155a6954e421109badbab8796,0x6fc5910e7227e206cef2ed20737680becaa9d2bd,0x20e8f154a877034dd0145b304d90b99bbd8d558d,23326101892177068111158117403380029821171932103636404586665389293169475076267,SELL,336.0,0.763,256.368,2026-05-26 12:29:05+00:00,True
46504599,0x74f25017bd8c9484250077ea7e3c285ade37379d72ea0aa4a941af72965d394a,0xfa040f8b4f5a81abe71591c14b304ab2db19d5cf,0x6fc5910e7227e206cef2ed20737680becaa9d2bd,23326101892177068111158117403380029821171932103636404586665389293169475076267,BUY,588.875,0.754,444.01175,2026-05-26 12:29:05+00:00,True
46504601,0x4a08b8c1cc5941519998a0129daf93123c109cb57943119500a34f4b5b7427aa,0xe55c7154097f8832be1e3d83d0e7be49c704830e,0xf3f56bf1914c904b37fffcef5f13d6343438cf36,23326101892177068111158117403380029821171932103636404586665389293169475076267,SELL,118.0,0.755,89.09,2026-05-26 12:29:09+00:00,True
46504601,0x3f6382eec1250c744858491593055afd97affcdb194e61cee52c391ea36aed30,0x0ec5f85aa1985c1d4113eaf84aff31d9377f3708,0x23a51a2507f6db2efab5093c08e35e718925dca3,23326101892177068111158117403380029821171932103636404586665389293169475076267,BUY,280.525,0.7550000000000001,211.796375,2026-05-26 12:29:09+00:00,True
46504603,0xbee714e0545381933e3c2aaa02553748c5c443679ace9e1f606172f459e8963b,0xfc5d6ef1ebdead2a79633dbbeb1392fafee264df,0xddde391c2544b526c7481543e577dad6423edede,23326101892177068111158117403380029821171932103636404586665389293169475076267,BUY,520.767,0.7549999999999999,393.179085,2026-05-26 12:29:13+00:00,True
46504605,0x704cfb59e9e68011201147d9ba170005e1b1ff9aa16835006242e8c6f95edb34,0x467cd02aaf670d67d92f6aaf2bbcf9c2ecc73ba9,0x106f90adb6ec8eacd2dffbfb1ca937bf8dc16bac,23326101892177068111158117403380029821171932103636404586665389293169475076267,SELL,312.0,0.758,236.496,2026-05-26 12:29:17+00:00,True
46504608,0xaec3d8fa2d692a10b15b4f5a5e81ece0ab1b127c5e78988639a46fea9c30805a,0x4c7b7f67104195d35b5537348512fe1c1f15d85b,0x5aa76047cafc5650dceac42089f3590538cc8550,23326101892177068111158117403380029821171932103636404586665389293169475076267,SELL,466.0,0.753,350.898,2026-05-26 12:29:23+00:00,True
46504609,0xecff6019e700ed4417e8a5917ff0a8830f3b01151ddad4a880882be834f44048,0x5aa76047cafc5650dceac42089f3590538cc8550,0xf2127bcb896968cffd1d2e656c1b0cd5868eaf6d,23326101892177068111158117403380029821171932103636404586665389293169475076267,BUY,285.617,0.754,215.355218,2026-05-26 12:29:25+00:00,True
46504610,0x349fc17176a3f9667a2bdfc10aee58f40c11d009cc5905c9be7711629882f71e,0xe2867815c595a0b889570f03f01f369b3406470f,0x7116b11588a6e204b5ed94fd7c2c5020578dd83c,23326101892177068111158117403380029821171932103636404586665389293169475076267,SELL,400.0,0.743,297.2,2026-05-26 12:29:27+00:00,True
46504611,0x02529e2c327e292ff70f82d83ed7abd95ff491bb4ee0929eb25232b40dc67380,0x2a0a7cab60677aaa6706cc0f4ce76665dae69fa3,0x46ee7d5fb144f76aac5f9214528f30a91450c501,23326101892177068111158117403380029821171932103636404586665389293169475076267,BUY,478.968,0.739,353.957352,2026-05-26 12:29:29+00:00,True
46504612,0x909c39a91d4c8dfc9de332216f4a93d1304eca55acae07460089f83804454ccb,0xfa040f8b4f5a81abe71591c14b304ab2db19d5cf,0x6fc5910e7227e206cef2ed20737680becaa9d2bd,23326101892177068111158117403380029821171932103636404586665389293169475076267,SELL,589.0,0.74,435.86,2026-05-26 12:29:31+00:00,True
46504613,0xb7c9131fc18a446a1b9cfdb566742d11611385143b9d68cad5616902a6df2bf3,0x97acc627ca2d37320ff1b6daa8d024eccde95336,0xd96155cc52ad7d3ff7a39c95fa515b965e358af8,23326101892177068111158117403380029821171932103636404586665389293169475076267,BUY,164.655,0.738,121.51539,2026-05-26 12:29:33+00:00,True
46504614,0x099c5f3ffb97bcc7718f79f13f8effe8edfa30a1b7cc79ae26c767b78066ef0b,0x0ec5f85aa1985c1d4113eaf84aff31d9377f3708,0x23a51a2507f6db2efab5093c08e35e718925dca3,23326101892177068111158117403380029821171932103636404586665389293169475076267,SELL,272.0,0.741,201.552,2026-05-26 12:29:35+00:00,True
46504615,0xefaa3c06c358ff69d439df8b9d4a6ad8020f5aa36231980e72f432dd61f464c0,0x29bc885242f5c3c0bf1ff352598caf9bb503044d,0x0ec5f85aa1985c1d4113eaf84aff31d9377f3708,23326101892177068111158117403380029821171932103636404586665389293169475076267,BUY,267.235,0.7399999999999999,197.7539,2026-05-26 12:29:37+00:00,True
46504616,0x2edd9a500b633eeb047b5344db05c7ef1120e675d61d4a88634d99a871937079,0xfc5d6ef1ebdead2a79633dbbeb1392fafee264df,0xddde391c2544b526c7481543e577dad6423edede,23326101892177068111158117403380029821171932103636404586665389293169475076267,SELL,505.0,0.74,373.7,2026-05-26 12:29:39+00:00,True
46504619,0x9d84576fe16322727d69fc16bb972f85211fbad41beffb33396f05d1d8cb681c,0xbb6bd94a674260815f9af84cf392b19214b4e023,0xff3de15715fe508970c31824ddb455cf61e2ed99,23326101892177068111158117403380029821171932103636404586665389293169475076267,BUY,267.119,0.7329999999999999,195.798227,2026-05-26 12:29:45+00:00,True
46504620,0xae0a65c1a1269613b390da7a402b6789849383a36b61bdc766e4c2b302acf786,0xc70b8ea6483ad00d24b48f96ae157b096becfe7d,0x2488df29756354c1a334e767325266bfe7b1ef22,23326101892177068111158117403380029821171932103636404586665389293169475076267,SELL,136.0,0.731,99.416,2026-05-26 12:29:47+00:00,True
46504621,0x32044b9e5d4ee121a6a470a5ccb3a1cba944d3363e29fbb2366456ea6e28b02c,0x5aa76047cafc5650dceac42089f3590538cc8550,0x1e945453fcb562c562b72582d7254f58324b764a,23326101892177068111158117403380029821171932103636404586665389293169475076267,SELL,279.0,0.733,204.507,2026-05-26 12:29:49+00:00,True
46504621,0x384eb05851ed588bc303bb5e21a188a9d1811987a8695100b3bc4d5f46a65b64,0xe9c4f09513a211d341c28c3c102106bf0979c60f,0xfa41cd7c7f68200270349ea2e8d3e847d9314a78,23326101892177068111158117403380029821171932103636404586665389293169475076267,BUY,120.317,0.7320000000000001,88.072044,2026-05-26 12:29:49+00:00,True
46504625,0x732238cacaa73c4b0c8dcd955e2320a1039f266beeecac626d22a362345f5c59,0x2a0a7cab60677aaa6706cc0f4ce76665dae69fa3,0x46ee7d5fb144f76aac5f9214528f30a91450c501,23326101892177068111158117403380029821171932103636404586665389293169475076267,SELL,464.0,0.729,338.256,2026-05-26 12:29:57+00:00,True
46504625,0xabd242f9c73ddce06eb6e6d12d4d2fc4bbc35ec4f16cce45e2cc12333ccc9316,0xcf7d452632551dc67b321a0bad2db0cd0ccf01db,0x5bf481a94e1fcadf9db3d73b97c4b799272115ce,23326101892177068111158117403380029821171932103636404586665389293169475076267,BUY,299.594,0.7330000000000001,219.602402,2026-05-26 12:29:57+00:00,True
46504627,0xdd7f07d64dfd9d896c349af72d48d720d82e7c414c0d75525e87b3ad5247357d,0x20e8f154a877034dd0145b304d90b99bbd8d558d,0x196c747e02635b3de6d3f67580ba62ed482fc864,23326101892177068111158117403380029821171932103636404586665389293169475076267,BUY,715.638,0.728,520.984464,2026-05-26 12:30:01+00:00,True
46504629,0x6e322d66333629956e1932c847794e58d34404eda4e001e2f6eb0e7d56d9cf2f,0x29bc885242f5c3c0bf1ff352598caf9bb503044d,0x0ec5f85aa1985c1d4113eaf84aff31d9377f3708,23326101892177068111158117403380029821171932103636404586665389293169475076267,SELL,259.0,0.722,186.998,2026-05-26 12:30:05+00:00,True
46504633,0x844283b37f5e9a1cbedba3cf0899b5e561e778909bf6f41e7f37bafa7953b18e,0x0ec5f85aa1985c1d4113eaf84aff31d9377f3708,0xd70ceccf2ef3462078984cac81336327707290af,23326101892177068111158117403380029821171932103636404586665389293169475076267,BUY,726.189,0.722,524.308458,2026-05-26 12:30:13+00:00,True
46504635,0x5afbc0a8fa7556bab7782fffbd354d623be7710ded9c83a7a2054ea4c55b10d3,0xfc5d6ef1ebdead2a79633dbbeb1392fafee264df,0x8d6dee7ecf3a4776bcd9dd895e8e23efde4816a4,23326101892177068111158117403380029821171932103636404586665389293169475076267,BUY,204.587,0.7230000000000001,147.916401,2026-05-26 12:30:17+00:00,True
46504637,0x2fa21c1e5d6b384761699911ecd1a299488c3e83961dd9d34934ee0388b0f3ec,0xbb6bd94a674260815f9af84cf392b19214b4e023,0xff3de15715fe508970c31824ddb455cf61e2ed99,23326101892177068111158117403380029821171932103636404586665389293169475076267,SELL,259.0,0.723,187.257,2026-05-26 12:30:21+00:00,True
46504637,0xade248d5e17b96c0c4918470a33e958420f2fc141190cb6e3c44757dad05c9e5,0x467cd02aaf670d67d92f6aaf2bbcf9c2ecc73ba9,0x7a9813714db9f2042cf7bdea4421c954d79243e6,23326101892177068111158117403380029821171932103636404586665389293169475076267,BUY,254.022,0.724,183.911928,2026-05-26 12:30:21+00:00,True
46504639,0x34d90093a1ba38c66bb93e4c0e56f3d5f62a56a341a76a6bc8342872666eec15,0x5aa76047cafc5650dceac42089f3590538cc8550,0xf2127bcb896968cffd1d2e656c1b0cd5868eaf6d,23326101892177068111158117403380029821171932103636404586665389293169475076267,SELL,277.0,0.725,200.825,2026-05-26 12:30:25+00:00,True
46504641,0xa2e579dd5e7ca97008b3a6efa31739caf539f8766810901c8ff0ec3c80d495c7,0xcf7d452632551dc67b321a0bad2db0cd0ccf01db,0x5bf481a94e1fcadf9db3d73b97c4b799272115ce,23326101892177068111158117403380029821171932103636404586665389293169475076267,SELL,291.0,0.722,210.102,2026-05-26 12:30:29+00:00,True
46504642,0x66cee0a2915cdad4df1ea137619662a42042549a8e18ea7bba12e781023b13b6,0x46ee7d5fb144f76aac5f9214528f30a91450c501,0xc78c9c0ace0e8a3c84d906be1cde374ea9e45962,23326101892177068111158117403380029821171932103636404586665389293169475076267,BUY,231.027,0.7160000000000001,165.415332,2026-05-26 12:30:31+00:00,True
46504644,0x042759dbbdf6c5fe429e13ebb55a800b323f8796eb40a3fbd0a11ad5a23431dc,0x20e8f154a877034dd0145b304d90b99bbd8d558d,0x196c747e02635b3de6d3f67580ba62ed482fc864,23326101892177068111158117403380029821171932103636404586665389293169475076267,SELL,694.0,0.725,503.15,2026-05-26 12:30:35+00:00,True
46504644,0x39303f2cefce7c77ec61f01a6b8c64f787350e50ec1f485f230743a9d48b77ae,0xfa040f8b4f5a81abe71591c14b304ab2db19d5cf,0xd3abc6684aae3c47b44ecad5f8ce43ad578b861c,23326101892177068111158117403380029821171932103636404586665389293169475076267,BUY,714.027,0.731,521.953737,2026-05-26 12:30:35+00:00,True
46504646,0x9defc939755c107f5b3e9f305c607939cba1e22f896074db6369003e56c21457,0x0ec5f85aa1985c1d4113eaf84aff31d9377f3708,0xd70ceccf2ef3462078984cac81336327707290af,23326101892177068111158117403380029821171932103636404586665389293169475076267,SELL,704.0,0.7330000000000001,516.032,2026-05-26 12:30:39+00:00,True
46504647,0x7fec651d30a595aa65c77f28090fad33ff39fb24407f34e61260386406487bf0,0x4eb14aed5077c93f720b98e9c512cdbe757ff3b3,0x0ec5f85aa1985c1d4113eaf84aff31d9377f3708,23326101892177068111158117403380029821171932103636404586665389293169475076267,BUY,372.838,0.726,270.680388,2026-05-26 12:30:41+00:00,True
46504648,0x49176a0f5d9d5294ef331b70e1d51248baab80fb3f916fdc9e0a19fa953adfde,0xfc5d6ef1ebdead2a79633dbbeb1392fafee264df,0x8d6dee7ecf3a4776bcd9dd895e8e23efde4816a4,23326101892177068111158117403380029821171932103636404586665389293169475076267,SELL,198.0,0.767,151.866,2026-05-26 12:30:43+00:00,True
46504649,0x4e1c80aa2e9793f7d089cc27657db5b1757b3f4158ed74c405058e5a4902ee97,0xf9e019b835590f11e8b7279141fce5f07320a4c9,0xcf186e0d509c32402f869bafb690286c75d9c2ae,23326101892177068111158117403380029821171932103636404586665389293169475076267,BUY,223.311,0.7689999999999999,171.726159,2026-05-26 12:30:45+00:00,True
46504651,0xeb32e710660992eaebe9c0beb2660c7da3250fbebca65e54ffc1dfc2c69747a6,0x467cd02aaf670d67d92f6aaf2bbcf9c2ecc73ba9,0x7a9813714db9f2042cf7bdea4421c954d79243e6,23326101892177068111158117403380029821171932103636404586665389293169475076267,SELL,246.0,0.771,189.666,2026-05-26 12:30:49+00:00,True
46504651,0x24a860ae6af578f56fabcd18bbcf6a2bf865dc5ae5e22229dcba58c58d5eb1f5,0x467cd02aaf670d67d92f6aaf2bbcf9c2ecc73ba9,0x1d1f3206e671fd2a67c943d93163e6bddfb4262f,23326101892177068111158117403380029821171932103636404586665389293169475076267,BUY,620.23,0.774,480.05802,2026-05-26 12:30:49+00:00,True
46504653,0xc77481d3e0ee9a97d87fe88af2d0bb119cb6843dcbc3f7c25f3aa7e10a6ea5ec,0x5d5df741182561e9e2e3e1a143082daacff3795a,0xf2127bcb896968cffd1d2e656c1b0cd5868eaf6d,23326101892177068111158117403380029821171932103636404586665389293169475076267,BUY,608.545,0.767,466.754015,2026-05-26 12:30:53+00:00,True
46504653,0xf63f92fc81b75363701116b28c2f7d91ea4aa57604b2f166ae94e9c75beaaef5,0xbc3fa7e33842a9804c08a52da7e395e6f95378f0,0x305512f530792f0815c1ff12d6dfed2901dd5273,23326101892177068111158117403380029821171932103636404586665389293169475076267,SELL,136.0,0.7709999999999999,104.856,2026-05-26 12:30:53+00:00,True
46504656,0x7dfdec85efc17a630a872d4c9e8f32fec77abf872e468c44aa8cb3dd43a55891,0x46ee7d5fb144f76aac5f9214528f30a91450c501,0xcf7d452632551dc67b321a0bad2db0cd0ccf01db,23326101892177068111158117403380029821171932103636404586665389293169475076267,SELL,228.0,0.773,176.244,2026-05-26 12:30:59+00:00,True
46504660,0xbcd1e5519026052f32c08f82cf95cf12956610ed11ae2828e6a3cf79a5235526,0xc4926ab62d78f3a668bb4fd29ca04c06f8cd9f90,0xa38510261297a9a3d519d36c6566dae7065c4ff4,23326101892177068111158117403380029821171932103636404586665389293169475076267,SELL,123.0,0.7639999999999999,93.972,2026-05-26 12:31:07+00:00,True
46504660,0xf2c7e82e7dfc6691e4a71f27c5ca2f272059a2cc08e2424e06ac486b8a5edd42,0xd96155cc52ad7d3ff7a39c95fa515b965e358af8,0xf46b6d0c6dd31ac12f260732940f16b41ebd8737,23326101892177068111158117403380029821171932103636404586665389293169475076267,BUY,270.187,0.7679999999999999,207.503616,2026-05-26 12:31:07+00:00,True
46504663,0xeb8c2a2e65c4ff8019b982121d8fb54f41e197eeba3cf70e05833f9042eb9596,0x4eb14aed5077c93f720b98e9c512cdbe757ff3b3,0x0ec5f85aa1985c1d4113eaf84aff31d9377f3708,23326101892177068111158117403380029821171932103636404586665389293169475076267,SELL,362.0,0.7610000000000001,275.482,2026-05-26 12:31:13+00:00,True
46504664,0x18b42c48d9cdd7e593ca23d67e161b497147117765e1ae1193e23af07d0c0ba6,0xe7c1c5522eda5ae252b0574f7a642ae74f8af3a3,0xd70ceccf2ef3462078984cac81336327707290af,23326101892177068111158117403380029821171932103636404586665389293169475076267,BUY,264.333,0.7629999999999999,201.686079,2026-05-26 12:31:15+00:00,True
46504666,0xbbd99ce8a10da74ffbdc7bbcd427b704ff08f7179e0d22c8877f290c25bfeac6,0xf9e019b835590f11e8b7279141fce5f07320a4c9,0xcf186e0d509c32402f869bafb690286c75d9c2ae,23326101892177068111158117403380029821171932103636404586665389293169475076267,SELL,217.0,0.762,165.354,2026-05-26 12:31:19+00:00,True
46504668,0x0a95ed783bb8f6365c8531f6d7f7f3023ddf6a1e685cd0d71e416788d3aff4a9,0x467cd02aaf670d67d92f6aaf2bbcf9c2ecc73ba9,0x1d1f3206e671fd2a67c943d93163e6bddfb4262f,23326101892177068111158117403380029821171932103636404586665389293169475076267,SELL,602.0,0.7649999999999999,460.53,2026-05-26 12:31:23+00:00,True
46504668,0x8e6aee11ffeeb6f380281bae270e0d1fa129aa2236efa5294c3d75bc23eeb455,0x1d1f3206e671fd2a67c943d93163e6bddfb4262f,0xf007a22e23fa36e641cb3fc5c9d543476f9737ae,23326101892177068111158117403380029821171932103636404586665389293169475076267,BUY,481.752,0.752,362.277504,2026-05-26 12:31:23+00:00,True
46504672,0x066da2958b74f8a4d397123dc57524ca63b94076409f6d4ae7c2e088d2fafebc,0x5d5df741182561e9e2e3e1a143082daacff3795a,0xf2127bcb896968cffd1d2e656c1b0cd5868eaf6d,23326101892177068111158117403380029821171932103636404586665389293169475076267,SELL,590.0,0.737,434.83,2026-05-26 12:31:31+00:00,True
46504673,0x9c2656d679fbdb84d38415ce06b2e221033f09be5cdd63815edcf6762bcb1898,0xf2127bcb896968cffd1d2e656c1b0cd5868eaf6d,0x5d5df741182561e9e2e3e1a143082daacff3795a,23326101892177068111158117403380029821171932103636404586665389293169475076267,BUY,249.891,0.741,185.169231,2026-05-26 12:31:33+00:00,True
46504675,0xd02030c8b0ea0d604b8ce6f076dea249613cba4ce0b1bb167aada9101f669e9a,0x5bf481a94e1fcadf9db3d73b97c4b799272115ce,0xc78c9c0ace0e8a3c84d906be1cde374ea9e45962,23326101892177068111158117403380029821171932103636404586665389293169475076267,SELL,224.0,0.74,165.76,2026-05-26 12:31:37+00:00,True
46504675,0x1028d680f78a12ebcec0c1efc32e72643af89dee1a0a67f734eceb0cb966d0bc,0x78da84f0d52ea2f80dc122b881be29542680a629,0xb5b66a7af26744f0431a37eb7772a6f50f174e0e,23326101892177068111158117403380029821171932103636404586665389293169475076267,BUY,123.094,0.741,91.212654,2026-05-26 12:31:37+00:00,True
46504679,0x62f1e0c5f524f34643662397620723c0ffc5521681fa50da02f70a7782f2666a,0xc78c9c0ace0e8a3c84d906be1cde374ea9e45962,0xc2752b98d8241473addccc6e80c3b2b40b5da901,23326101892177068111158117403380029821171932103636404586665389293169475076267,BUY,216.035,0.743,160.514005,2026-05-26 12:31:45+00:00,True
46504680,0x32ddf2843d728b5a8a2be6b70deb08bf8b5bd462ee3afa092a9c2bf421c56500,0xfa040f8b4f5a81abe71591c14b304ab2db19d5cf,0xd3abc6684aae3c47b44ecad5f8ce43ad578b861c,23326101892177068111158117403380029821171932103636404586665389293169475076267,SELL,692.0,0.739,511.388,2026-05-26 12:31:47+00:00,True
46504681,0x29cecc20dd278ba8c7df748ae20b0ef56651910ca544c81d7c75ad1bc123fab1,0xd3abc6684aae3c47b44ecad5f8ce43ad578b861c,0x6fc5910e7227e206cef2ed20737680becaa9d2bd,23326101892177068111158117403380029821171932103636404586665389293169475076267,BUY,470.349,0.748,351.821052,2026-05-26 12:31:49+00:00,True
46504683,0x3231703615cd523acda299303c06facbfe0eadcda72e1ff5082ffa3bcda40e38,0xe7c1c5522eda5ae252b0574f7a642ae74f8af3a3,0xd70ceccf2ef3462078984cac81336327707290af,23326101892177068111158117403380029821171932103636404586665389293169475076267,SELL,257.0,0.75,192.75,2026-05-26 12:31:53+00:00,True
46504688,0x91369a5f1cefe0e9db3852872d752b58fc108629aac093f1a7803893bc074ff5,0x5dd1eb898cb24e00a0575d95afcb4f2d22410f9a,0x8d6dee7ecf3a4776bcd9dd895e8e23efde4816a4,23326101892177068111158117403380029821171932103636404586665389293169475076267,BUY,305.747,0.7519999999999999,229.921744,2026-05-26 12:32:03+00:00,True
46504688,0xaf93e7a4a0a255a79186fd37f640a0c0d65032633c2cd5534fd5b587553241d3,0x4c57d4d6313fa0b4470679dbbf5eb3db63b3a916,0xa6ca7bae9aa52bc783c11cfbabb241e3bc361947,23326101892177068111158117403380029821171932103636404586665389293169475076267,BUY,139.307,0.7510000000000001,104.619557,2026-05-26 12:32:03+00:00,True
46504689,0xde56a8d0246d78b2a87ed8468c22addecb87f18871c60b7fda439da60125f9b1,0x1d1f3206e671fd2a67c943d93163e6bddfb4262f,0xf007a22e23fa36e641cb3fc5c9d543476f9737ae,23326101892177068111158117403380029821171932103636404586665389293169475076267,SELL,467.0,0.754,352.118,2026-05-26 12:32:05+00:00,True
46504690,0x8022999a648e865bdc128af59e5611cfe1e2b11308017fcea4ce85ac5dc9bb74,0x81801025871ee73ac195edd2ffb4b3353b765e00,0xff3de15715fe508970c31824ddb455cf61e2ed99,23326101892177068111158117403380029821171932103636404586665389293169475076267,BUY,333.159,0.751,250.202409,2026-05-26 12:32:07+00:00,True
46504691,0x318f3f1d3a549463cf102965f57c507fadf6946e69149e3ec49a28ae57ae33fc,0xf2127bcb896968cffd1d2e656c1b0cd5868eaf6d,0x5d5df741182561e9e2e3e1a143082daacff3795a,23326101892177068111158117403380029821171932103636404586665389293169475076267,SELL,242.0,0.749,181.258,2026-05-26 12:32:09+00:00,True
46504692,0xcc16266ccc60207432a8a708408dc6e76e844589f5ace54d435d306082624f55,0xd6c696526a2f64cfdf08341ee819bf127b9135a1,0xf2127bcb896968cffd1d2e656c1b0cd5868eaf6d,23326101892177068111158117403380029821171932103636404586665389293169475076267,BUY,150.081,0.754,113.161074,2026-05-26 12:32:11+00:00,True
46504693,0xca58564a893da2e34a49c91a1c0d1360a8f5cc8fc66a801fa888cccb1c5ab494,0xc78c9c0ace0e8a3c84d906be1cde374ea9e45962,0xc2752b98d8241473addccc6e80c3b2b40b5da901,23326101892177068111158117403380029821171932103636404586665389293169475076267,SELL,210.0,0.7519999999999999,157.92,2026-05-26 12:32:13+00:00,True
46504694,0x461e01356d84aa9a9b79273c176508fbb1ad44c941ac831c54c7eab496e7a85a,0xcf7d452632551dc67b321a0bad2db0cd0ccf01db,0x21ea7251a8368ce69c06b81f45f6ff3147feea36,23326101892177068111158117403380029821171932103636404586665389293169475076267,BUY,513.398,0.7509999999999999,385.561898,2026-05-26 12:32:15+00:00,True
46504695,0xdd9be270674e6de0a654a4aae5299633fd7f8787a332bb8660def8f050bf37ec,0xd3abc6684aae3c47b44ecad5f8ce43ad578b861c,0x6fc5910e7227e206cef2ed20737680becaa9d2bd,23326101892177068111158117403380029821171932103636404586665389293169475076267,SELL,470.0,0.746,350.62,2026-05-26 12:32:17+00:00,True
46504696,0xa7874c8c7bc2e7b49be09ce432b702d4e2b8e8f9ae467aa5b812fcfb328e9dac,0xd96155cc52ad7d3ff7a39c95fa515b965e358af8,0xd3abc6684aae3c47b44ecad5f8ce43ad578b861c,23326101892177068111158117403380029821171932103636404586665389293169475076267,BUY,700.193,0.745,521.643785,2026-05-26 12:32:19+00:00,True
46504698,0xb128bf77139542a7131220563032bb1849995e2d672725472296deff48f1c0c4,0x29bc885242f5c3c0bf1ff352598caf9bb503044d,0xe55c7154097f8832be1e3d83d0e7be49c704830e,23326101892177068111158117403380029821171932103636404586665389293169475076267,BUY,372.732,0.7539999999999999,281.039928,2026-05-26 12:32:23+00:00,True
46504700,0x0f84bab08d6193390797f1656b620c00d690e450f4e9ac76f30e7920cc34bae5,0x8d6dee7ecf3a4776bcd9dd895e8e23efde4816a4,0xf9e019b835590f11e8b7279141fce5f07320a4c9,23326101892177068111158117403380029821171932103636404586665389293169475076267,BUY,224.342,0.753,168.929526,2026-05-26 12:32:27+00:00,True
46504701,0xcf1478549d40f5faebed160ef3c7cbf8ae347bae44894f12a4ed9ea93d87108c,0xe9c4f09513a211d341c28c3c102106bf0979c60f,0xfa41cd7c7f68200270349ea2e8d3e847d9314a78,23326101892177068111158117403380029821171932103636404586665389293169475076267,SELL,117.0,0.754,88.218,2026-05-26 12:32:29+00:00,True
46504702,0x68b2a95faf03900654c5d1cfd7e5d0f3a2421662339b3bc269e7715daba061de,0xfa41cd7c7f68200270349ea2e8d3e847d9314a78,0xc4926ab62d78f3a668bb4fd29ca04c06f8cd9f90,23326101892177068111158117403380029821171932103636404586665389293169475076267,BUY,144.309,0.747,107.798823,2026-05-26 12:32:31+00:00,True
46504702,0xc94251d4a662caac07633a6c3a88212e69470bdf3b0d888fe918ee43876c8567,0x81801025871ee73ac195edd2ffb4b3353b765e00,0xff3de15715fe508970c31824ddb455cf61e2ed99,23326101892177068111158117403380029821171932103636404586665389293169475076267,SELL,323.0,0.75,242.25,2026-05-26 12:32:31+00:00,True
46504703,0xda040e22ad03a848c7bc8779c4d3047c40b5d0da8fa6879e9fa43bd24a9defd2,0x106f90adb6ec8eacd2dffbfb1ca937bf8dc16bac,0x7a9813714db9f2042cf7bdea4421c954d79243e6,23326101892177068111158117403380029821171932103636404586665389293169475076267,BUY,469.897,0.749,351.952853,2026-05-26 12:32:33+00:00,True
46504704,0x3af800893202627432167f676f205647b5620049a300d38083c3a497f396f191,0x696ec0da3a4c332694d66c6941e4383646bfae3f,0x4c7b7f67104195d35b5537348512fe1c1f15d85b,23326101892177068111158117403380029821171932103636404586665389293169475076267,SELL,218.0,0.751,163.718,2026-05-26 12:32:35+00:00,True
46504705,0x262da5abaa096d2e82c43999d426175156e7e5cbb2113a3f327bb063917fb50f,0xf32b50d6526d4741629461ce436bf7a79fb8e188,0x3e02ca4daf734bca12a033bfff07f2075ee103a8,23326101892177068111158117403380029821171932103636404586665389293169475076267,BUY,889.212,0.753,669.576636,2026-05-26 12:32:37+00:00,True
46504706,0x9530aa140bab3c1c7ae496c93d2bfb66a79d707fcdf11130525c2d8012ea85b9,0xcf7d452632551dc67b321a0bad2db0cd0ccf01db,0x21ea7251a8368ce69c06b81f45f6ff3147feea36,23326101892177068111158117403380029821171932103636404586665389293169475076267,SELL,498.0,0.753,374.994,2026-05-26 12:32:39+00:00,True
46504707,0xc447cd26e438c59996021e19071c8f312630a9d9746153f9c18eb4cf2f37531f,0xe2867815c595a0b889570f03f01f369b3406470f,0x7116b11588a6e204b5ed94fd7c2c5020578dd83c,23326101892177068111158117403380029821171932103636404586665389293169475076267,BUY,192.803,0.75,144.60225,2026-05-26 12:32:41+00:00,True
46504708,0xfa6d5fb1324aa1b7377a7ac2e9a3a46c127908b84181feea0b64b0feebd4b73e,0xd96155cc52ad7d3ff7a39c95fa515b965e358af8,0xd3abc6684aae3c47b44ecad5f8ce43ad578b861c,23326101892177068111158117403380029821171932103636404586665389293169475076267,SELL,680.0,0.7599999999999999,516.8,2026-05-26 12:32:43+00:00,True
46504709,0xe18cfb74a2b05ca388ee85b39a2423c015f075feb37d847897ef0d90a557c707,0x03502e2b26a9c4f16d0da5f988c055282eb870e2,0x44a55e4a7c8fac2d285224da96419ff31607bc03,23326101892177068111158117403380029821171932103636404586665389293169475076267,BUY,135.85,0.7590000000000001,103.11015,2026-05-26 12:32:45+00:00,True
46504709,0x9893eb89f7caee3cede8c1017c4499191386f1724380b9e2983764cd04df4755,0xfcddeea788a40bfd216af7097fbf386282fb6653,0xd96155cc52ad7d3ff7a39c95fa515b965e358af8,23326101892177068111158117403380029821171932103636404586665389293169475076267,BUY,249.849,0.761,190.135089,2026-05-26 12:32:45+00:00,True
46504710,0xfce2b9b7c7cec84e799a820fef6d363c387c5c02b95e4835f5e2d9456ece7e84,0x29bc885242f5c3c0bf1ff352598caf9bb503044d,0xe55c7154097f8832be1e3d83d0e7be49c704830e,23326101892177068111158117403380029821171932103636404586665389293169475076267,SELL,362.0,0.7560000000000001,273.672,2026-05-26 12:32:47+00:00,True
46504714,0xb144fed1e328c1e0a1a118bfd6c6bf944aa2a1a499ec13288c8bc7b85d3593f0,0x5dd1eb898cb24e00a0575d95afcb4f2d22410f9a,0x8d6dee7ecf3a4776bcd9dd895e8e23efde4816a4,23326101892177068111158117403380029821171932103636404586665389293169475076267,SELL,297.0,0.762,226.314,2026-05-26 12:32:55+00:00,True
46504715,0xc0ee4820934c8a4be3e1ea04d6d606c1d4e731908769a38e690b2be8a86ec8f8,0x78da84f0d52ea2f80dc122b881be29542680a629,0xb5b66a7af26744f0431a37eb7772a6f50f174e0e,23326101892177068111158117403380029821171932103636404586665389293169475076267,SELL,119.0,0.757,90.083,2026-05-26 12:32:57+00:00,True
46504715,0x22a9f9868f8f33f6daf25a8208b5f4a254980fc10df05b44e609a3aef46e7d87,0x578451b97342c6917b979fff91485cb42e7af9ec,0x5dd1eb898cb24e00a0575d95afcb4f2d22410f9a,23326101892177068111158117403380029821171932103636404586665389293169475076267,BUY,161.292,0.763,123.065796,2026-05-26 12:32:57+00:00,True
46504723,0x9d8c110dc7ae5078223f1701941bfbd6e9012d612b0dcdabfda30db7edd006b4,0xf32b50d6526d4741629461ce436bf7a79fb8e188,0x3e02ca4daf734bca12a033bfff07f2075ee103a8,23326101892177068111158117403380029821171932103636404586665389293169475076267,SELL,863.0,0.775,668.825,2026-05-26 12:33:13+00:00,True
46504727,0x75a062d354fa169fda910621fd0ce141ef294453b4b4600f70ee74234efd2af2,0xe2867815c595a0b889570f03f01f369b3406470f,0x7116b11588a6e204b5ed94fd7c2c5020578dd83c,23326101892177068111158117403380029821171932103636404586665389293169475076267,SELL,187.0,0.775,144.925,2026-05-26 12:33:21+00:00,True
46504728,0x8cf0052f5373b65d3b9bce3dee7e82a56629fd5f67f050c2492a9f83310d3ce7,0x7116b11588a6e204b5ed94fd7c2c5020578dd83c,0xc78c9c0ace0e8a3c84d906be1cde374ea9e45962,23326101892177068111158117403380029821171932103636404586665389293169475076267,BUY,158.005,0.775,122.453875,2026-05-26 12:33:23+00:00,True
46504730,0x4177b845713c9c1a13ec537d4d88881bb33ee5319c6b49b30c8b9ff180b9bad5,0x4c57d4d6313fa0b4470679dbbf5eb3db63b3a916,0xa6ca7bae9aa52bc783c11cfbabb241e3bc361947,23326101892177068111158117403380029821171932103636404586665389293169475076267,SELL,135.0,0.797,107.595,2026-05-26 12:33:27+00:00,True
46504731,0x064a61b9ac2f41699b0360f6d1e4384fdb23d70d139af97549a0fd9e4f2e36d6,0xa6ca7bae9aa52bc783c11cfbabb241e3bc361947,0x6d4500900a402d39c3b954dbb01d2f41b363973f,23326101892177068111158117403380029821171932103636404586665389293169475076267,BUY,149.791,0.795,119.083845,2026-05-26 12:33:29+00:00,True
46504731,0xaeb728f3ba23ed2ab9edf019ae337aef56362006e36a813cd8070b9cce1f6a4d,0xfcddeea788a40bfd216af7097fbf386282fb6653,0xd96155cc52ad7d3ff7a39c95fa515b965e358af8,23326101892177068111158117403380029821171932103636404586665389293169475076267,SELL,403.0,0.793,319.579,2026-05-26 12:33:29+00:00,True
46504732,0x2c4b44c011d5c13fc036f9841fe9cba05835d57ed1fac5c4a9afbdd0fc00486c,0xfa040f8b4f5a81abe71591c14b304ab2db19d5cf,0x20e8f154a877034dd0145b304d90b99bbd8d558d,23326101892177068111158117403380029821171932103636404586665389293169475076267,BUY,307.832,0.795,244.72644,2026-05-26 12:33:31+00:00,True
46504734,0x8f691082fe585c82c699847cbb67895098595321987c387d7210e5d23a3163ff,0x16b8766e6b52bb0113213ad2d4987ec1e9b99e13,0xf3f56bf1914c904b37fffcef5f13d6343438cf36,23326101892177068111158117403380029821171932103636404586665389293169475076267,BUY,553.296,0.7949999999999999,439.87032,2026-05-26 12:33:35+00:00,True
46504736,0xe3233ce194b141e5d6efc605790d415693b39008a18ef470880935a17c3dac07,0x8d6dee7ecf3a4776bcd9dd895e8e23efde4816a4,0xf9e019b835590f11e8b7279141fce5f07320a4c9,23326101892177068111158117403380029821171932103636404586665389293169475076267,SELL,218.0,0.795,173.31,2026-05-26 12:33:39+00:00,True
46504736,0x4796680295667a52295893c642c07f081c98d0d2ca8728ceecfd30ab0a0ce74e,0x5dd1eb898cb24e00a0575d95afcb4f2d22410f9a,0xfc5d6ef1ebdead2a79633dbbeb1392fafee264df,23326101892177068111158117403380029821171932103636404586665389293169475076267,BUY,335.992,0.7939999999999999,266.777648,2026-05-26 12:33:39+00:00,True
46504738,0xa8df0727700be9f9119087ee4bc47f0a3f512b18ff95f40e0621275fefc1f547,0x4928a1640bb2b21272a0b713582e69e893a51fee,0xbc3fa7e33842a9804c08a52da7e395e6f95378f0,23326101892177068111158117403380029821171932103636404586665389293169475076267,BUY,122.704,0.7970000000000002,97.795088,2026-05-26 12:33:43+00:00,True
46504741,0x8f87d689a431cd8e012b82394f05fafd5694921312cb162eeea08bda1eb1ecd0,0x106f90adb6ec8eacd2dffbfb1ca937bf8dc16bac,0x7a9813714db9f2042cf7bdea4421c954d79243e6,23326101892177068111158117403380029821171932103636404586665389293169475076267,SELL,456.0,0.793,361.608,2026-05-26 12:33:49+00:00,True
46504742,0x166ac192aa1ba2d422be3ad5a80e533aa8b76539202aa81a27331c3f7f2421ea,0x467cd02aaf670d67d92f6aaf2bbcf9c2ecc73ba9,0xfad5b1f2d7f59bde91dd7e2c0b170be6101ae97a,23326101892177068111158117403380029821171932103636404586665389293169475076267,BUY,251.838,0.7959999999999999,200.463048,2026-05-26 12:33:51+00:00,True
46504744,0x886bc4e39aeae15314c60410f9f15a06ae6bdecb6f53362d55baa04e8aa6ecb5,0xd6c696526a2f64cfdf08341ee819bf127b9135a1,0xf2127bcb896968cffd1d2e656c1b0cd5868eaf6d,23326101892177068111158117403380029821171932103636404586665389293169475076267,SELL,145.0,0.7979999999999999,115.71,2026-05-26 12:33:55+00:00,True
46504744,0x624f1d86a7ce60f311c5b193197f054e142b514f26e3e71d8bba83887c76e221,0xfa41cd7c7f68200270349ea2e8d3e847d9314a78,0xc4926ab62d78f3a668bb4fd29ca04c06f8cd9f90,23326101892177068111158117403380029821171932103636404586665389293169475076267,SELL,140.0,0.7929999999999999,111.02,2026-05-26 12:33:55+00:00,True
46504744,0x0f3c66683083ac113a1c6ac582e8f3bd72b9a57a8eff1d88d67cea0d103d6886,0xf2127bcb896968cffd1d2e656c1b0cd5868eaf6d,0x4c7b7f67104195d35b5537348512fe1c1f15d85b,23326101892177068111158117403380029821171932103636404586665389293169475076267,BUY,626.273,0.795,497.887035,2026-05-26 12:33:55+00:00,True
46504746,0x68f130d917cf78f01e906e868c6d5d38f39d93c61b6e403471d19f69a3a590b0,0x7116b11588a6e204b5ed94fd7c2c5020578dd83c,0xc78c9c0ace0e8a3c84d906be1cde374ea9e45962,23326101892177068111158117403380029821171932103636404586665389293169475076267,SELL,153.0,0.795,121.635,2026-05-26 12:33:59+00:00,True
46504750,0x96be2dd88023818fc8988fcaec3f0d5218946cabcab88624585bdbb72ba7481d,0x03502e2b26a9c4f16d0da5f988c055282eb870e2,0x44a55e4a7c8fac2d285224da96419ff31607bc03,23326101892177068111158117403380029821171932103636404586665389293169475076267,SELL,131.0,0.7929999999999999,103.883,2026-05-26 12:34:07+00:00,True
46504750,0x0d45434ab689c4574907fd5cf89d17dd50b199f42c218decbae224d01080e080,0xfa040f8b4f5a81abe71591c14b304ab2db19d5cf,0x20e8f154a877034dd0145b304d90b99bbd8d558d,23326101892177068111158117403380029821171932103636404586665389293169475076267,SELL,298.0,0.798,237.804,2026-05-26 12:34:07+00:00,True
46504753,0x3192d67ea3790e941730c3f44177410992a21cd2784311fc1ab4828ea7e4c877,0x16b8766e6b52bb0113213ad2d4987ec1e9b99e13,0xf3f56bf1914c904b37fffcef5f13d6343438cf36,23326101892177068111158117403380029821171932103636404586665389293169475076267,SELL,537.0,0.7739999999999999,415.638,2026-05-26 12:34:13+00:00,True
46504754,0xc878b2b2ff3742f575cd9ae227447beac0802b7147fdf90d1231fbff16ac2e23,0xe7c1c5522eda5ae252b0574f7a642ae74f8af3a3,0xd70ceccf2ef3462078984cac81336327707290af,23326101892177068111158117403380029821171932103636404586665389293169475076267,BUY,462.144,0.7759999999999999,358.623744,2026-05-26 12:34:15+00:00,True
46504756,0x428156c3228626b92eb06d475fbf38c20047fca8c288626acdebbdb2986d7c93,0x15b3176ee08c799b5eaad507127455b832596073,0x8d6dee7ecf3a4776bcd9dd895e8e23efde4816a4,23326101892177068111158117403380029821171932103636404586665389293169475076267,BUY,244.165,0.773,188.739545,2026-05-26 12:34:19+00:00,True
46504758,0xb74c0152bc7e162e5361f71c690b3bde00768f98b72357373bf5c6157c632fc4,0x467cd02aaf670d67d92f6aaf2bbcf9c2ecc73ba9,0xfad5b1f2d7f59bde91dd7e2c0b170be6101ae97a,23326101892177068111158117403380029821171932103636404586665389293169475076267,SELL,244.0,0.776,189.344,2026-05-26 12:34:23+00:00,True
46504759,0x0678736fbc79e023d242209bd36d22b89fefc89f8d220d58f4470d38a8630536,0x106f90adb6ec8eacd2dffbfb1ca937bf8dc16bac,0xfad5b1f2d7f59bde91dd7e2c0b170be6101ae97a,23326101892177068111158117403380029821171932103636404586665389293169475076267,BUY,316.214,0.775,245.06585,2026-05-26 12:34:25+00:00,True
46504761,0x50f32e9250e7bf29a86ea35e804f3ec379b9d4226399ad646bc7484822c84a39,0xf2127bcb896968cffd1d2e656c1b0cd5868eaf6d,0x4c7b7f67104195d35b5537348512fe1c1f15d85b,23326101892177068111158117403380029821171932103636404586665389293169475076267,SELL,607.0,0.762,462.534,2026-05-26 12:34:29+00:00,True
46504761,0x2c52634aa456c409b45a81c95f77187da63a2df58c909de035daa4880e4c0c18,0x696ec0da3a4c332694d66c6941e4383646bfae3f,0xf32b50d6526d4741629461ce436bf7a79fb8e188,23326101892177068111158117403380029821171932103636404586665389293169475076267,BUY,529.109,0.763,403.710167,2026-05-26 12:34:29+00:00,True
46504763,0x718dc2ad1a4310aa864cd705968865511cc75acd774b3b467d8d2566b84648f8,0x51c8ad3fc12a10ebe225a0e66ea69288503ad739,0x9f997f7c146fbc311aa5c1d0fd01b19b814277a5,23326101892177068111158117403380029821171932103636404586665389293169475076267,BUY,132.948,0.76,101.04048,2026-05-26 12:34:33+00:00,True
46504763,0x4592d55e570b3fea80b9bfe7661297228e02ad6aae936177368cc875afc486a2,0x7116b11588a6e204b5ed94fd7c2c5020578dd83c,0xe2867815c595a0b889570f03f01f369b3406470f,23326101892177068111158117403380029821171932103636404586665389293169475076267,SELL,91.0,0.764,69.524,2026-05-26 12:34:33+00:00,True
46504763,0xcbd3383fbb22813daf6f928f40580ca88ea50991a1f5ff0b3bfd66299ae240d5,0xcab263f601d7d58ebd4544c3701d2d5c2f7f477c,0x2a0a7cab60677aaa6706cc0f4ce76665dae69fa3,23326101892177068111158117403380029821171932103636404586665389293169475076267,BUY,553.113,0.7629999999999999,422.025219,2026-05-26 12:34:33+00:00,True
46504764,0x967ef2d6df30fc0d22c04d5a5e9b1f59f868a93611e2f15990ace406c55b3f4c,0xd96155cc52ad7d3ff7a39c95fa515b965e358af8,0xf46b6d0c6dd31ac12f260732940f16b41ebd8737,23326101892177068111158117403380029821171932103636404586665389293169475076267,SELL,262.0,0.764,200.168,2026-05-26 12:34:35+00:00,True
46504765,0x2338ff67c83f7d05dd3ce10f2043ebc8a52d72367fa1172bc7bc1ebf9889b49b,0xf46b6d0c6dd31ac12f260732940f16b41ebd8737,0xfa040f8b4f5a81abe71591c14b304ab2db19d5cf,23326101892177068111158117403380029821171932103636404586665389293169475076267,BUY,619.443,0.768,475.732224,2026-05-26 12:34:37+00:00,True
46504767,0x23d3c57cdf6d15e4b6d796cba7d722a0d582e9b4ae69f7cc611d8117a8ba30f5,0xe7c1c5522eda5ae252b0574f7a642ae74f8af3a3,0xd70ceccf2ef3462078984cac81336327707290af,23326101892177068111158117403380029821171932103636404586665389293169475076267,SELL,448.0,0.767,343.616,2026-05-26 12:34:41+00:00,True
46504767,0x40c324026578e25735989fcedf374d77e495b80cd13d08b65182a96fa7e20540,0x0ec5f85aa1985c1d4113eaf84aff31d9377f3708,0xe7c1c5522eda5ae252b0574f7a642ae74f8af3a3,23326101892177068111158117403380029821171932103636404586665389293169475076267,BUY,210.617,0.766,161.332622,2026-05-26 12:34:41+00:00,True
46504769,0x10516a07194cc2994f04d23d4bc303dafff32a2401267e43eda71a1783e9bff6,0x5dd1eb898cb24e00a0575d95afcb4f2d22410f9a,0xfc5d6ef1ebdead2a79633dbbeb1392fafee264df,23326101892177068111158117403380029821171932103636404586665389293169475076267,SELL,326.0,0.772,251.672,2026-05-26 12:34:45+00:00,True
46504769,0xe6e78bb47068bf97d199b62f795d6760c6eac2df122cd9ae2713a2986ddf2e7a,0xa18dcd8e97306a29227e269ac600968aca7b9014,0x27b4afbd88fe7c88c6897bb0b4ade338d0401e37,3469897573899448175025502310970962120106787982500692321932053495327697019488,BUY,4.0,0.15,0.6,2026-05-26 12:34:45+00:00,False
46504769,0xe6e78bb47068bf97d199b62f795d6760c6eac2df122cd9ae2713a2986ddf2e7a,0xa18dcd8e97306a29227e269ac600968aca7b9014,0x27b4afbd88fe7c88c6897bb0b4ade338d0401e37,3469897573899448175025502310970962120106787982500692321932053495327697019488,BUY,3.511621,0.14000001708612633,0.491627,2026-05-26 12:34:45+00:00,False
46504770,0xdc686017e03a0fc5b17a338f6c51a8b059571b37b8087a19a961f4e30f9ef55c,0x578c31a7a005b03cdd8b23671dd58d5310fcc8c1,0x15b3176ee08c799b5eaad507127455b832596073,23326101892177068111158117403380029821171932103636404586665389293169475076267,BUY,231.139,0.8049999999999999,186.066895,2026-05-26 12:34:47+00:00,True
46504773,0xd3c270c08d0e982ab0bd0da15b3f74c61b820daa3a4eb7581a9a6b8d1ecf3161,0x106f90adb6ec8eacd2dffbfb1ca937bf8dc16bac,0xfad5b1f2d7f59bde91dd7e2c0b170be6101ae97a,23326101892177068111158117403380029821171932103636404586665389293169475076267,SELL,307.0,0.8029999999999999,246.521,2026-05-26 12:34:53+00:00,True
46504774,0x695b7794331a69a5f1e72456b0226464a2a546660b50d09b678c883a79d9b81d,0x7a9813714db9f2042cf7bdea4421c954d79243e6,0x4651f69873f1be6c94890d79e945b80ec9dd4fd3,23326101892177068111158117403380029821171932103636404586665389293169475076267,BUY,510.284,0.8049999999999999,410.77862,2026-05-26 12:34:55+00:00,True
46504774,0x7e22552187086dc33a8884edda95029c97e95e925b39395cd647b70e2bd2cb02,0xa18dcd8e97306a29227e269ac600968aca7b9014,0x27b4afbd88fe7c88c6897bb0b4ade338d0401e37,3469897573899448175025502310970962120106787982500692321932053495327697019488,BUY,1.9627,0.16,0.314032,2026-05-26 12:34:55+00:00,False
46504775,0x9baf307ec521c0ecfbd062f6f4fce4114df3ac4216ed7568ef938ee7f7380c63,0x4928a1640bb2b21272a0b713582e69e893a51fee,0xbc3fa7e33842a9804c08a52da7e395e6f95378f0,23326101892177068111158117403380029821171932103636404586665389293169475076267,SELL,119.0,0.797,94.843,2026-05-26 12:34:57+00:00,True
46504776,0x7a34faa3aab74cd3e89be8048652ae6cffd8efa177b9e387e4aa0c41c900fa8a,0x5d5df741182561e9e2e3e1a143082daacff3795a,0x1e945453fcb562c562b72582d7254f58324b764a,23326101892177068111158117403380029821171932103636404586665389293169475076267,BUY,258.911,0.7959999999999999,206.093156,2026-05-26 12:34:59+00:00,True
46504778,0x850d79e93873e3d0aedf3ca53de0346c1a6f39b8c6fc18ad592d774ffb2dd769,0xcab263f601d7d58ebd4544c3701d2d5c2f7f477c,0x2a0a7cab60677aaa6706cc0f4ce76665dae69fa3,23326101892177068111158117403380029821171932103636404586665389293169475076267,SELL,537.0,0.8019999999999999,430.674,2026-05-26 12:35:03+00:00,True
46504779,0x2c3d5a1abf0295224ce148ede2b73973e1cfc1025f0f9293db6454664d83d1b7,0x2a0a7cab60677aaa6706cc0f4ce76665dae69fa3,0xe2867815c595a0b889570f03f01f369b3406470f,23326101892177068111158117403380029821171932103636404586665389293169475076267,BUY,582.908,0.796,463.994768,2026-05-26 12:35:05+00:00,True
46504781,0x7e50d9b22e2b9ffe4080a5a6cb19993eccf480f4789020351238bacca6bec1e9,0xd96155cc52ad7d3ff7a39c95fa515b965e358af8,0xf46b6d0c6dd31ac12f260732940f16b41ebd8737,23326101892177068111158117403380029821171932103636404586665389293169475076267,BUY,495.384,0.8059999999999999,399.279504,2026-05-26 12:35:09+00:00,True
46504783,0x6adf5693e21a0692722be32a380eb4c5d7b0db46304e94ce9e5f0ac5608aa81b,0x0ec5f85aa1985c1d4113eaf84aff31d9377f3708,0xe7c1c5522eda5ae252b0574f7a642ae74f8af3a3,23326101892177068111158117403380029821171932103636404586665389293169475076267,SELL,204.0,0.809,165.036,2026-05-26 12:35:13+00:00,True
46504783,0xd90f781a59d813c2ffd5e70c9d23e3c92e534fcd21d6e8f8049d644f107fa95f,0x4eb14aed5077c93f720b98e9c512cdbe757ff3b3,0x0ec5f85aa1985c1d4113eaf84aff31d9377f3708,23326101892177068111158117403380029821171932103636404586665389293169475076267,BUY,568.339,0.8069999999999998,458.649573,2026-05-26 12:35:13+00:00,True
46504787,0x0bb94fab63c4dd4b96053306c1b98b20a6de6d4eb01aaf414a3ea55378583bda,0x578c31a7a005b03cdd8b23671dd58d5310fcc8c1,0x8d6dee7ecf3a4776bcd9dd895e8e23efde4816a4,23326101892177068111158117403380029821171932103636404586665389293169475076267,SELL,236.0,0.8069999999999999,190.452,2026-05-26 12:35:21+00:00,True
46504789,0x2121a995ed59e2b09435425e2e1d13e7527a7c7ee5ec8b4b3afff52a4aee21df,0x7a9813714db9f2042cf7bdea4421c954d79243e6,0x4651f69873f1be6c94890d79e945b80ec9dd4fd3,23326101892177068111158117403380029821171932103636404586665389293169475076267,SELL,495.0,0.804,397.98,2026-05-26 12:35:25+00:00,True
46504792,0x585c369175f9645a9749a24da1fd2683b67b1ae4e2b364344e2617276f695486,0x81801025871ee73ac195edd2ffb4b3353b765e00,0xfad5b1f2d7f59bde91dd7e2c0b170be6101ae97a,23326101892177068111158117403380029821171932103636404586665389293169475076267,BUY,307.865,0.8109999999999999,249.678515,2026-05-26 12:35:31+00:00,True
46504793,0x83914473933f78482f90ce369f205f7bc3188191c9bfeec3461cd8cc356b7588,0x696ec0da3a4c332694d66c6941e4383646bfae3f,0xf32b50d6526d4741629461ce436bf7a79fb8e188,23326101892177068111158117403380029821171932103636404586665389293169475076267,SELL,513.0,0.811,416.043,2026-05-26 12:35:33+00:00,True
46504795,0xcf35032a347d1049ae11fc0324e39005ecbc556cc73f5a77ba3423d81de05484,0x2a0a7cab60677aaa6706cc0f4ce76665dae69fa3,0xe2867815c595a0b889570f03f01f369b3406470f,23326101892177068111158117403380029821171932103636404586665389293169475076267,SELL,565.0,0.8119999999999999,458.78,2026-05-26 12:35:37+00:00,True
46504800,0x80fbf057371d8d62ef3e843658f98397b20525c594b38c773130050a2225feb7,0xf46b6d0c6dd31ac12f260732940f16b41ebd8737,0xfa040f8b4f5a81abe71591c14b304ab2db19d5cf,23326101892177068111158117403380029821171932103636404586665389293169475076267,SELL,601.0,0.81,486.81,2026-05-26 12:35:47+00:00,True
46504801,0x658972e347fd9d0e5176125adbc5a137f1bec9ff58aeb03ceb0030cca7df9a75,0x51c8ad3fc12a10ebe225a0e66ea69288503ad739,0x9f997f7c146fbc311aa5c1d0fd01b19b814277a5,23326101892177068111158117403380029821171932103636404586665389293169475076267,SELL,129.0,0.8099999999999999,104.49,2026-05-26 12:35:49+00:00,True
46504801,0xd85d2c257999f7f1df305442a5b50a72d5cf0a38eba74d0d5e85d22b2ae6e162,0xfcddeea788a40bfd216af7097fbf386282fb6653,0x20e8f154a877034dd0145b304d90b99bbd8d558d,23326101892177068111158117403380029821171932103636404586665389293169475076267,BUY,188.961,0.8069999999999999,152.491527,2026-05-26 12:35:49+00:00,True
46504803,0xafbd38c33525288298a1f65f0216fc40a61284cc05cf9e2c9f1e455beadbd84d,0x4eb14aed5077c93f720b98e9c512cdbe757ff3b3,0x0ec5f85aa1985c1d4113eaf84aff31d9377f3708,23326101892177068111158117403380029821171932103636404586665389293169475076267,SELL,551.0,0.8119999999999999,447.412,2026-05-26 12:35:53+00:00,True
46504803,0x98d349bc081ff1ca6734b83ccb670f0782514f4a200793b7d014d96d1f7b2c52,0xe7c1c5522eda5ae252b0574f7a642ae74f8af3a3,0x4eb14aed5077c93f720b98e9c512cdbe757ff3b3,23326101892177068111158117403380029821171932103636404586665389293169475076267,BUY,178.88,0.809,144.71392,2026-05-26 12:35:53+00:00,True
46504805,0xa12df3369a6715e62a43cef88d984dc03c6d0868f986090d084f63a724d23008,0xddde391c2544b526c7481543e577dad6423edede,0x8d6dee7ecf3a4776bcd9dd895e8e23efde4816a4,23326101892177068111158117403380029821171932103636404586665389293169475076267,BUY,337.39,0.8130000000000001,274.29807,2026-05-26 12:35:57+00:00,True
46504807,0xbfa42db25c50e92454b9517d9517488a8490424ef79473da821f6f60efc45934,0x81801025871ee73ac195edd2ffb4b3353b765e00,0xfad5b1f2d7f59bde91dd7e2c0b170be6101ae97a,23326101892177068111158117403380029821171932103636404586665389293169475076267,SELL,298.0,0.8109999999999999,241.678,2026-05-26 12:36:01+00:00,True
46504807,0x23bee0bf88133e7b019958fbef4c85632c375082aed8ca621135011c4a62fd71,0xa6ca7bae9aa52bc783c11cfbabb241e3bc361947,0x6d4500900a402d39c3b954dbb01d2f41b363973f,23326101892177068111158117403380029821171932103636404586665389293169475076267,SELL,145.0,0.81,117.45,2026-05-26 12:36:01+00:00,True
46504808,0x59a92c27bad77f97b6892c9e0709de298977f88c511319ff08d0d3183afda0f4,0x4c57d4d6313fa0b4470679dbbf5eb3db63b3a916,0x51ba3d50c5b80070de3419157fce0eb46afcfa69,23326101892177068111158117403380029821171932103636404586665389293169475076267,BUY,147.13,0.8130000000000001,119.61669,2026-05-26 12:36:03+00:00,True
46504810,0x4c71c41482d449c35aac85f84fe0bdf8dd06696d41035138ba0b1f0ce24167cf,0x5d5df741182561e9e2e3e1a143082daacff3795a,0x1e945453fcb562c562b72582d7254f58324b764a,23326101892177068111158117403380029821171932103636404586665389293169475076267,SELL,251.0,0.838,210.338,2026-05-26 12:36:07+00:00,True
46504811,0x4939e7386565d9db67960298ef4d037d2835f9c4a41eb328491c9e3431cdc7ff,0xd6c696526a2f64cfdf08341ee819bf127b9135a1,0xf32b50d6526d4741629461ce436bf7a79fb8e188,23326101892177068111158117403380029821171932103636404586665389293169475076267,BUY,164.176,0.84,137.90784,2026-05-26 12:36:09+00:00,True
46504814,0xf725db3d77a36b687bbd72f4bca6ef82f46c76ecbf5671aaa1f11a75be2484c7,0xd96155cc52ad7d3ff7a39c95fa515b965e358af8,0xf46b6d0c6dd31ac12f260732940f16b41ebd8737,23326101892177068111158117403380029821171932103636404586665389293169475076267,SELL,481.0,0.8220000000000001,395.382,2026-05-26 12:36:15+00:00,True
46504821,0x7fcbd582015ea2d125ffdc6878b74e9f5a26658a51098d8554dd1d8ef0a0220c,0x29bc885242f5c3c0bf1ff352598caf9bb503044d,0x16b8766e6b52bb0113213ad2d4987ec1e9b99e13,23326101892177068111158117403380029821171932103636404586665389293169475076267,BUY,220.044,0.819,180.216036,2026-05-26 12:36:29+00:00,True
46504822,0x62ad494492830a5d75e5c1f9b5f7b223e2eb98ffa881bef622dacefdd1aa0107,0xddde391c2544b526c7481543e577dad6423edede,0x8d6dee7ecf3a4776bcd9dd895e8e23efde4816a4,23326101892177068111158117403380029821171932103636404586665389293169475076267,SELL,328.0,0.8250000000000001,270.6,2026-05-26 12:36:31+00:00,True
46504822,0xb971f113a23171a71d03301e656b19500e1c1b26ce79698cd859015016500d26,0xfc5d6ef1ebdead2a79633dbbeb1392fafee264df,0x578c31a7a005b03cdd8b23671dd58d5310fcc8c1,23326101892177068111158117403380029821171932103636404586665389293169475076267,BUY,188.489,0.824,155.314936,2026-05-26 12:36:31+00:00,True
46504824,0xd03110a6c1f704f3878adda97004a40fd2676093e2788083b94d093cf6982485,0x1d1f3206e671fd2a67c943d93163e6bddfb4262f,0xbb6bd94a674260815f9af84cf392b19214b4e023,23326101892177068111158117403380029821171932103636404586665389293169475076267,SELL,208.0,0.8340000000000001,173.472,2026-05-26 12:36:35+00:00,True
46504824,0x49b6523759619e6f179d40bfc82d3558f6a684344ed37cb115f743026e9452eb,0x106f90adb6ec8eacd2dffbfb1ca937bf8dc16bac,0x7a9813714db9f2042cf7bdea4421c954d79243e6,23326101892177068111158117403380029821171932103636404586665389293169475076267,BUY,330.343,0.835,275.836405,2026-05-26 12:36:35+00:00,True
46504825,0xa5c0ae7fc0b67d31ec665b5de5f9d670e1bb98ac41b0b5894cc7bec7e3780cc7,0xa38510261297a9a3d519d36c6566dae7065c4ff4,0xfa41cd7c7f68200270349ea2e8d3e847d9314a78,23326101892177068111158117403380029821171932103636404586665389293169475076267,BUY,120.009,0.8340000000000001,100.087506,2026-05-26 12:36:37+00:00,True
46504826,0xbe9ec55a3d12d8d9f04238358f3e9768ed1f72f2e66486fa0d7bac7070c634d4,0xd6c696526a2f64cfdf08341ee819bf127b9135a1,0xf32b50d6526d4741629461ce436bf7a79fb8e188,23326101892177068111158117403380029821171932103636404586665389293169475076267,SELL,160.0,0.836,133.76,2026-05-26 12:36:39+00:00,True
46504826,0x67f7775aa101da746b9c057ef2444b27ce72aad812f6b79f46a73bfd98253347,0xf32b50d6526d4741629461ce436bf7a79fb8e188,0x29dd54f3dd1491d1e2bc69944b5983e211f58aaf,23326101892177068111158117403380029821171932103636404586665389293169475076267,BUY,260.002,0.834,216.841668,2026-05-26 12:36:39+00:00,True
46504828,0x401c3869c844f3c08654e6fceaeeb4db5658d638fc08a99dc4b1b249bbb80b7c,0x21ea7251a8368ce69c06b81f45f6ff3147feea36,0x7116b11588a6e204b5ed94fd7c2c5020578dd83c,23326101892177068111158117403380029821171932103636404586665389293169475076267,BUY,454.316,0.833,378.445228,2026-05-26 12:36:43+00:00,True
46504830,0x9e5f4ababf836192e20d14cd30ef468d4bb8cc0cbe28fd3f7c8cbd945f214b33,0x20e8f154a877034dd0145b304d90b99bbd8d558d,0x97acc627ca2d37320ff1b6daa8d024eccde95336,23326101892177068111158117403380029821171932103636404586665389293169475076267,SELL,236.0,0.838,197.768,2026-05-26 12:36:47+00:00,True
46504830,0xbb12f656a101439d14a7a6489aca406b69183c2fa85b7bc02dc2992f80f92d7f,0xd3abc6684aae3c47b44ecad5f8ce43ad578b861c,0xf46b6d0c6dd31ac12f260732940f16b41ebd8737,23326101892177068111158117403380029821171932103636404586665389293169475076267,BUY,765.713,0.8380000000000001,641.667494,2026-05-26 12:36:47+00:00,True
46504832,0xd06adf992ce3d47e4fffdc200b59934c2d87e82b5ac2d2d96261b39ba60697db,0x24098eb6e196a8b94b42bd46fdcbf507af651df6,0x03502e2b26a9c4f16d0da5f988c055282eb870e2,23326101892177068111158117403380029821171932103636404586665389293169475076267,BUY,135.115,0.8329999999999999,112.550795,2026-05-26 12:36:51+00:00,True
46504832,0xe2bb243ccc6dcccf86af59026d7f16f522b7867116e1a4ad51c19dc3d7903000,0x29bc885242f5c3c0bf1ff352598caf9bb503044d,0x16b8766e6b52bb0113213ad2d4987ec1e9b99e13,23326101892177068111158117403380029821171932103636404586665389293169475076267,SELL,213.0,0.838,178.494,2026-05-26 12:36:51+00:00,True
46504832,0x780bcd33e9770b2eccf184a6dad57fafd0b598100a0761fe3689b2d75d176285,0xd70ceccf2ef3462078984cac81336327707290af,0x0ec5f85aa1985c1d4113eaf84aff31d9377f3708,23326101892177068111158117403380029821171932103636404586665389293169475076267,BUY,1000.891,0.8340000000000001,834.743094,2026-05-26 12:36:51+00:00,True
46504834,0x8333077d310198088864d7e8d7ab6782ce7299408938070c229e651367673f2e,0x15b3176ee08c799b5eaad507127455b832596073,0xcf186e0d509c32402f869bafb690286c75d9c2ae,23326101892177068111158117403380029821171932103636404586665389293169475076267,BUY,181.84,0.836,152.01824,2026-05-26 12:36:55+00:00,True
46504836,0x926fe74cb7e604ccecf13035249d115dbeef574be5337404ceba4a8e5c002146,0x106f90adb6ec8eacd2dffbfb1ca937bf8dc16bac,0x7a9813714db9f2042cf7bdea4421c954d79243e6,23326101892177068111158117403380029821171932103636404586665389293169475076267,SELL,320.0,0.8380000000000001,268.16,2026-05-26 12:36:59+00:00,True
46504836,0x1fc7af073e9bc09cd16f171e1951eb9e646623ebc24b898b665450d9cea4cb55,0x467cd02aaf670d67d92f6aaf2bbcf9c2ecc73ba9,0xfad5b1f2d7f59bde91dd7e2c0b170be6101ae97a,23326101892177068111158117403380029821171932103636404586665389293169475076267,BUY,230.802,0.839,193.642878,2026-05-26 12:36:59+00:00,True
46504838,0xb930e78b71e4ce534d8a09c899aa46afdd0a4dbdc1b1730da2f3eb8af70a86c5,0xf32b50d6526d4741629461ce436bf7a79fb8e188,0x29dd54f3dd1491d1e2bc69944b5983e211f58aaf,23326101892177068111158117403380029821171932103636404586665389293169475076267,SELL,252.0,0.839,211.428,2026-05-26 12:37:03+00:00,True
46504839,0x17f153665392a99dab59b88cb2e40c303be77b2120b8cf0474af670566bd0102,0x5d5df741182561e9e2e3e1a143082daacff3795a,0x3e02ca4daf734bca12a033bfff07f2075ee103a8,23326101892177068111158117403380029821171932103636404586665389293169475076267,BUY,405.0,0.8390000000000001,339.795,2026-05-26 12:37:05+00:00,True
46504843,0x48a92f823ad510e9d5d2528e2abeec4e5474f6a5b0f246f33d5216c822eddeee,0x21ea7251a8368ce69c06b81f45f6ff3147feea36,0x7116b11588a6e204b5ed94fd7c2c5020578dd83c,23326101892177068111158117403380029821171932103636404586665389293169475076267,SELL,441.0,0.819,361.179,2026-05-26 12:37:13+00:00,True
46504845,0xb5a1d83013c3606a2098f6dd90c2f2dcc6c4a04ee8e24b11819c37946ab0782d,0xd3abc6684aae3c47b44ecad5f8ce43ad578b861c,0xf46b6d0c6dd31ac12f260732940f16b41ebd8737,23326101892177068111158117403380029821171932103636404586665389293169475076267,SELL,742.0,0.8180000000000001,606.956,2026-05-26 12:37:17+00:00,True
46504846,0xd81324214dcd3834e0575326c0fc94c35096347603bbaa7715d7ab3571a4541f,0xf46b6d0c6dd31ac12f260732940f16b41ebd8737,0x20e8f154a877034dd0145b304d90b99bbd8d558d,23326101892177068111158117403380029821171932103636404586665389293169475076267,BUY,294.296,0.8170000000000001,240.439832,2026-05-26 12:37:19+00:00,True
46504848,0x86dc24b13eaa37977e4992e0b7ee4eed4d198bb0f4dfbcd0e2a09f0324106d8a,0xd70ceccf2ef3462078984cac81336327707290af,0x0ec5f85aa1985c1d4113eaf84aff31d9377f3708,23326101892177068111158117403380029821171932103636404586665389293169475076267,SELL,971.0,0.8220000000000001,798.162,2026-05-26 12:37:23+00:00,True
46504851,0xdbc29c375536eb9b97427344f752baab7d015e7cfe39913531b2e67521812a89,0x4c57d4d6313fa0b4470679dbbf5eb3db63b3a916,0x51ba3d50c5b80070de3419157fce0eb46afcfa69,23326101892177068111158117403380029821171932103636404586665389293169475076267,SELL,142.0,0.778,110.476,2026-05-26 12:37:29+00:00,True
46504851,0xd50d9ff53aac764f084c133e7273b8e98b99d419ab9e7f9eb1d8000696c6f271,0x578c31a7a005b03cdd8b23671dd58d5310fcc8c1,0x578451b97342c6917b979fff91485cb42e7af9ec,23326101892177068111158117403380029821171932103636404586665389293169475076267,BUY,1290.763,0.776,1001.632088,2026-05-26 12:37:29+00:00,True
46504854,0x24a54914c09745389fca4c88c249f21025e007ce268f5c0792e9799b8b8688dc,0x467cd02aaf670d67d92f6aaf2bbcf9c2ecc73ba9,0xfad5b1f2d7f59bde91dd7e2c0b170be6101ae97a,23326101892177068111158117403380029821171932103636404586665389293169475076267,SELL,224.0,0.8109999999999999,181.664,2026-05-26 12:37:35+00:00,True
46504855,0xa29b25522df1bf81a5626cdf1b357e056d5224c474b4ca778be34d570b09552e,0x81801025871ee73ac195edd2ffb4b3353b765e00,0x467cd02aaf670d67d92f6aaf2bbcf9c2ecc73ba9,23326101892177068111158117403380029821171932103636404586665389293169475076267,BUY,1175.496,0.817,960.380232,2026-05-26 12:37:37+00:00,True
46504856,0x3611500355fddcf66b0f26eef789d0382ab4588c8349f8a7dd9306a699d46216,0x5d5df741182561e9e2e3e1a143082daacff3795a,0x3e02ca4daf734bca12a033bfff07f2075ee103a8,23326101892177068111158117403380029821171932103636404586665389293169475076267,SELL,392.0,0.8079999999999999,316.736,2026-05-26 12:37:39+00:00,True
46504857,0x9f4823c560a8048b88f5cafaeda031cbf504fa1d716ab083b62080ff8397bc85,0x4c7b7f67104195d35b5537348512fe1c1f15d85b,0x5d5df741182561e9e2e3e1a143082daacff3795a,23326101892177068111158117403380029821171932103636404586665389293169475076267,BUY,277.321,0.8029999999999999,222.688763,2026-05-26 12:37:41+00:00,True
46504859,0xc9a001e234e087530f95f35ba8c3d0d8fa10b24a933090b36dd90349335ef733,0x46ee7d5fb144f76aac5f9214528f30a91450c501,0x5bf481a94e1fcadf9db3d73b97c4b799272115ce,23326101892177068111158117403380029821171932103636404586665389293169475076267,BUY,478.662,0.804,384.844248,2026-05-26 12:37:45+00:00,True
46504860,0x50ec8877e92a1374a7ea43bbcf32a0962dd55863b6f5f8be04fc383b4bdcb28e,0xf46b6d0c6dd31ac12f260732940f16b41ebd8737,0x20e8f154a877034dd0145b304d90b99bbd8d558d,23326101892177068111158117403380029821171932103636404586665389293169475076267,SELL,329.0,0.8009999999999999,263.529,2026-05-26 12:37:47+00:00,True
46504861,0x2e3d290c77d2d1478956512039d5e02c35ab6d70041b1ff63a1970d3cb6b9e49,0xd3abc6684aae3c47b44ecad5f8ce43ad578b861c,0x97acc627ca2d37320ff1b6daa8d024eccde95336,23326101892177068111158117403380029821171932103636404586665389293169475076267,BUY,423.693,0.811,343.615023,2026-05-26 12:37:49+00:00,True
46504862,0xcb2fa236ce59574de3e67df0871fd72f1231cbbcc3edffa0ee86acd307d7a9f3,0xe7c1c5522eda5ae252b0574f7a642ae74f8af3a3,0x4eb14aed5077c93f720b98e9c512cdbe757ff3b3,23326101892177068111158117403380029821171932103636404586665389293169475076267,SELL,173.0,0.8059999999999999,139.438,2026-05-26 12:37:51+00:00,True
46504863,0xc4878a8a584cca006ba6c3b827a3380f6bb58aa355e7fd2dbe5f8caf1cab06ae,0x23a51a2507f6db2efab5093c08e35e718925dca3,0xe7c1c5522eda5ae252b0574f7a642ae74f8af3a3,23326101892177068111158117403380029821171932103636404586665389293169475076267,BUY,381.797,0.8119999999999999,310.019164,2026-05-26 12:37:53+00:00,True
46504864,0xf10f73afbb14769c437da5a940481147c58661326683dc60c124c15135e20aa9,0x578c31a7a005b03cdd8b23671dd58d5310fcc8c1,0x578451b97342c6917b979fff91485cb42e7af9ec,23326101892177068111158117403380029821171932103636404586665389293169475076267,SELL,1252.0,0.8300000000000001,1039.16,2026-05-26 12:37:55+00:00,True
46504864,0x773f1e053f233120089469e05b50c97be7cc4990a9f5f5b337657c220bfb2371,0xa38510261297a9a3d519d36c6566dae7065c4ff4,0xfa41cd7c7f68200270349ea2e8d3e847d9314a78,23326101892177068111158117403380029821171932103636404586665389293169475076267,SELL,116.0,0.834,96.744,2026-05-26 12:37:55+00:00,True
46504865,0xabaf75d990d71894664377de0cb0013e1a9ea2e8e2346cb7a42571d08b2b366b,0xeb010bace7dbedb1a20d33f28de070367ccc8e46,0x578c31a7a005b03cdd8b23671dd58d5310fcc8c1,23326101892177068111158117403380029821171932103636404586665389293169475076267,BUY,174.545,0.823,143.650535,2026-05-26 12:37:57+00:00,True
46504866,0x033c3bd6bb2877a17d7ea7638182ae3af8ada3164403673213f6533296675cde,0x81801025871ee73ac195edd2ffb4b3353b765e00,0x467cd02aaf670d67d92f6aaf2bbcf9c2ecc73ba9,23326101892177068111158117403380029821171932103636404586665389293169475076267,SELL,1196.0,0.8240000000000001,985.504,2026-05-26 12:37:59+00:00,True
46504866,0x11cf779a77095e8cedf78ef111034ddf52ff1bb3135078de66062a64c5081164,0xbb6bd94a674260815f9af84cf392b19214b4e023,0xff3de15715fe508970c31824ddb455cf61e2ed99,23326101892177068111158117403380029821171932103636404586665389293169475076267,BUY,392.037,0.8190000000000001,321.078303,2026-05-26 12:37:59+00:00,True
46504868,0xd6daea3b8e99304ab84ad21255ef79aacc7ea72effc11e7fa0a31c4c894d8bca,0x4c7b7f67104195d35b5537348512fe1c1f15d85b,0x5d5df741182561e9e2e3e1a143082daacff3795a,23326101892177068111158117403380029821171932103636404586665389293169475076267,SELL,269.0,0.823,221.387,2026-05-26 12:38:03+00:00,True
46504869,0xc7b6e2bbfecb636e615cd5897c043e08571ab24f6f7b2c0eca2b69aff69f9333,0x696ec0da3a4c332694d66c6941e4383646bfae3f,0xf2127bcb896968cffd1d2e656c1b0cd5868eaf6d,23326101892177068111158117403380029821171932103636404586665389293169475076267,BUY,858.74,0.82,704.1668,2026-05-26 12:38:05+00:00,True
46504870,0x25bc312b4ca00d9cc9c812adb99823617e40d95549e373ad866969b00a104faa,0x46ee7d5fb144f76aac5f9214528f30a91450c501,0x5bf481a94e1fcadf9db3d73b97c4b799272115ce,23326101892177068111158117403380029821171932103636404586665389293169475076267,SELL,464.0,0.8160000000000001,378.624,2026-05-26 12:38:07+00:00,True
46504871,0xb54251920dd0add9568252ba90c0e3572e172d163a0ecc5663bdb15806fcc64d,0x24098eb6e196a8b94b42bd46fdcbf507af651df6,0x03502e2b26a9c4f16d0da5f988c055282eb870e2,23326101892177068111158117403380029821171932103636404586665389293169475076267,SELL,131.0,0.8240000000000001,107.944,2026-05-26 12:38:09+00:00,True
46504875,0xf9b7f6f3ee80882b4e3ae41378690e94312282af55fd477b1f16374c76e6b64e,0xcab263f601d7d58ebd4544c3701d2d5c2f7f477c,0x46ee7d5fb144f76aac5f9214528f30a91450c501,23326101892177068111158117403380029821171932103636404586665389293169475076267,BUY,431.899,0.808,348.974392,2026-05-26 12:38:17+00:00,True
46504878,0x91bc8ce217bddb58a0c808bbc6c1da2ecb8ea50f415811e93f97d4b598b8b810,0xd3abc6684aae3c47b44ecad5f8ce43ad578b861c,0x97acc627ca2d37320ff1b6daa8d024eccde95336,23326101892177068111158117403380029821171932103636404586665389293169475076267,SELL,411.0,0.811,333.321,2026-05-26 12:38:23+00:00,True
46504878,0xa3cab4ab2060a936f6940869db5ae36e3731526aa574d63765611c5221585f05,0xf46b6d0c6dd31ac12f260732940f16b41ebd8737,0x9c44b10f39e6a07889ed3d821669565fb11409b3,23326101892177068111158117403380029821171932103636404586665389293169475076267,BUY,180.29,0.808,145.67432,2026-05-26 12:38:23+00:00,True
46504880,0xe69cd2e96b1e6ec7a7657cf74053bcf905ba64d2ef643e4ba1adf1f144ee6f68,0x23a51a2507f6db2efab5093c08e35e718925dca3,0xe7c1c5522eda5ae252b0574f7a642ae74f8af3a3,23326101892177068111158117403380029821171932103636404586665389293169475076267,SELL,371.0,0.806,299.026,2026-05-26 12:38:27+00:00,True
46504880,0x06c2ed1af51e2de5ffa3d3c82641f38bf127f59fd8019d9d58d8ee43af778dcc,0x29bc885242f5c3c0bf1ff352598caf9bb503044d,0x0ec5f85aa1985c1d4113eaf84aff31d9377f3708,23326101892177068111158117403380029821171932103636404586665389293169475076267,BUY,409.802,0.812,332.759224,2026-05-26 12:38:27+00:00,True
46504882,0xbc7a897acd4fdf839d1c6a539eb0ec5a98845e48d317d297aebe37247dc2034b,0x15b3176ee08c799b5eaad507127455b832596073,0x578c31a7a005b03cdd8b23671dd58d5310fcc8c1,23326101892177068111158117403380029821171932103636404586665389293169475076267,SELL,352.0,0.8109999999999999,285.472,2026-05-26 12:38:31+00:00,True
46504884,0x9ad11a6d7ac99a9ed923d8cccc37319690ff478ba1a2dd9a3ee16ce987e2d344,0x578451b97342c6917b979fff91485cb42e7af9ec,0x15b3176ee08c799b5eaad507127455b832596073,23326101892177068111158117403380029821171932103636404586665389293169475076267,BUY,269.136,0.8089999999999999,217.731024,2026-05-26 12:38:35+00:00,True
46504886,0x47444803ccf867ad66598c6c06823a59605e70bc0728c6b7d0738c3dae66921a,0xbb6bd94a674260815f9af84cf392b19214b4e023,0xff3de15715fe508970c31824ddb455cf61e2ed99,23326101892177068111158117403380029821171932103636404586665389293169475076267,SELL,380.0,0.81,307.8,2026-05-26 12:38:39+00:00,True
46504886,0xd782f7703b53c5e78381019480fa5c10c8f433024a219d51d81177461978741a,0x7a9813714db9f2042cf7bdea4421c954d79243e6,0xbb6bd94a674260815f9af84cf392b19214b4e023,23326101892177068111158117403380029821171932103636404586665389293169475076267,BUY,167.308,0.8070000000000002,135.017556,2026-05-26 12:38:39+00:00,True
46504888,0x335c525ed84fffd896ced37f2b35b30e2312869fcc86fcad16aca11d2cf507a1,0x696ec0da3a4c332694d66c6941e4383646bfae3f,0xf2127bcb896968cffd1d2e656c1b0cd5868eaf6d,23326101892177068111158117403380029821171932103636404586665389293169475076267,SELL,833.0,0.8130000000000001,677.229,2026-05-26 12:38:43+00:00,True
46504888,0xed8ad9a18fb488785f8f87f19099bc38552805524c53ecff09d8e8c7966195b8,0xd6c696526a2f64cfdf08341ee819bf127b9135a1,0x3e02ca4daf734bca12a033bfff07f2075ee103a8,23326101892177068111158117403380029821171932103636404586665389293169475076267,BUY,174.017,0.808,140.605736,2026-05-26 12:38:43+00:00,True
46504890,0xd220768cb7523ab55735d3a5b63075fb8bb574f3dc2c1f0d4377ff9166cf5c45,0xcab263f601d7d58ebd4544c3701d2d5c2f7f477c,0x46ee7d5fb144f76aac5f9214528f30a91450c501,23326101892177068111158117403380029821171932103636404586665389293169475076267,SELL,419.0,0.82,343.58,2026-05-26 12:38:47+00:00,True
46504890,0x3233498cc2a31b09f4fe29b0764f6eb892a00078f3e68a4c48f9ee5a73072868,0x5bf481a94e1fcadf9db3d73b97c4b799272115ce,0xe2867815c595a0b889570f03f01f369b3406470f,23326101892177068111158117403380029821171932103636404586665389293169475076267,BUY,297.274,0.82,243.76468,2026-05-26 12:38:47+00:00,True
46504892,0x1b2867ccd7aff92f1daa5ce8f0c23d2e9630d566cadef5b92f6f8903a730b63c,0x196c747e02635b3de6d3f67580ba62ed482fc864,0x9c44b10f39e6a07889ed3d821669565fb11409b3,23326101892177068111158117403380029821171932103636404586665389293169475076267,SELL,203.0,0.8220000000000001,166.866,2026-05-26 12:38:51+00:00,True
46504892,0x2600087092207b3ded24ce3e1ae4461cd530811f2d08005922e96daa724ab4ef,0xfa040f8b4f5a81abe71591c14b304ab2db19d5cf,0xf46b6d0c6dd31ac12f260732940f16b41ebd8737,23326101892177068111158117403380029821171932103636404586665389293169475076267,BUY,705.619,0.822,580.018818,2026-05-26 12:38:51+00:00,True
46504895,0x33c1cd8892cd6cb448246a9ff85ccc8cd557c907124d54e615cbe7ef708855ea,0x4eb14aed5077c93f720b98e9c512cdbe757ff3b3,0xe55c7154097f8832be1e3d83d0e7be49c704830e,23326101892177068111158117403380029821171932103636404586665389293169475076267,BUY,382.95,0.825,315.93375,2026-05-26 12:38:57+00:00,True
46504897,0xae19f0a26312a316387b7b6003e9c18827409cbf1b5bd509a7a8154c051adf5e,0x578451b97342c6917b979fff91485cb42e7af9ec,0x15b3176ee08c799b5eaad507127455b832596073,23326101892177068111158117403380029821171932103636404586665389293169475076267,SELL,476.0,0.842,400.792,2026-05-26 12:39:01+00:00,True
46504898,0x0d1004500f9d8589fb4c825c8b1c67d0a9175ab98eb1442f20302010731d0ee9,0x578c31a7a005b03cdd8b23671dd58d5310fcc8c1,0x578451b97342c6917b979fff91485cb42e7af9ec,23326101892177068111158117403380029821171932103636404586665389293169475076267,BUY,362.065,0.839,303.772535,2026-05-26 12:39:03+00:00,True
46504899,0x683c1a9c70569adbcd92a2efbbafe49b2cf1a3f1d43e6d94841ed4e532d77c75,0xfad5b1f2d7f59bde91dd7e2c0b170be6101ae97a,0x106f90adb6ec8eacd2dffbfb1ca937bf8dc16bac,23326101892177068111158117403380029821171932103636404586665389293169475076267,SELL,170.0,0.853,145.01,2026-05-26 12:39:05+00:00,True
46504900,0x0ed14c44cd7b85fbeab69588aa789ae14d5fb22432e98951835b7b4681d21118,0x467cd02aaf670d67d92f6aaf2bbcf9c2ecc73ba9,0x7a9813714db9f2042cf7bdea4421c954d79243e6,23326101892177068111158117403380029821171932103636404586665389293169475076267,BUY,1331.507,0.852,1134.443964,2026-05-26 12:39:07+00:00,True
46504902,0x8df50296c2bc385555d54c9f321e4c2b0b66d5edfa6270eef3b56deb375c47c9,0xd6c696526a2f64cfdf08341ee819bf127b9135a1,0x3e02ca4daf734bca12a033bfff07f2075ee103a8,23326101892177068111158117403380029821171932103636404586665389293169475076267,SELL,169.0,0.851,143.819,2026-05-26 12:39:11+00:00,True
46504905,0x0755e233c652415c6b556ff7212811f8c9f492776e7b30c0805e0d247857bd28,0x5bf481a94e1fcadf9db3d73b97c4b799272115ce,0xe2867815c595a0b889570f03f01f369b3406470f,23326101892177068111158117403380029821171932103636404586665389293169475076267,SELL,288.0,0.861,247.968,2026-05-26 12:39:17+00:00,True
46504906,0x186f57dcef8a38575622ea95db1e7ab9abcea32e9efbccb0412abb96870524fa,0x2a0a7cab60677aaa6706cc0f4ce76665dae69fa3,0x7116b11588a6e204b5ed94fd7c2c5020578dd83c,23326101892177068111158117403380029821171932103636404586665389293169475076267,BUY,530.837,0.863,458.112331,2026-05-26 12:39:19+00:00,True
46504907,0xd451a023da85966c5fd75d61e16975d1d785ae48f7a7001ce4165bb0e6b4ec66,0xfa040f8b4f5a81abe71591c14b304ab2db19d5cf,0xf46b6d0c6dd31ac12f260732940f16b41ebd8737,23326101892177068111158117403380029821171932103636404586665389293169475076267,SELL,685.0,0.86,589.1,2026-05-26 12:39:21+00:00,True
46504909,0x2776bf49b2187ebe7c5a96553f019f504d747f4300ce02a21236636dba918549,0xfcddeea788a40bfd216af7097fbf386282fb6653,0xfa040f8b4f5a81abe71591c14b304ab2db19d5cf,23326101892177068111158117403380029821171932103636404586665389293169475076267,BUY,741.759,0.844,626.044596,2026-05-26 12:39:25+00:00,True
46504910,0x876acf2a611ef20fffbc3cd8f9b728d056120a51250714e614d2cad02897aae7,0x29bc885242f5c3c0bf1ff352598caf9bb503044d,0x0ec5f85aa1985c1d4113eaf84aff31d9377f3708,23326101892177068111158117403380029821171932103636404586665389293169475076267,SELL,397.0,0.842,334.274,2026-05-26 12:39:27+00:00,True
46504911,0x95e1db20510785f2cd5fc0df610896735f7c516616175c73d16763029a944627,0x0ec5f85aa1985c1d4113eaf84aff31d9377f3708,0xf3f56bf1914c904b37fffcef5f13d6343438cf36,23326101892177068111158117403380029821171932103636404586665389293169475076267,BUY,395.265,0.845,333.998925,2026-05-26 12:39:29+00:00,True
46504912,0x5c36330fe927c122e6d517d5ba7a4a500cb0b2e233d6e0468f73d30adecb1c87,0x888635c2c0193371e22c7362083adf19f30b0b3b,0x44a55e4a7c8fac2d285224da96419ff31607bc03,23326101892177068111158117403380029821171932103636404586665389293169475076267,BUY,133.622,0.847,113.177834,2026-05-26 12:39:31+00:00,True
46504913,0x65a7477b80d5640fdeaa5ee21f8bb2984f126758d1baa051dc0c71d4aad55d60,0x578c31a7a005b03cdd8b23671dd58d5310fcc8c1,0x578451b97342c6917b979fff91485cb42e7af9ec,23326101892177068111158117403380029821171932103636404586665389293169475076267,SELL,351.0,0.842,295.542,2026-05-26 12:39:33+00:00,True
46504914,0x3c61e31d7ac3162ea235ee45478515b66ce0a7c89aa71e2023a5f747340ed743,0x8d6dee7ecf3a4776bcd9dd895e8e23efde4816a4,0xeb010bace7dbedb1a20d33f28de070367ccc8e46,23326101892177068111158117403380029821171932103636404586665389293169475076267,BUY,382.528,0.8449999999999999,323.23616,2026-05-26 12:39:35+00:00,True
46504918,0xd6a6ed0e7633a2f83f8ec30d42418fabf476ef8fc9ee75347a8a9e364cec3622,0x467cd02aaf670d67d92f6aaf2bbcf9c2ecc73ba9,0x7a9813714db9f2042cf7bdea4421c954d79243e6,23326101892177068111158117403380029821171932103636404586665389293169475076267,SELL,1292.0,0.8409999999999999,1086.572,2026-05-26 12:39:43+00:00,True
46504918,0xeb83e2a00d5f56c61b30d15ec0b6292cf9a883d4313bb569c7641a6e6b62aec5,0xf007a22e23fa36e641cb3fc5c9d543476f9737ae,0xff3de15715fe508970c31824ddb455cf61e2ed99,23326101892177068111158117403380029821171932103636404586665389293169475076267,BUY,555.986,0.841,467.584226,2026-05-26 12:39:43+00:00,True
46504922,0x08315996dc5036173e6f0079e2bf783b73d543a8222a19d2aff6c27606fe6a82,0x2a0a7cab60677aaa6706cc0f4ce76665dae69fa3,0x7116b11588a6e204b5ed94fd7c2c5020578dd83c,23326101892177068111158117403380029821171932103636404586665389293169475076267,SELL,515.0,0.842,433.63,2026-05-26 12:39:51+00:00,True
46504924,0x16935e1791a36cf25a57817daf0f22f6fbf031f7160dbc10d92e67c699751fae,0xfcddeea788a40bfd216af7097fbf386282fb6653,0xfa040f8b4f5a81abe71591c14b304ab2db19d5cf,23326101892177068111158117403380029821171932103636404586665389293169475076267,SELL,719.0,0.841,604.679,2026-05-26 12:39:55+00:00,True
46504924,0x56ef4585365e86ffbeee991bbe8c665635b5da272ae00e27c55717df3c454151,0x6fc5910e7227e206cef2ed20737680becaa9d2bd,0x196c747e02635b3de6d3f67580ba62ed482fc864,23326101892177068111158117403380029821171932103636404586665389293169475076267,BUY,176.386,0.842,148.517012,2026-05-26 12:39:55+00:00,True
46504926,0x44c9038f37e3e66bc895afc64cd0997d8e3a4b8a474dcb8468b0d41d221dab49,0x0ec5f85aa1985c1d4113eaf84aff31d9377f3708,0xf3f56bf1914c904b37fffcef5f13d6343438cf36,23326101892177068111158117403380029821171932103636404586665389293169475076267,SELL,383.0,0.841,322.103,2026-05-26 12:39:59+00:00,True
46504928,0x37e93023208f5def05c888342455a6d3ac3851b94e5728dbd783cbeeb4042dee,0x8d6dee7ecf3a4776bcd9dd895e8e23efde4816a4,0xeb010bace7dbedb1a20d33f28de070367ccc8e46,23326101892177068111158117403380029821171932103636404586665389293169475076267,SELL,371.0,0.84,311.64,2026-05-26 12:40:03+00:00,True
46504928,0x91e4b9d435cbd90b5aecb7b132d1df201cc7aaac6d113ea4ad82406935026033,0x578451b97342c6917b979fff91485cb42e7af9ec,0x8d6dee7ecf3a4776bcd9dd895e8e23efde4816a4,23326101892177068111158117403380029821171932103636404586665389293169475076267,BUY,204.915,0.8340000000000001,170.89911,2026-05-26 12:40:03+00:00,True
46504930,0xfbf01add9e830e6fa1858c1ae577442b670a8799b99324bad45137d3cef61703,0xf007a22e23fa36e641cb3fc5c9d543476f9737ae,0xff3de15715fe508970c31824ddb455cf61e2ed99,23326101892177068111158117403380029821171932103636404586665389293169475076267,SELL,539.0,0.8160000000000001,439.824,2026-05-26 12:40:07+00:00,True
46504931,0x98b398ecef27bcffe9d0c8f187176accd277fc1f0b3e6c64b5c32205f721f386,0xbb6bd94a674260815f9af84cf392b19214b4e023,0x106f90adb6ec8eacd2dffbfb1ca937bf8dc16bac,23326101892177068111158117403380029821171932103636404586665389293169475076267,BUY,305.383,0.8180000000000001,249.803294,2026-05-26 12:40:09+00:00,True
46504934,0x26f6aa4f17a4ac997ca064bd11f0505a6e8b579689755ca534d62c8d75f5f3e6,0xf32b50d6526d4741629461ce436bf7a79fb8e188,0x3e02ca4daf734bca12a033bfff07f2075ee103a8,23326101892177068111158117403380029821171932103636404586665389293169475076267,BUY,198.916,0.802,159.530632,2026-05-26 12:40:15+00:00,True
46504937,0xaa4718e60ffebe87742eaead08d48db94d51a3d4fc6782a5555a135ab3de6387,0x97acc627ca2d37320ff1b6daa8d024eccde95336,0x196c747e02635b3de6d3f67580ba62ed482fc864,23326101892177068111158117403380029821171932103636404586665389293169475076267,SELL,171.0,0.808,138.168,2026-05-26 12:40:21+00:00,True
46504938,0x9613aed0f0861c3f5df7001a676e6c1b52ee25ef8eae731da15aeeb5951cc3fc,0x20e8f154a877034dd0145b304d90b99bbd8d558d,0xd3abc6684aae3c47b44ecad5f8ce43ad578b861c,23326101892177068111158117403380029821171932103636404586665389293169475076267,BUY,591.34,0.8059999999999999,476.62004,2026-05-26 12:40:23+00:00,True
46504939,0xdb6db3d5d38f67830f1e725e4c328957edfd7766aa30fdbe9a5ce48eaa6a6ba2,0x04e9d1fc471f17037aa069976cfc6da1f11d1438,0x305512f530792f0815c1ff12d6dfed2901dd5273,23326101892177068111158117403380029821171932103636404586665389293169475076267,BUY,144.615,0.808,116.84892,2026-05-26 12:40:25+00:00,True
46504940,0x0ad23eae8d322b474dd1eb8e227a39e412f260702202184100dc8c71b2694a51,0x4eb14aed5077c93f720b98e9c512cdbe757ff3b3,0xe55c7154097f8832be1e3d83d0e7be49c704830e,23326101892177068111158117403380029821171932103636404586665389293169475076267,SELL,371.0,0.8069999999999999,299.397,2026-05-26 12:40:27+00:00,True
46504941,0x8e6ccc46a4d88ea15f9364fba8a291ac0b85c4ef6aa1b80012ed10340e2980d6,0x29bc885242f5c3c0bf1ff352598caf9bb503044d,0xd70ceccf2ef3462078984cac81336327707290af,23326101892177068111158117403380029821171932103636404586665389293169475076267,BUY,249.801,0.844,210.832044,2026-05-26 12:40:29+00:00,True
46504946,0x56c8c5f733c3da9990c296fb40ab7c6a66c80de21c0fa2860df043a37ff485ed,0xe9c4f09513a211d341c28c3c102106bf0979c60f,0xfa41cd7c7f68200270349ea2e8d3e847d9314a78,23326101892177068111158117403380029821171932103636404586665389293169475076267,BUY,143.447,0.848,121.643056,2026-05-26 12:40:39+00:00,True
46504946,0x695d64a510ea0e19382240254ae4745761bc2b23a1dc455158ec684820d78d09,0xeb010bace7dbedb1a20d33f28de070367ccc8e46,0x8d6dee7ecf3a4776bcd9dd895e8e23efde4816a4,23326101892177068111158117403380029821171932103636404586665389293169475076267,SELL,198.0,0.847,167.706,2026-05-26 12:40:39+00:00,True
46504946,0x866fdbf04d37c226bc3deab9fb6a926697c880dd6fac7e640cecfc3707c986f3,0xfc5d6ef1ebdead2a79633dbbeb1392fafee264df,0xeb010bace7dbedb1a20d33f28de070367ccc8e46,23326101892177068111158117403380029821171932103636404586665389293169475076267,BUY,388.915,0.843,327.855345,2026-05-26 12:40:39+00:00,True
46504948,0x273581312f9be8c031ced81934f32edad237bd0c4df7e429bc4da37bf3a8c674,0xbb6bd94a674260815f9af84cf392b19214b4e023,0x106f90adb6ec8eacd2dffbfb1ca937bf8dc16bac,23326101892177068111158117403380029821171932103636404586665389293169475076267,SELL,296.0,0.843,249.528,2026-05-26 12:40:43+00:00,True
46504948,0xcdb6004be27d81951119150e5da1bfbb6b49fd9ebf9be2b463456eea494b9ec2,0x106f90adb6ec8eacd2dffbfb1ca937bf8dc16bac,0x467cd02aaf670d67d92f6aaf2bbcf9c2ecc73ba9,23326101892177068111158117403380029821171932103636404586665389293169475076267,BUY,408.297,0.845,345.010965,2026-05-26 12:40:43+00:00,True
46504950,0xd0c56de31f50ec1b304f6279991435e9fb1000e28ca0680904ce3bce94fce0dd,0xf32b50d6526d4741629461ce436bf7a79fb8e188,0x3e02ca4daf734bca12a033bfff07f2075ee103a8,23326101892177068111158117403380029821171932103636404586665389293169475076267,SELL,193.0,0.842,162.506,2026-05-26 12:40:47+00:00,True
46504950,0xfdb204ce5221261426d10d2b67a5a7be614be073ec0e414d7142c43dd68d9902,0xf2127bcb896968cffd1d2e656c1b0cd5868eaf6d,0x5aa76047cafc5650dceac42089f3590538cc8550,23326101892177068111158117403380029821171932103636404586665389293169475076267,BUY,376.143,0.8430000000000001,317.088549,2026-05-26 12:40:47+00:00,True
46504952,0x7cf078655c4433e28956d8cb2785bc9138249dc69680e559fd4a44c98db5fcc7,0x888635c2c0193371e22c7362083adf19f30b0b3b,0x44a55e4a7c8fac2d285224da96419ff31607bc03,23326101892177068111158117403380029821171932103636404586665389293169475076267,SELL,130.0,0.844,109.72,2026-05-26 12:40:51+00:00,True
46504952,0x5fbca654a1c55bae9d4e5aa485cfa09e9101778271ffe3c4a6c5bd373e6cbe62,0xc78c9c0ace0e8a3c84d906be1cde374ea9e45962,0x7116b11588a6e204b5ed94fd7c2c5020578dd83c,23326101892177068111158117403380029821171932103636404586665389293169475076267,BUY,573.191,0.846,484.919586,2026-05-26 12:40:51+00:00,True
46504956,0x26625fc52f16f0f35334cc1cf84e3638676d454e84445f22c1c743ede76d2b02,0x20e8f154a877034dd0145b304d90b99bbd8d558d,0xd3abc6684aae3c47b44ecad5f8ce43ad578b861c,23326101892177068111158117403380029821171932103636404586665389293169475076267,SELL,573.0,0.842,482.466,2026-05-26 12:40:59+00:00,True
46504957,0x42e09b4af6eba775b16b425e10b974297a3b308fb65c342e17ea22acf498ce9f,0xfa040f8b4f5a81abe71591c14b304ab2db19d5cf,0x20e8f154a877034dd0145b304d90b99bbd8d558d,23326101892177068111158117403380029821171932103636404586665389293169475076267,BUY,575.029,0.847,487.049563,2026-05-26 12:41:01+00:00,True
46504958,0x77ff9546159aff6ffa3a85e1d64aae2996435b7c020c173392c886feae080a83,0x29bc885242f5c3c0bf1ff352598caf9bb503044d,0xd70ceccf2ef3462078984cac81336327707290af,23326101892177068111158117403380029821171932103636404586665389293169475076267,SELL,242.0,0.843,204.006,2026-05-26 12:41:03+00:00,True
46504959,0x3ea2751f5fb0eadac811047ce579d0bab38a2d02fd24d14ae7cc86e9b44eebd6,0x58085d4b6662bbd2acdd99dffe3c78b8661422ec,0xf3f56bf1914c904b37fffcef5f13d6343438cf36,23326101892177068111158117403380029821171932103636404586665389293169475076267,BUY,459.65,0.8460000000000001,388.8639,2026-05-26 12:41:05+00:00,True
46504961,0x5fa07300602ad860f77e8779e7ff73624ce6b1d201f652abadd2f66c000b41d7,0xfc5d6ef1ebdead2a79633dbbeb1392fafee264df,0xeb010bace7dbedb1a20d33f28de070367ccc8e46,23326101892177068111158117403380029821171932103636404586665389293169475076267,SELL,377.0,0.8420000000000001,317.434,2026-05-26 12:41:09+00:00,True
46504966,0xedad3797e7fb22111da11aa70bd4288eea3128319ca5b7807506a91b3b2bc534,0x106f90adb6ec8eacd2dffbfb1ca937bf8dc16bac,0x467cd02aaf670d67d92f6aaf2bbcf9c2ecc73ba9,23326101892177068111158117403380029821171932103636404586665389293169475076267,SELL,492.0,0.844,415.248,2026-05-26 12:41:19+00:00,True
46504966,0xfccb48538d294e146afe9bae63f9043883c794ab20e27ec3b0ef3d30654852c9,0x467cd02aaf670d67d92f6aaf2bbcf9c2ecc73ba9,0xf007a22e23fa36e641cb3fc5c9d543476f9737ae,23326101892177068111158117403380029821171932103636404586665389293169475076267,BUY,592.333,0.8470000000000001,501.706051,2026-05-26 12:41:19+00:00,True
46504968,0x649865ffd08e607a856e4f8315f07225f0e9aaec7672108b5d5cce044178f25d,0x696ec0da3a4c332694d66c6941e4383646bfae3f,0xf2127bcb896968cffd1d2e656c1b0cd5868eaf6d,23326101892177068111158117403380029821171932103636404586665389293169475076267,BUY,425.361,0.844,359.004684,2026-05-26 12:41:23+00:00,True
46504969,0x395d9bd067b521e2880b900124025c7cf85ccba881878ede9b20b331c4efb1a8,0xc78c9c0ace0e8a3c84d906be1cde374ea9e45962,0x7116b11588a6e204b5ed94fd7c2c5020578dd83c,23326101892177068111158117403380029821171932103636404586665389293169475076267,SELL,556.0,0.848,471.488,2026-05-26 12:41:25+00:00,True
46504970,0x1151a40e9c44ce655b8703935bec9e0b61b7652113d6bc88858dec9a2d55bd93,0x5bf481a94e1fcadf9db3d73b97c4b799272115ce,0xcf7d452632551dc67b321a0bad2db0cd0ccf01db,23326101892177068111158117403380029821171932103636404586665389293169475076267,BUY,207.532,0.845,175.36454,2026-05-26 12:41:27+00:00,True
46504971,0xa2340aeacf8f1e3d5abbf1301d1eb7ca1e5ce71697cb7371827a855929452b71,0xa6ca7bae9aa52bc783c11cfbabb241e3bc361947,0x4c57d4d6313fa0b4470679dbbf5eb3db63b3a916,23326101892177068111158117403380029821171932103636404586665389293169475076267,BUY,139.184,0.848,118.028032,2026-05-26 12:41:29+00:00,True
46504972,0x5aa996c162f5e761d80f8b1724ff5379f013d66f84134bd2363a4d073e482d97,0xfa040f8b4f5a81abe71591c14b304ab2db19d5cf,0x20e8f154a877034dd0145b304d90b99bbd8d558d,23326101892177068111158117403380029821171932103636404586665389293169475076267,SELL,627.0,0.8450000000000001,529.815,2026-05-26 12:41:31+00:00,True
46504972,0x15f5f12b0397e098f3506d8e8be73786984e0856d01ff1878994979a87fdacbe,0xd96155cc52ad7d3ff7a39c95fa515b965e358af8,0xfcddeea788a40bfd216af7097fbf386282fb6653,23326101892177068111158117403380029821171932103636404586665389293169475076267,BUY,399.218,0.8479999999999999,338.536864,2026-05-26 12:41:31+00:00,True
46504974,0x8d6dadb3f71078a8e7f17b088aa133cf5863849ad269b2f0c1f9bc0d068c9351,0x58085d4b6662bbd2acdd99dffe3c78b8661422ec,0xf3f56bf1914c904b37fffcef5f13d6343438cf36,23326101892177068111158117403380029821171932103636404586665389293169475076267,SELL,446.0,0.846,377.316,2026-05-26 12:41:35+00:00,True
46504975,0xc7d430651306ebb84101bf0af3aca2767d6ddb5fbe51827b33352a31f1364170,0x16b8766e6b52bb0113213ad2d4987ec1e9b99e13,0x29bc885242f5c3c0bf1ff352598caf9bb503044d,23326101892177068111158117403380029821171932103636404586665389293169475076267,BUY,250.64,0.844,211.54016,2026-05-26 12:41:37+00:00,True
46504976,0xf564058b2f9456d60231e940eebf2a14a23ce10f5aa8bde94ca99c72b1a90e61,0xfc5d6ef1ebdead2a79633dbbeb1392fafee264df,0xcf186e0d509c32402f869bafb690286c75d9c2ae,23326101892177068111158117403380029821171932103636404586665389293169475076267,SELL,176.0,0.8440000000000001,148.544,2026-05-26 12:41:39+00:00,True
46504976,0x1a64aeb8b4a1c6a013aa1111f9665b81072eea4a7a1dd2d4064c7b297437137e,0x04e9d1fc471f17037aa069976cfc6da1f11d1438,0x305512f530792f0815c1ff12d6dfed2901dd5273,23326101892177068111158117403380029821171932103636404586665389293169475076267,SELL,140.0,0.843,118.02,2026-05-26 12:41:39+00:00,True
46504977,0xdfc2dac05cf64281f23adb51c3bf8f8e2c87e68aaea718036dfd00208af797f1,0xddde391c2544b526c7481543e577dad6423edede,0xf9e019b835590f11e8b7279141fce5f07320a4c9,23326101892177068111158117403380029821171932103636404586665389293169475076267,BUY,799.098,0.845,675.23781,2026-05-26 12:41:41+00:00,True
46504978,0xac6a86e2fce425b81044c51a4599314bac6365977ace196696732f4f49ccbf43,0x467cd02aaf670d67d92f6aaf2bbcf9c2ecc73ba9,0xf007a22e23fa36e641cb3fc5c9d543476f9737ae,23326101892177068111158117403380029821171932103636404586665389293169475076267,SELL,575.0,0.847,487.025,2026-05-26 12:41:43+00:00,True
46504979,0x9c40bab351c2ecdfadfba6cec5dd30a564ba1143d999a81133fb0f939bd84a57,0x81801025871ee73ac195edd2ffb4b3353b765e00,0x106f90adb6ec8eacd2dffbfb1ca937bf8dc16bac,23326101892177068111158117403380029821171932103636404586665389293169475076267,BUY,202.113,0.8490000000000001,171.593937,2026-05-26 12:41:45+00:00,True
46504980,0x296ea1b8c2d83bdd0c1c131ec42a68560227bb6e46ee17172b10be9e35f77128,0x696ec0da3a4c332694d66c6941e4383646bfae3f,0xf2127bcb896968cffd1d2e656c1b0cd5868eaf6d,23326101892177068111158117403380029821171932103636404586665389293169475076267,SELL,413.0,0.853,352.289,2026-05-26 12:41:47+00:00,True
46504981,0x43d1690f3495ead7488b89cfc8785144483676c5547aa09d0bfbe27bf4eeaa8e,0xd6c696526a2f64cfdf08341ee819bf127b9135a1,0xf32b50d6526d4741629461ce436bf7a79fb8e188,23326101892177068111158117403380029821171932103636404586665389293169475076267,BUY,224.445,0.853,191.451585,2026-05-26 12:41:49+00:00,True
46504982,0xbce43a28dfe97b96a6d444c862cd5cf1ffb4e42178d0fc77f90a12f230759056,0x5bf481a94e1fcadf9db3d73b97c4b799272115ce,0xcf7d452632551dc67b321a0bad2db0cd0ccf01db,23326101892177068111158117403380029821171932103636404586665389293169475076267,SELL,201.0,0.854,171.654,2026-05-26 12:41:51+00:00,True
46504983,0x13bcadd043fd4792224c4fd7b625f40c08b6026c5b8c7a9f23c67479595fd47f,0xc2752b98d8241473addccc6e80c3b2b40b5da901,0x5bf481a94e1fcadf9db3d73b97c4b799272115ce,23326101892177068111158117403380029821171932103636404586665389293169475076267,BUY,261.934,0.8579999999999999,224.739372,2026-05-26 12:41:53+00:00,True
46504984,0x4c5e224a344bd50c8769806aab53f3680e56df7432dec58c2a0b5af57afb6db9,0xe9c4f09513a211d341c28c3c102106bf0979c60f,0xfa41cd7c7f68200270349ea2e8d3e847d9314a78,23326101892177068111158117403380029821171932103636404586665389293169475076267,SELL,139.0,0.848,117.872,2026-05-26 12:41:55+00:00,True
46504984,0xea2964436b1a5d01af7984f517aae0e5765ee5739426cdd5e80b752dc29ff58e,0xd96155cc52ad7d3ff7a39c95fa515b965e358af8,0xfcddeea788a40bfd216af7097fbf386282fb6653,23326101892177068111158117403380029821171932103636404586665389293169475076267,SELL,387.0,0.862,333.594,2026-05-26 12:41:55+00:00,True
46504985,0x9e4238f89542063419116e4ab093d50d7abfe743f75ad2ff554096e5f51dc165,0xfcddeea788a40bfd216af7097fbf386282fb6653,0x196c747e02635b3de6d3f67580ba62ed482fc864,23326101892177068111158117403380029821171932103636404586665389293169475076267,BUY,188.233,0.858,161.503914,2026-05-26 12:41:57+00:00,True
46504985,0x662758b9b4089238ce3e78690cafa0f90fbbbec0b9eb6b46adf6e3a9cc8133e0,0xc70b8ea6483ad00d24b48f96ae157b096becfe7d,0xe9c4f09513a211d341c28c3c102106bf0979c60f,23326101892177068111158117403380029821171932103636404586665389293169475076267,BUY,122.237,0.86,105.12382,2026-05-26 12:41:57+00:00,True
46504986,0x56296943f404daa4fab3172235345be71cd5d9750533d1f14dd2fdf062142cc5,0x16b8766e6b52bb0113213ad2d4987ec1e9b99e13,0x29bc885242f5c3c0bf1ff352598caf9bb503044d,23326101892177068111158117403380029821171932103636404586665389293169475076267,SELL,243.0,0.863,209.709,2026-05-26 12:41:59+00:00,True
46504987,0xcff60aa6159ab72eee34ad33d63f985af2dcd4cfcf15748824541681b175da34,0x29bc885242f5c3c0bf1ff352598caf9bb503044d,0xf3f56bf1914c904b37fffcef5f13d6343438cf36,23326101892177068111158117403380029821171932103636404586665389293169475076267,BUY,247.476,0.862,213.324312,2026-05-26 12:42:01+00:00,True
46504988,0x90a6c73eaf81aa022e4327445ae8d508f42edbb6074b532b465a7db7bd82694c,0xddde391c2544b526c7481543e577dad6423edede,0xf9e019b835590f11e8b7279141fce5f07320a4c9,23326101892177068111158117403380029821171932103636404586665389293169475076267,SELL,775.0,0.857,664.175,2026-05-26 12:42:03+00:00,True
46504989,0xee02716d58afbc79b0edf031cb5e1a22a102dbffdc98bee29a41373f16548495,0xeb010bace7dbedb1a20d33f28de070367ccc8e46,0xcf186e0d509c32402f869bafb690286c75d9c2ae,23326101892177068111158117403380029821171932103636404586665389293169475076267,BUY,317.979,0.8580000000000001,272.825982,2026-05-26 12:42:05+00:00,True
46504991,0xf589eb3834af592d5fabde20558b9bb345d2567a498640b859b00ab10b7dd2cf,0x7a9813714db9f2042cf7bdea4421c954d79243e6,0x106f90adb6ec8eacd2dffbfb1ca937bf8dc16bac,23326101892177068111158117403380029821171932103636404586665389293169475076267,SELL,196.0,0.864,169.344,2026-05-26 12:42:09+00:00,True
46504991,0xac1605e6e2e3ed1b7591b17cc1aadccbaa44766909c891cff335cac64cfc6ba6,0x599870cc3752511dad8eca6980e861bcca53c768,0xe90312437def98daccd661e2756f260361d42da4,23326101892177068111158117403380029821171932103636404586665389293169475076267,BUY,124.21,0.86,106.8206,2026-05-26 12:42:09+00:00,True
46504991,0x964da3b59a8917e874fcf840003347117b82027382f4aa78f84c795562b120d1,0x467cd02aaf670d67d92f6aaf2bbcf9c2ecc73ba9,0x7a9813714db9f2042cf7bdea4421c954d79243e6,23326101892177068111158117403380029821171932103636404586665389293169475076267,BUY,226.01,0.863,195.04663,2026-05-26 12:42:09+00:00,True
46504993,0x84fd97ea75905a9d47dd801d383296073efbdacb102a35c11d1174ba2a5a6c6a,0xf2127bcb896968cffd1d2e656c1b0cd5868eaf6d,0x5aa76047cafc5650dceac42089f3590538cc8550,23326101892177068111158117403380029821171932103636404586665389293169475076267,SELL,365.0,0.861,314.265,2026-05-26 12:42:13+00:00,True
46504994,0x445a18b2a03d3d6ae46e2051222111b1e8dc5f5e1a6923577886fdbf4af8f2b3,0xf32b50d6526d4741629461ce436bf7a79fb8e188,0x4c7b7f67104195d35b5537348512fe1c1f15d85b,23326101892177068111158117403380029821171932103636404586665389293169475076267,BUY,298.374,0.8599999999999999,256.60164,2026-05-26 12:42:15+00:00,True
46504999,0x4a2eb9f95a87634ef1c90d92026119f468c4228cb27044cdc444905eed13ef5f,0x5bf481a94e1fcadf9db3d73b97c4b799272115ce,0x7116b11588a6e204b5ed94fd7c2c5020578dd83c,23326101892177068111158117403380029821171932103636404586665389293169475076267,BUY,568.263,0.841,477.909183,2026-05-26 12:42:25+00:00,True
46505000,0x655c66cc986a8bb33e5fa551ec70a0e2dd7f2c802f5ad4f49e0a9365c1555ddc,0xfcddeea788a40bfd216af7097fbf386282fb6653,0x196c747e02635b3de6d3f67580ba62ed482fc864,23326101892177068111158117403380029821171932103636404586665389293169475076267,SELL,183.0,0.837,153.171,2026-05-26 12:42:27+00:00,True
46505000,0x53dee22e8567ef9c22c992adafe5b179465e8f6c3ded35ba75f3c1f1ac0e3438,0x191351eec6a09bdae423438edba0f4bf1d95207d,0x78da84f0d52ea2f80dc122b881be29542680a629,23326101892177068111158117403380029821171932103636404586665389293169475076267,BUY,138.309,0.842,116.456178,2026-05-26 12:42:27+00:00,True
46505001,0x7c73496e62a757f3b916bfc53822244d81a103a018da332c61dd5bcb8a137a17,0xfa040f8b4f5a81abe71591c14b304ab2db19d5cf,0x9c44b10f39e6a07889ed3d821669565fb11409b3,23326101892177068111158117403380029821171932103636404586665389293169475076267,BUY,189.087,0.8440000000000001,159.589428,2026-05-26 12:42:29+00:00,True
46505002,0xdc14f6b6db590d457f137f37fa6a35bba6dc3b9ea60ad0806d3fdca5f5dd219b,0x29bc885242f5c3c0bf1ff352598caf9bb503044d,0xf3f56bf1914c904b37fffcef5f13d6343438cf36,23326101892177068111158117403380029821171932103636404586665389293169475076267,SELL,240.0,0.836,200.64,2026-05-26 12:42:31+00:00,True
46505003,0x802a9807963f6c1d7211be18ab696fb291480bf0358298f1bce40000c779418f,0xe7c1c5522eda5ae252b0574f7a642ae74f8af3a3,0xe55c7154097f8832be1e3d83d0e7be49c704830e,23326101892177068111158117403380029821171932103636404586665389293169475076267,BUY,230.084,0.832,191.429888,2026-05-26 12:42:33+00:00,True
46505004,0xa93fd74f98976929eb9d507b8756cf49c6476f470695f84e34555021b2622248,0xeb010bace7dbedb1a20d33f28de070367ccc8e46,0xcf186e0d509c32402f869bafb690286c75d9c2ae,23326101892177068111158117403380029821171932103636404586665389293169475076267,SELL,309.0,0.8250000000000001,254.925,2026-05-26 12:42:35+00:00,True
46505005,0xc6d3332931d4a87c1f821d1644f814d9288f4b2fc898a49c1916c8997347dc0b,0xcf186e0d509c32402f869bafb690286c75d9c2ae,0xfc5d6ef1ebdead2a79633dbbeb1392fafee264df,23326101892177068111158117403380029821171932103636404586665389293169475076267,BUY,306.678,0.8290000000000001,254.236062,2026-05-26 12:42:37+00:00,True
46505006,0xac780a8291ebda46f163a95c8ca484bc5b285c4a319bb21244b3dbef6f991a36,0x467cd02aaf670d67d92f6aaf2bbcf9c2ecc73ba9,0x7a9813714db9f2042cf7bdea4421c954d79243e6,23326101892177068111158117403380029821171932103636404586665389293169475076267,SELL,219.0,0.823,180.237,2026-05-26 12:42:39+00:00,True
46505007,0x4e9cb4fab5fa51237524310d478766138f32f16a6e0d2fa27b3e917886b79daf,0xfad5b1f2d7f59bde91dd7e2c0b170be6101ae97a,0x81801025871ee73ac195edd2ffb4b3353b765e00,23326101892177068111158117403380029821171932103636404586665389293169475076267,BUY,327.571,0.826,270.573646,2026-05-26 12:42:41+00:00,True
46505008,0x3d5cac4fcb11c27c25caf31bcf0516b7694c93bbc68187c34461ed9461af6be0,0xf32b50d6526d4741629461ce436bf7a79fb8e188,0x4c7b7f67104195d35b5537348512fe1c1f15d85b,23326101892177068111158117403380029821171932103636404586665389293169475076267,SELL,290.0,0.8210000000000001,238.09,2026-05-26 12:42:43+00:00,True
46505009,0x3318ba67beb99e80c8c7d995bee1043fc6249c255a773bd52fdc5e182ff8aeb6,0x1e945453fcb562c562b72582d7254f58324b764a,0xf32b50d6526d4741629461ce436bf7a79fb8e188,23326101892177068111158117403380029821171932103636404586665389293169475076267,BUY,415.533,0.819,340.321527,2026-05-26 12:42:45+00:00,True
46505011,0x6c1a15a438b9c6e49b2b522ef3173f858485bb6fb7f7af3c4e91580a9ed7eeb4,0x5bf481a94e1fcadf9db3d73b97c4b799272115ce,0x7116b11588a6e204b5ed94fd7c2c5020578dd83c,23326101892177068111158117403380029821171932103636404586665389293169475076267,SELL,551.0,0.782,430.882,2026-05-26 12:42:49+00:00,True
46505012,0x32178efe36d0d0e637fe3bf9b5d0f649b79ea55a7a01106ac8201f613fcf44f2,0xcab263f601d7d58ebd4544c3701d2d5c2f7f477c,0xcf7d452632551dc67b321a0bad2db0cd0ccf01db,23326101892177068111158117403380029821171932103636404586665389293169475076267,BUY,294.422,0.7859999999999999,231.415692,2026-05-26 12:42:51+00:00,True
46505012,0xaeb81083b9ec2689a657f34bf23fd95402be63afb6df409f76e79abbadddc058,0xa6ca7bae9aa52bc783c11cfbabb241e3bc361947,0x4c57d4d6313fa0b4470679dbbf5eb3db63b3a916,23326101892177068111158117403380029821171932103636404586665389293169475076267,SELL,135.0,0.7819999999999999,105.57,2026-05-26 12:42:51+00:00,True
46505013,0x8543a3b37e91fb27d0cbcb713a54139fdac094b773f3e5ce6bfd6d74dc5a2fbd,0xa18dcd8e97306a29227e269ac600968aca7b9014,0xe6ea72d7371368ac060c00947cd4db70d51a81b5,23326101892177068111158117403380029821171932103636404586665389293169475076267,BUY,4.0,0.73,2.92,2026-05-26 12:42:53+00:00,False
46505013,0x14cc1bf0afc059cb27452d0c6e4816d892e61a4a67611f57ec982b4b21a537a5,0xa18dcd8e97306a29227e269ac600968aca7b9014,0xe6ea72d7371368ac060c00947cd4db70d51a81b5,23326101892177068111158117403380029821171932103636404586665389293169475076267,BUY,13.9999,0.7200000000000001,10.079928,2026-05-26 12:42:53+00:00,False
46505014,0xf2a7eb11363095d440bcf53a1831bea1eeaa9779cede62376333e9baac00062a,0x9c44b10f39e6a07889ed3d821669565fb11409b3,0xd3abc6684aae3c47b44ecad5f8ce43ad578b861c,23326101892177068111158117403380029821171932103636404586665389293169475076267,BUY,181.588,0.708,128.564304,2026-05-26 12:42:55+00:00,True
46505017,0x5811fd3f1d9fdf352ae0e3892f53e0617318a9907b25e5f7fe82c4b326bd85f2,0xe7c1c5522eda5ae252b0574f7a642ae74f8af3a3,0xe55c7154097f8832be1e3d83d0e7be49c704830e,23326101892177068111158117403380029821171932103636404586665389293169475076267,SELL,223.0,0.7140000000000001,159.222,2026-05-26 12:43:01+00:00,True
46505018,0xaaa8dc2c327bf2437f96b835c3cd726224576f3ef24fb303316aecc7e09d8174,0xf3f56bf1914c904b37fffcef5f13d6343438cf36,0x23a51a2507f6db2efab5093c08e35e718925dca3,23326101892177068111158117403380029821171932103636404586665389293169475076267,BUY,199.346,0.712,141.934352,2026-05-26 12:43:03+00:00,True
46505021,0xcc7682f539329327b1c544a8abb2595d1b9b46605ed8a4d84f00bacfc5411ffe,0xcf186e0d509c32402f869bafb690286c75d9c2ae,0xfc5d6ef1ebdead2a79633dbbeb1392fafee264df,23326101892177068111158117403380029821171932103636404586665389293169475076267,SELL,297.0,0.733,217.701,2026-05-26 12:43:09+00:00,True
46505021,0xbffafefeefa48a4cff0a9114d94076fb0a1e21a5c1558c799c77d0f4b6195cfb,0xcf186e0d509c32402f869bafb690286c75d9c2ae,0x578451b97342c6917b979fff91485cb42e7af9ec,23326101892177068111158117403380029821171932103636404586665389293169475076267,BUY,164.979,0.733,120.929607,2026-05-26 12:43:09+00:00,True
46505022,0x398246172e66c2579fcfe16fa940a37b9d4e7a3566169391524e88e3a44d9a0d,0x4928a1640bb2b21272a0b713582e69e893a51fee,0xbc3fa7e33842a9804c08a52da7e395e6f95378f0,23326101892177068111158117403380029821171932103636404586665389293169475076267,BUY,131.66,0.732,96.37512,2026-05-26 12:43:11+00:00,True
46505023,0x3f851e6d3d289586a3f5646d432789b513de386919a67fe156aa7299a16cff46,0xfad5b1f2d7f59bde91dd7e2c0b170be6101ae97a,0x81801025871ee73ac195edd2ffb4b3353b765e00,23326101892177068111158117403380029821171932103636404586665389293169475076267,SELL,317.0,0.73,231.41,2026-05-26 12:43:13+00:00,True
46505025,0x636015d86cfe8b8787fb32e54e0a7e69b742f06b3bf62dc615227099018d5527,0x1d1f3206e671fd2a67c943d93163e6bddfb4262f,0x106f90adb6ec8eacd2dffbfb1ca937bf8dc16bac,23326101892177068111158117403380029821171932103636404586665389293169475076267,BUY,376.998,0.7210000000000001,271.815558,2026-05-26 12:43:17+00:00,True
46505027,0x16d571e23d1bad5271943a7e7f465a5cffb5b66b1572f2dd16b094b4261b0808,0x1e945453fcb562c562b72582d7254f58324b764a,0xf32b50d6526d4741629461ce436bf7a79fb8e188,23326101892177068111158117403380029821171932103636404586665389293169475076267,SELL,455.0,0.732,333.06,2026-05-26 12:43:21+00:00,True
46505027,0x94d1da4625060052ba7900ecea6f962b295102a7ec8504666c133d1f296ab60e,0xc70b8ea6483ad00d24b48f96ae157b096becfe7d,0xe9c4f09513a211d341c28c3c102106bf0979c60f,23326101892177068111158117403380029821171932103636404586665389293169475076267,SELL,118.0,0.731,86.258,2026-05-26 12:43:21+00:00,True
46505028,0xc9ab95138fbe623b6a010ed39aaf29131f83924d09bf5db2e493950e72e07b6a,0xa38510261297a9a3d519d36c6566dae7065c4ff4,0xfa41cd7c7f68200270349ea2e8d3e847d9314a78,23326101892177068111158117403380029821171932103636404586665389293169475076267,BUY,132.116,0.734,96.973144,2026-05-26 12:43:23+00:00,True
46505033,0x5df7a4d7b52942074b391f14dbbe6a1bd904bc57580137dec4f33c95be8eb53d,0xcab263f601d7d58ebd4544c3701d2d5c2f7f477c,0xcf7d452632551dc67b321a0bad2db0cd0ccf01db,23326101892177068111158117403380029821171932103636404586665389293169475076267,SELL,286.0,0.701,200.486,2026-05-26 12:43:33+00:00,True
46505033,0x06acc82f9f0e09f870630e48ec36f2e3701e204c44ca228a3d839ad538c74e68,0x2a0a7cab60677aaa6706cc0f4ce76665dae69fa3,0xc2752b98d8241473addccc6e80c3b2b40b5da901,23326101892177068111158117403380029821171932103636404586665389293169475076267,BUY,489.745,0.7020000000000001,343.80099,2026-05-26 12:43:33+00:00,True
46505035,0xfa2fe140eb9ee49cf40efeb70cef4a998a425a1ce07bd27da3882087c13e1be7,0x599870cc3752511dad8eca6980e861bcca53c768,0xe90312437def98daccd661e2756f260361d42da4,23326101892177068111158117403380029821171932103636404586665389293169475076267,SELL,120.0,0.6980000000000001,83.76,2026-05-26 12:43:37+00:00,True
46505035,0x334a74106a189354534324283db80cf87c8b8e658d5373fd65252af0d05ef4cb,0x6fc5910e7227e206cef2ed20737680becaa9d2bd,0x9c44b10f39e6a07889ed3d821669565fb11409b3,23326101892177068111158117403380029821171932103636404586665389293169475076267,SELL,183.0,0.704,128.832,2026-05-26 12:43:37+00:00,True
46505035,0xdbb11d797deceea1301479e792a71397baae80ed36a644cac7ac7e5cd04be82b,0xe90312437def98daccd661e2756f260361d42da4,0x03502e2b26a9c4f16d0da5f988c055282eb870e2,23326101892177068111158117403380029821171932103636404586665389293169475076267,BUY,120.142,0.6980000000000001,83.859116,2026-05-26 12:43:37+00:00,True
46505037,0x84696649bc0137a86a3ecaca534e16975f9cd09780d673cee34e362296f8ebea,0xf3f56bf1914c904b37fffcef5f13d6343438cf36,0x23a51a2507f6db2efab5093c08e35e718925dca3,23326101892177068111158117403380029821171932103636404586665389293169475076267,SELL,194.0,0.7030000000000001,136.382,2026-05-26 12:43:41+00:00,True
46505037,0xe35d43758a6fd458d5016c4a794dcc467f64919d0514d5ef0f39a9a7f264bf71,0xe55c7154097f8832be1e3d83d0e7be49c704830e,0x4eb14aed5077c93f720b98e9c512cdbe757ff3b3,23326101892177068111158117403380029821171932103636404586665389293169475076267,BUY,296.312,0.707,209.492584,2026-05-26 12:43:41+00:00,True
46505039,0xcc3652ea37c6ac3e759786cdb6612212a61295fc7a801aa37f7c64a3ede8a544,0xcf186e0d509c32402f869bafb690286c75d9c2ae,0x578451b97342c6917b979fff91485cb42e7af9ec,23326101892177068111158117403380029821171932103636404586665389293169475076267,SELL,160.0,0.701,112.16,2026-05-26 12:43:45+00:00,True
46505039,0x0d82fbe17798b528efc9b897a1f24928b57eb407339b3cfd3167e154f6cc5d9f,0x5dd1eb898cb24e00a0575d95afcb4f2d22410f9a,0xeb010bace7dbedb1a20d33f28de070367ccc8e46,23326101892177068111158117403380029821171932103636404586665389293169475076267,BUY,615.079,0.7030000000000001,432.400537,2026-05-26 12:43:45+00:00,True
46505041,0x6ac1650fe584f1f8d01ebbc499f358fbf120ebd75a8340cd7272c90a07bfe8af,0x1d1f3206e671fd2a67c943d93163e6bddfb4262f,0x106f90adb6ec8eacd2dffbfb1ca937bf8dc16bac,23326101892177068111158117403380029821171932103636404586665389293169475076267,SELL,366.0,0.6890000000000001,252.174,2026-05-26 12:43:49+00:00,True
46505041,0x1cda287551acefb9e62a6d6c531fac4d0ec72485374454cb34c7a2e932f2c70f,0x7a9813714db9f2042cf7bdea4421c954d79243e6,0x467cd02aaf670d67d92f6aaf2bbcf9c2ecc73ba9,23326101892177068111158117403380029821171932103636404586665389293169475076267,BUY,212.312,0.691,146.707592,2026-05-26 12:43:49+00:00,True
46505041,0xda8130678f16d69284dcf16c985347d457d5e37a4e207fee8cb8c13b3f6d974a,0x191351eec6a09bdae423438edba0f4bf1d95207d,0x78da84f0d52ea2f80dc122b881be29542680a629,23326101892177068111158117403380029821171932103636404586665389293169475076267,SELL,134.0,0.692,92.728,2026-05-26 12:43:49+00:00,True
46505042,0xab6c66f98c27ac3a99e04e9660329a02b8e9dbaa7f012e651e29d04238df2d14,0x78da84f0d52ea2f80dc122b881be29542680a629,0xb5b66a7af26744f0431a37eb7772a6f50f174e0e,23326101892177068111158117403380029821171932103636404586665389293169475076267,BUY,125.027,0.6900000000000001,86.26863,2026-05-26 12:43:51+00:00,True
46505043,0x009af54ba69eac333cbd3e5944631e46e38e35b009417d0a54d110726180d464,0xd6c696526a2f64cfdf08341ee819bf127b9135a1,0xf32b50d6526d4741629461ce436bf7a79fb8e188,23326101892177068111158117403380029821171932103636404586665389293169475076267,SELL,165.0,0.6910000000000001,114.015,2026-05-26 12:43:53+00:00,True
46505043,0x15d0e6b26a4872ee21df5a4fd5918fde106139b06595e64daf4fa2a4f92932ea,0x5d5df741182561e9e2e3e1a143082daacff3795a,0x696ec0da3a4c332694d66c6941e4383646bfae3f,23326101892177068111158117403380029821171932103636404586665389293169475076267,BUY,274.852,0.6910000000000001,189.922732,2026-05-26 12:43:53+00:00,True
46505045,0xc70b9f58592aea13dc4b6a824dbc79ebc3cb87aa4ff80ff3e6469ccb05177732,0x2a0a7cab60677aaa6706cc0f4ce76665dae69fa3,0xc2752b98d8241473addccc6e80c3b2b40b5da901,23326101892177068111158117403380029821171932103636404586665389293169475076267,SELL,475.0,0.6910000000000001,328.225,2026-05-26 12:43:57+00:00,True
46505046,0x33624eea622bbd8a21848190c328b8c4abc277102d70c42836f862c0cf52ae80,0xcab263f601d7d58ebd4544c3701d2d5c2f7f477c,0xe2867815c595a0b889570f03f01f369b3406470f,23326101892177068111158117403380029821171932103636404586665389293169475076267,BUY,163.689,0.6990000000000001,114.418611,2026-05-26 12:43:59+00:00,True
46505047,0x2a97b89706e754e08c01fb0a58ac38a3b33eda31b4a6c938d4b692af6c6448ec,0xfcddeea788a40bfd216af7097fbf386282fb6653,0xd3abc6684aae3c47b44ecad5f8ce43ad578b861c,23326101892177068111158117403380029821171932103636404586665389293169475076267,SELL,176.0,0.707,124.432,2026-05-26 12:44:01+00:00,True
46505048,0x47cd52965d6155e3e519556edc4f1eaa11e48c282a4fff77483e2e2080233043,0xf46b6d0c6dd31ac12f260732940f16b41ebd8737,0x9c44b10f39e6a07889ed3d821669565fb11409b3,23326101892177068111158117403380029821171932103636404586665389293169475076267,BUY,160.74,0.712,114.44688,2026-05-26 12:44:03+00:00,True
46505050,0x3eb7a8a47389de875b59b45798257dbd19f875831e5d242c07b0efd77f000287,0xe55c7154097f8832be1e3d83d0e7be49c704830e,0x4eb14aed5077c93f720b98e9c512cdbe757ff3b3,23326101892177068111158117403380029821171932103636404586665389293169475076267,SELL,288.0,0.7090000000000001,204.192,2026-05-26 12:44:07+00:00,True
46505050,0x57466672e438655d66e3fa9b0ff56a76f9454676c6686e85f8855f74b4210596,0x16b8766e6b52bb0113213ad2d4987ec1e9b99e13,0x29bc885242f5c3c0bf1ff352598caf9bb503044d,23326101892177068111158117403380029821171932103636404586665389293169475076267,BUY,252.209,0.721,181.842689,2026-05-26 12:44:07+00:00,True
46505052,0xed553c98626175f0d0278a476f1cd2ba28076fe9d183ca8a30e60f3e2d96cc8b,0x5dd1eb898cb24e00a0575d95afcb4f2d22410f9a,0xeb010bace7dbedb1a20d33f28de070367ccc8e46,23326101892177068111158117403380029821171932103636404586665389293169475076267,SELL,597.0,0.7060000000000001,421.482,2026-05-26 12:44:11+00:00,True
46505052,0x209fcff51952ad7662f841745f6418be96071af9dcdf33c5bef3408b96ed54d0,0xf9e019b835590f11e8b7279141fce5f07320a4c9,0xcf186e0d509c32402f869bafb690286c75d9c2ae,23326101892177068111158117403380029821171932103636404586665389293169475076267,BUY,238.366,0.699,166.617834,2026-05-26 12:44:11+00:00,True
46505054,0x356a088e9d4780fd0a1e972d6623cfe7cc9f25c0a95d6e52d8b946cd1e80ee17,0x7a9813714db9f2042cf7bdea4421c954d79243e6,0x467cd02aaf670d67d92f6aaf2bbcf9c2ecc73ba9,23326101892177068111158117403380029821171932103636404586665389293169475076267,SELL,206.0,0.6880000000000001,141.728,2026-05-26 12:44:15+00:00,True
46505054,0xd7da8280f7b17f9b1816340b432e78fc3f44a973300687adc39b87619db32620,0x4651f69873f1be6c94890d79e945b80ec9dd4fd3,0x7a9813714db9f2042cf7bdea4421c954d79243e6,23326101892177068111158117403380029821171932103636404586665389293169475076267,BUY,308.464,0.69,212.84016,2026-05-26 12:44:15+00:00,True
46505055,0x69ca3772f9b04923e9aca128002f5bcbe7e8624da61178d4336235b6c5d55580,0x6d4500900a402d39c3b954dbb01d2f41b363973f,0x4c57d4d6313fa0b4470679dbbf5eb3db63b3a916,23326101892177068111158117403380029821171932103636404586665389293169475076267,BUY,122.409,0.689,84.339801,2026-05-26 12:44:17+00:00,True
46505056,0x9d600a7dec143004eff6a6d02870921c3029d6acb919e20964477e0b51374cda,0x5d5df741182561e9e2e3e1a143082daacff3795a,0x696ec0da3a4c332694d66c6941e4383646bfae3f,23326101892177068111158117403380029821171932103636404586665389293169475076267,SELL,267.0,0.69,184.23,2026-05-26 12:44:19+00:00,True
46505056,0x0279b0abad787fd1d6a81706cf09876413429a63e1f4eac5c6012ca585154220,0x4c7b7f67104195d35b5537348512fe1c1f15d85b,0x3e02ca4daf734bca12a033bfff07f2075ee103a8,23326101892177068111158117403380029821171932103636404586665389293169475076267,BUY,188.44,0.6930000000000001,130.58892,2026-05-26 12:44:19+00:00,True
46505058,0x468a4787a4d476953fb71a05d5adde3dde9c8b08afac18b1816cac2edf007d43,0xc2752b98d8241473addccc6e80c3b2b40b5da901,0x5bf481a94e1fcadf9db3d73b97c4b799272115ce,23326101892177068111158117403380029821171932103636404586665389293169475076267,SELL,254.0,0.692,175.768,2026-05-26 12:44:23+00:00,True
46505060,0x9bbcf5bb8af4fb7346e6f5d9cc6b8e4afc95f17764a68b5bf58c90bf66c52f59,0xcf7d452632551dc67b321a0bad2db0cd0ccf01db,0x2a0a7cab60677aaa6706cc0f4ce76665dae69fa3,23326101892177068111158117403380029821171932103636404586665389293169475076267,BUY,165.569,0.6890000000000001,114.077041,2026-05-26 12:44:27+00:00,True
46505060,0x120a4cf81fb1e7cd7c700aedd0e1d59cee360c933b63446de783c805ae15b23d,0x4928a1640bb2b21272a0b713582e69e893a51fee,0xbc3fa7e33842a9804c08a52da7e395e6f95378f0,23326101892177068111158117403380029821171932103636404586665389293169475076267,SELL,127.0,0.6880000000000001,87.376,2026-05-26 12:44:27+00:00,True
46505062,0x7e05436394d709dd5bb2ec97d84d4e1c838fb14d55165620d20ef76955a943fa,0xf46b6d0c6dd31ac12f260732940f16b41ebd8737,0x6fc5910e7227e206cef2ed20737680becaa9d2bd,23326101892177068111158117403380029821171932103636404586665389293169475076267,SELL,165.0,0.693,114.345,2026-05-26 12:44:31+00:00,True
46505064,0xd9af65e9df27e6de578d68bf325c01f785c3db907b1ba7c866e2f9be9c79bb12,0x16b8766e6b52bb0113213ad2d4987ec1e9b99e13,0x29bc885242f5c3c0bf1ff352598caf9bb503044d,23326101892177068111158117403380029821171932103636404586665389293169475076267,SELL,245.0,0.6880000000000001,168.56,2026-05-26 12:44:35+00:00,True
46505064,0xcd9aa8d6d30ed1a937ddb411f5d20afb7a3166ae8a97bbb4ec76ebaf9bc6d945,0xa18dcd8e97306a29227e269ac600968aca7b9014,0xe6ea72d7371368ac060c00947cd4db70d51a81b5,23326101892177068111158117403380029821171932103636404586665389293169475076267,BUY,4.0,0.66,2.64,2026-05-26 12:44:35+00:00,False
46505066,0xd2a24bad99ed5dd83cdc161e7507efd9d8ca5b735ba349835130a2b9f3d91a82,0xf9e019b835590f11e8b7279141fce5f07320a4c9,0xcf186e0d509c32402f869bafb690286c75d9c2ae,23326101892177068111158117403380029821171932103636404586665389293169475076267,SELL,231.0,0.6479999999999999,149.688,2026-05-26 12:44:39+00:00,True
46505067,0x2aad28a16f29f628aa83b79cc5f22e30f77335b004735d94560647568862b66a,0xa38510261297a9a3d519d36c6566dae7065c4ff4,0xfa41cd7c7f68200270349ea2e8d3e847d9314a78,23326101892177068111158117403380029821171932103636404586665389293169475076267,SELL,128.0,0.644,82.432,2026-05-26 12:44:41+00:00,True
46505067,0xb98419ae99304689fa65371727708cd1a019a7ca88f76ee5ddd9a3bccc0684d1,0xddde391c2544b526c7481543e577dad6423edede,0x578451b97342c6917b979fff91485cb42e7af9ec,23326101892177068111158117403380029821171932103636404586665389293169475076267,BUY,358.681,0.644,230.990564,2026-05-26 12:44:41+00:00,True
46505069,0xc350fa53ae19ad4bade091b8bab99dbe463bb0c60f9edeed8e748a2e762ca911,0x4651f69873f1be6c94890d79e945b80ec9dd4fd3,0x7a9813714db9f2042cf7bdea4421c954d79243e6,23326101892177068111158117403380029821171932103636404586665389293169475076267,SELL,299.0,0.648,193.752,2026-05-26 12:44:45+00:00,True
46505070,0x252b8543b24ebf4558ddf69377d4860a6cf11851e0051954c13cb9556d087983,0x467cd02aaf670d67d92f6aaf2bbcf9c2ecc73ba9,0x81801025871ee73ac195edd2ffb4b3353b765e00,23326101892177068111158117403380029821171932103636404586665389293169475076267,BUY,276.569,0.642,177.557298,2026-05-26 12:44:47+00:00,True
46505071,0xe3a9402004f32f35ab612d7bc056074de4617936e3c2ba39c748ff287e003ee0,0x4c7b7f67104195d35b5537348512fe1c1f15d85b,0x3e02ca4daf734bca12a033bfff07f2075ee103a8,23326101892177068111158117403380029821171932103636404586665389293169475076267,SELL,183.0,0.646,118.218,2026-05-26 12:44:49+00:00,True
46505072,0xf10cf2494a325bc9c902a0da64684d56379c51ba600de9d5df2f9ae3ca38e3e6,0x5d5df741182561e9e2e3e1a143082daacff3795a,0xf32b50d6526d4741629461ce436bf7a79fb8e188,23326101892177068111158117403380029821171932103636404586665389293169475076267,BUY,343.129,0.6469999999999999,222.004463,2026-05-26 12:44:51+00:00,True
46505073,0xc6a44c68baba2a67f2fcefe83f0fa65c41337aa49486094c517ffb33c97e07aa,0xe90312437def98daccd661e2756f260361d42da4,0x03502e2b26a9c4f16d0da5f988c055282eb870e2,23326101892177068111158117403380029821171932103636404586665389293169475076267,SELL,116.0,0.6429999999999999,74.588,2026-05-26 12:44:53+00:00,True
46505073,0xe9fc26a15def8694ee38480c09bc8c2fac887b7151dfea08f7be4d81d92fab7c,0xcf7d452632551dc67b321a0bad2db0cd0ccf01db,0x2a0a7cab60677aaa6706cc0f4ce76665dae69fa3,23326101892177068111158117403380029821171932103636404586665389293169475076267,SELL,160.0,0.644,103.04,2026-05-26 12:44:53+00:00,True
46505074,0x53092bfad882cfb4b69be5fafef0706349b8d3dfbf347a9463f765fdfe4d5ebb,0xe2867815c595a0b889570f03f01f369b3406470f,0x46ee7d5fb144f76aac5f9214528f30a91450c501,23326101892177068111158117403380029821171932103636404586665389293169475076267,BUY,442.164,0.647,286.080108,2026-05-26 12:44:55+00:00,True
46505079,0xed9aa283b43e200a2d83d44875e293aba3ea96d52e97f00c59552209341d3bc5,0xddde391c2544b526c7481543e577dad6423edede,0x578451b97342c6917b979fff91485cb42e7af9ec,23326101892177068111158117403380029821171932103636404586665389293169475076267,SELL,348.0,0.702,244.296,2026-05-26 12:45:05+00:00,True
46505080,0xe08405d76a1deebca30152e2b29f4bab2098e7c2cb9e57067c2b820b1bb2a760,0x78da84f0d52ea2f80dc122b881be29542680a629,0xb5b66a7af26744f0431a37eb7772a6f50f174e0e,23326101892177068111158117403380029821171932103636404586665389293169475076267,SELL,122.0,0.7020000000000001,85.644,2026-05-26 12:45:07+00:00,True
46505080,0xb61e89909d261fcc5eacbd0e1ee94ad5b3849f76a83af680fd77d0f3387d0011,0xb5b66a7af26744f0431a37eb7772a6f50f174e0e,0x0791641813feda20d23f4d7dc6a00643a31880b0,23326101892177068111158117403380029821171932103636404586665389293169475076267,BUY,147.028,0.6880000000000001,101.155264,2026-05-26 12:45:07+00:00,True
46505082,0x980b448c6eac90266c2c1c054874b02099965c236863bcf11431c6a85db9c854,0x467cd02aaf670d67d92f6aaf2bbcf9c2ecc73ba9,0x81801025871ee73ac195edd2ffb4b3353b765e00,23326101892177068111158117403380029821171932103636404586665389293169475076267,SELL,269.0,0.684,183.996,2026-05-26 12:45:11+00:00,True
46505083,0x9dd26b46c8689301084e050e0bab913b7ac65b6f116351466bdc8ca1944a38b0,0xbb6bd94a674260815f9af84cf392b19214b4e023,0xfad5b1f2d7f59bde91dd7e2c0b170be6101ae97a,23326101892177068111158117403380029821171932103636404586665389293169475076267,BUY,160.187,0.694,111.169778,2026-05-26 12:45:13+00:00,True
46505085,0x54abd9719673c966e187b6b15656508abf1630c334c9f689efab82cfaad32386,0x5d5df741182561e9e2e3e1a143082daacff3795a,0xf32b50d6526d4741629461ce436bf7a79fb8e188,23326101892177068111158117403380029821171932103636404586665389293169475076267,SELL,333.0,0.705,234.765,2026-05-26 12:45:17+00:00,True
46505086,0x59c11388ffca24019061ae91fe54cbafbe5203b5944205e6600717520c2a5eb7,0x29dd54f3dd1491d1e2bc69944b5983e211f58aaf,0x5aa76047cafc5650dceac42089f3590538cc8550,23326101892177068111158117403380029821171932103636404586665389293169475076267,BUY,242.435,0.708,171.64398,2026-05-26 12:45:19+00:00,True
46505090,0x1711abd6d977b840899292e5e04f3b1fd5067753fad15a10580df599cdc9add2,0xe2867815c595a0b889570f03f01f369b3406470f,0x46ee7d5fb144f76aac5f9214528f30a91450c501,23326101892177068111158117403380029821171932103636404586665389293169475076267,SELL,429.0,0.7020000000000001,301.158,2026-05-26 12:45:27+00:00,True
46505091,0x4f8a755a4403a87a1357524f3eb61bd7bc79fcbe11b91bc01e31bcd8b2567c1c,0xcf7d452632551dc67b321a0bad2db0cd0ccf01db,0x2a0a7cab60677aaa6706cc0f4ce76665dae69fa3,23326101892177068111158117403380029821171932103636404586665389293169475076267,BUY,305.681,0.7030000000000001,214.893743,2026-05-26 12:45:29+00:00,True
46505093,0xffb6669d72c7119a5862857c2d921e6ca3561026f36a41a4853c22ce48a0f113,0x196c747e02635b3de6d3f67580ba62ed482fc864,0xfa040f8b4f5a81abe71591c14b304ab2db19d5cf,23326101892177068111158117403380029821171932103636404586665389293169475076267,BUY,829.953,0.682,566.027946,2026-05-26 12:45:33+00:00,True
46505095,0xc16fec699185864d95efad2e34e7b90a9094577cd3f9954e7edf5e10cea8abfc,0x6d4500900a402d39c3b954dbb01d2f41b363973f,0x4c57d4d6313fa0b4470679dbbf5eb3db63b3a916,23326101892177068111158117403380029821171932103636404586665389293169475076267,SELL,118.0,0.678,80.004,2026-05-26 12:45:37+00:00,True
46505097,0xef625c79ff760f123b50121deab926fc3c04ba0b64a98c24dfe421f58e536a07,0x578451b97342c6917b979fff91485cb42e7af9ec,0x5dd1eb898cb24e00a0575d95afcb4f2d22410f9a,23326101892177068111158117403380029821171932103636404586665389293169475076267,SELL,157.0,0.694,108.958,2026-05-26 12:45:41+00:00,True
46505100,0xc670a6c68da841f2b8c134e4548d57bbb1a531a9152afbff7874239f10575792,0xfc5d6ef1ebdead2a79633dbbeb1392fafee264df,0xcf186e0d509c32402f869bafb690286c75d9c2ae,23326101892177068111158117403380029821171932103636404586665389293169475076267,BUY,150.6,0.7010000000000001,105.5706,2026-05-26 12:45:47+00:00,True
46505102,0x64331111d183e0aa1e7022eed90d23ae8377ca037f2ce2d4dfb6f2a10ea0cff2,0x93a0a3600e0bfb1bf482d9a43e002c1206c3435d,0x305512f530792f0815c1ff12d6dfed2901dd5273,23326101892177068111158117403380029821171932103636404586665389293169475076267,BUY,123.564,0.6970000000000001,86.124108,2026-05-26 12:45:51+00:00,True
46505104,0x9c50efa86d8fec3134a7bc6658d4a2f896939d2fdb35b45c090bfea30b2a6b76,0x1d1f3206e671fd2a67c943d93163e6bddfb4262f,0x106f90adb6ec8eacd2dffbfb1ca937bf8dc16bac,23326101892177068111158117403380029821171932103636404586665389293169475076267,BUY,341.049,0.702,239.416398,2026-05-26 12:45:55+00:00,True
46505106,0xd2d1cea7455df8aec31f657b9a14994979eb516f35daa766bf67b4e0e669cde4,0x29dd54f3dd1491d1e2bc69944b5983e211f58aaf,0x5aa76047cafc5650dceac42089f3590538cc8550,23326101892177068111158117403380029821171932103636404586665389293169475076267,SELL,235.0,0.6739999999999999,158.39,2026-05-26 12:45:59+00:00,True
46505108,0x47eb4b2d997f9d596e064e5bcfdfc8568b001924e136dfe5f7e316cb9d8a4816,0xcf7d452632551dc67b321a0bad2db0cd0ccf01db,0x2a0a7cab60677aaa6706cc0f4ce76665dae69fa3,23326101892177068111158117403380029821171932103636404586665389293169475076267,SELL,297.0,0.662,196.614,2026-05-26 12:46:03+00:00,True
46505111,0x80e81dd297106b79e82cb683a7ef619e7d18a455e6367cfdab95506b777f53d6,0x2488df29756354c1a334e767325266bfe7b1ef22,0xe9c4f09513a211d341c28c3c102106bf0979c60f,23326101892177068111158117403380029821171932103636404586665389293169475076267,BUY,143.347,0.65,93.17555,2026-05-26 12:46:09+00:00,True
46505111,0x54c92edb461d81938e88a03fd51d4a5686f56a2895e2deba5b94d2403b06eb2e,0x2a0a7cab60677aaa6706cc0f4ce76665dae69fa3,0x7116b11588a6e204b5ed94fd7c2c5020578dd83c,23326101892177068111158117403380029821171932103636404586665389293169475076267,BUY,187.109,0.6469999999999999,121.059523,2026-05-26 12:46:09+00:00,True
46505113,0x763bfaee3b1df94763bdc299a4497c4542ea5ba69b968e3c31011ecc95b89f8e,0x6fc5910e7227e206cef2ed20737680becaa9d2bd,0xd96155cc52ad7d3ff7a39c95fa515b965e358af8,23326101892177068111158117403380029821171932103636404586665389293169475076267,BUY,269.947,0.647,174.655709,2026-05-26 12:46:13+00:00,True
46505117,0xc2e0ff226d47cb9105aed203e242e72707663439e5628475b463f3956239fe9d,0xf3f56bf1914c904b37fffcef5f13d6343438cf36,0x0ec5f85aa1985c1d4113eaf84aff31d9377f3708,23326101892177068111158117403380029821171932103636404586665389293169475076267,BUY,300.111,0.649,194.772039,2026-05-26 12:46:21+00:00,True
46505118,0xe3182c909dbcb6cf160ce74c5b43e4827511cd914e32d6dcdd3ff0d0587133d7,0xfc5d6ef1ebdead2a79633dbbeb1392fafee264df,0xcf186e0d509c32402f869bafb690286c75d9c2ae,23326101892177068111158117403380029821171932103636404586665389293169475076267,SELL,146.0,0.647,94.462,2026-05-26 12:46:23+00:00,True
46505119,0xd80d9753334148ea4025f9587e4dd2f76e4d09ec740957d92e023c154f5069ee,0xeb010bace7dbedb1a20d33f28de070367ccc8e46,0x15b3176ee08c799b5eaad507127455b832596073,23326101892177068111158117403380029821171932103636404586665389293169475076267,BUY,247.115,0.65,160.62475,2026-05-26 12:46:25+00:00,True
46505120,0xad6c2f5d6bda96c77b69ce139f2ebdcd7a561b8e8c12aafc0cadc076334e1a65,0x1d1f3206e671fd2a67c943d93163e6bddfb4262f,0x106f90adb6ec8eacd2dffbfb1ca937bf8dc16bac,23326101892177068111158117403380029821171932103636404586665389293169475076267,SELL,331.0,0.651,215.481,2026-05-26 12:46:27+00:00,True
46505121,0x812dbcdcae3e321ed0866219b358fee609ebf24925e94fdc6df39cfc311c2296,0x467cd02aaf670d67d92f6aaf2bbcf9c2ecc73ba9,0x1d1f3206e671fd2a67c943d93163e6bddfb4262f,23326101892177068111158117403380029821171932103636404586665389293169475076267,BUY,477.11,0.647,308.69017,2026-05-26 12:46:29+00:00,True
46505123,0x16949e1f699724587f370a82b8977af5f3f6601312b1c317841fa12a63dde116,0x5aa76047cafc5650dceac42089f3590538cc8550,0xf2127bcb896968cffd1d2e656c1b0cd5868eaf6d,23326101892177068111158117403380029821171932103636404586665389293169475076267,BUY,232.026,0.607,140.839782,2026-05-26 12:46:33+00:00,True
46505123,0x5d0cce54488d9baf978a5c8be028a73d7e90ce81c6984d5d1e04fa55ab08e9af,0xb5b66a7af26744f0431a37eb7772a6f50f174e0e,0x0791641813feda20d23f4d7dc6a00643a31880b0,23326101892177068111158117403380029821171932103636404586665389293169475076267,SELL,142.0,0.603,85.626,2026-05-26 12:46:33+00:00,True
46505124,0x7e58cb49d6b2b588c66c2948548c62ba2bdcca00eea8d78ce044b0a707ac3c86,0x0abc68da6dff164e95ee5ee0ff9ef68bd08a9482,0x191351eec6a09bdae423438edba0f4bf1d95207d,23326101892177068111158117403380029821171932103636404586665389293169475076267,BUY,137.653,0.605,83.280065,2026-05-26 12:46:35+00:00,True
46505124,0x03fa032b7681488dbb622ac102b3836cddf80fb251b36685015aa4306f7e55cb,0x2a0a7cab60677aaa6706cc0f4ce76665dae69fa3,0x7116b11588a6e204b5ed94fd7c2c5020578dd83c,23326101892177068111158117403380029821171932103636404586665389293169475076267,SELL,182.0,0.606,110.292,2026-05-26 12:46:35+00:00,True
46505125,0x9feb47a0d8a1daee895cd371f7c260a800aba6e8375f89ee8fbc690b14645928,0x5bf481a94e1fcadf9db3d73b97c4b799272115ce,0xcab263f601d7d58ebd4544c3701d2d5c2f7f477c,23326101892177068111158117403380029821171932103636404586665389293169475076267,BUY,152.323,0.592,90.175216,2026-05-26 12:46:37+00:00,True
46505126,0xaf906e91f756a084b9f5462b78557e0bd76669b7fe340ca2d27eb30cc2a830d9,0x196c747e02635b3de6d3f67580ba62ed482fc864,0xfa040f8b4f5a81abe71591c14b304ab2db19d5cf,23326101892177068111158117403380029821171932103636404586665389293169475076267,SELL,805.0,0.574,462.07,2026-05-26 12:46:39+00:00,True
46505127,0xd31a2ea0e3d1866b16e2db1bac5cf9013ba55907d723bb5a8e83a5def4b33432,0xd96155cc52ad7d3ff7a39c95fa515b965e358af8,0xd3abc6684aae3c47b44ecad5f8ce43ad578b861c,23326101892177068111158117403380029821171932103636404586665389293169475076267,BUY,317.688,0.627,199.190376,2026-05-26 12:46:41+00:00,True
46505128,0xc83fdc078986542664b08c70d6be056e502c0b634f2e1f7515f4a20a55065f17,0xf3f56bf1914c904b37fffcef5f13d6343438cf36,0x0ec5f85aa1985c1d4113eaf84aff31d9377f3708,23326101892177068111158117403380029821171932103636404586665389293169475076267,SELL,291.0,0.629,183.039,2026-05-26 12:46:43+00:00,True
46505129,0x0893c196242f71dbcc51c680c3dfcb3ad91b3c674608d887bd206c3b68724926,0x0ec5f85aa1985c1d4113eaf84aff31d9377f3708,0xf3f56bf1914c904b37fffcef5f13d6343438cf36,23326101892177068111158117403380029821171932103636404586665389293169475076267,BUY,343.193,0.627,215.182011,2026-05-26 12:46:45+00:00,True
46505130,0xd6db1e77959a4a45bd5fd8437eb1bc34532f4b6beedc12e876f9be9082cff4dc,0xeb010bace7dbedb1a20d33f28de070367ccc8e46,0x15b3176ee08c799b5eaad507127455b832596073,23326101892177068111158117403380029821171932103636404586665389293169475076267,SELL,249.0,0.632,157.368,2026-05-26 12:46:47+00:00,True
46505132,0x1d0487bccca5508e925dfc70244bf52a8f0b28005c29e15e2d7ceb9f09202223,0x5dd1eb898cb24e00a0575d95afcb4f2d22410f9a,0x8d6dee7ecf3a4776bcd9dd895e8e23efde4816a4,23326101892177068111158117403380029821171932103636404586665389293169475076267,BUY,231.959,0.6269999999999999,145.438293,2026-05-26 12:46:51+00:00,True
46505134,0x1e96584d0c31bade6b39ecdde3288eccf12b4f61c7ff6c53d721e1b083c96cdc,0x467cd02aaf670d67d92f6aaf2bbcf9c2ecc73ba9,0x1d1f3206e671fd2a67c943d93163e6bddfb4262f,23326101892177068111158117403380029821171932103636404586665389293169475076267,SELL,463.0,0.624,288.912,2026-05-26 12:46:55+00:00,True
46505134,0xddd40aaba6a5c56aed8b9092ed63e0ef52632d119a07996f3807c692df55399c,0xbb6bd94a674260815f9af84cf392b19214b4e023,0xff3de15715fe508970c31824ddb455cf61e2ed99,23326101892177068111158117403380029821171932103636404586665389293169475076267,BUY,271.168,0.625,169.48,2026-05-26 12:46:55+00:00,True
46505136,0xd32ff95c400119109b15f69506b3d5746f33b4c611366d4ad26f64295fb4734b,0x5aa76047cafc5650dceac42089f3590538cc8550,0xf2127bcb896968cffd1d2e656c1b0cd5868eaf6d,23326101892177068111158117403380029821171932103636404586665389293169475076267,SELL,225.0,0.625,140.625,2026-05-26 12:46:59+00:00,True
46505136,0x7f8323bdc8b531edf84d5d938cfc6f20aa5415b4f298f531a2c8525b38a60456,0x696ec0da3a4c332694d66c6941e4383646bfae3f,0x5aa76047cafc5650dceac42089f3590538cc8550,23326101892177068111158117403380029821171932103636404586665389293169475076267,BUY,153.984,0.624,96.086016,2026-05-26 12:46:59+00:00,True
46505138,0xe02a7e16a250656e7cd772243915c2929c7ee857eb75daa5d1eb1cffbfe782a2,0x5bf481a94e1fcadf9db3d73b97c4b799272115ce,0xe2867815c595a0b889570f03f01f369b3406470f,23326101892177068111158117403380029821171932103636404586665389293169475076267,SELL,159.0,0.591,93.969,2026-05-26 12:47:03+00:00,True
46505138,0x8630219daddb1b8cafe1e47ae3f8f05b0825ad8c9a571e4a1f81d17e0f2e9a26,0x7116b11588a6e204b5ed94fd7c2c5020578dd83c,0x5bf481a94e1fcadf9db3d73b97c4b799272115ce,23326101892177068111158117403380029821171932103636404586665389293169475076267,BUY,340.66,0.594,202.35204,2026-05-26 12:47:03+00:00,True
46505140,0xa309d243bafab7779de19c7710f3067f24181f4aa5c69a80a7cfde3777616050,0xd96155cc52ad7d3ff7a39c95fa515b965e358af8,0xd3abc6684aae3c47b44ecad5f8ce43ad578b861c,23326101892177068111158117403380029821171932103636404586665389293169475076267,SELL,309.0,0.585,180.765,2026-05-26 12:47:07+00:00,True
46505141,0x1600f229f67bacbc170417f0e64187825cd8abb6270b332ede91b6f8fe62ae8c,0x196c747e02635b3de6d3f67580ba62ed482fc864,0x6fc5910e7227e206cef2ed20737680becaa9d2bd,23326101892177068111158117403380029821171932103636404586665389293169475076267,BUY,454.2,0.6,272.52,2026-05-26 12:47:09+00:00,True
46505142,0x352e42ee20ca80c065a83b94d4213ff3ed3d2dc6ed7fd0c4e4127459db3847c0,0x93a0a3600e0bfb1bf482d9a43e002c1206c3435d,0x305512f530792f0815c1ff12d6dfed2901dd5273,23326101892177068111158117403380029821171932103636404586665389293169475076267,SELL,120.0,0.596,71.52,2026-05-26 12:47:11+00:00,True
46505142,0xe14a40375e48e24da93995aaa3a79d6dc71ec777be6d2c847efdef695594a812,0x0ec5f85aa1985c1d4113eaf84aff31d9377f3708,0xf3f56bf1914c904b37fffcef5f13d6343438cf36,23326101892177068111158117403380029821171932103636404586665389293169475076267,SELL,333.0,0.596,198.468,2026-05-26 12:47:11+00:00,True
46505143,0x76de3ec4cb8c8d2e04e9d52ff8f35b11431be6a14abc3558fdfdf00f373493db,0x58085d4b6662bbd2acdd99dffe3c78b8661422ec,0x16b8766e6b52bb0113213ad2d4987ec1e9b99e13,23326101892177068111158117403380029821171932103636404586665389293169475076267,BUY,156.939,0.6010000000000001,94.320339,2026-05-26 12:47:13+00:00,True
46505145,0xd4799b801eca0baee21232b026bff25e277e9310c73e04a496df3ece12e2e876,0x5dd1eb898cb24e00a0575d95afcb4f2d22410f9a,0x8d6dee7ecf3a4776bcd9dd895e8e23efde4816a4,23326101892177068111158117403380029821171932103636404586665389293169475076267,SELL,225.0,0.599,134.775,2026-05-26 12:47:17+00:00,True
46505145,0xe80cf2487ab45ef8fd24a0fdef9d183e95f4d5efa4611244170557db598a29c1,0xf9e019b835590f11e8b7279141fce5f07320a4c9,0xcf186e0d509c32402f869bafb690286c75d9c2ae,23326101892177068111158117403380029821171932103636404586665389293169475076267,BUY,395.26,0.602,237.94652,2026-05-26 12:47:17+00:00,True
46505150,0xcac14ce80a55cf2d1f263a47d9796d6e6a613e7a6d4086c3cc875a0e00647bad,0xff3de15715fe508970c31824ddb455cf61e2ed99,0x106f90adb6ec8eacd2dffbfb1ca937bf8dc16bac,23326101892177068111158117403380029821171932103636404586665389293169475076267,BUY,324.549,0.552,179.151048,2026-05-26 12:47:27+00:00,True
46505152,0x1b4e4707b5c5af7c88a672976cba4ce179a9f4050df7a66c25f5911377a1fdbf,0x696ec0da3a4c332694d66c6941e4383646bfae3f,0x5aa76047cafc5650dceac42089f3590538cc8550,23326101892177068111158117403380029821171932103636404586665389293169475076267,SELL,149.0,0.5650000000000001,84.185,2026-05-26 12:47:31+00:00,True
46505153,0xd86b6850d64f942abc45a5a163e490dbd40762114a26584b18ba996ac7a96161,0x2488df29756354c1a334e767325266bfe7b1ef22,0xe9c4f09513a211d341c28c3c102106bf0979c60f,23326101892177068111158117403380029821171932103636404586665389293169475076267,SELL,139.0,0.572,79.508,2026-05-26 12:47:33+00:00,True
46505153,0x5c76df61107eac41f36b3f6895c355253e53331a5d6990346e0656ee77aea0fc,0x5aa76047cafc5650dceac42089f3590538cc8550,0xf32b50d6526d4741629461ce436bf7a79fb8e188,23326101892177068111158117403380029821171932103636404586665389293169475076267,BUY,188.243,0.5810000000000001,109.369183,2026-05-26 12:47:33+00:00,True
46505155,0x85838d829211b8123082b9756406feaafc75f2c61351c3126f3afd0e4520dbab,0x7116b11588a6e204b5ed94fd7c2c5020578dd83c,0x5bf481a94e1fcadf9db3d73b97c4b799272115ce,23326101892177068111158117403380029821171932103636404586665389293169475076267,SELL,330.0,0.579,191.07,2026-05-26 12:47:37+00:00,True
46505155,0xc511ccc348f3961bbda69fa0dc54b5ed931d88d00b8e459acfeaa31e0822f609,0x46ee7d5fb144f76aac5f9214528f30a91450c501,0x2a0a7cab60677aaa6706cc0f4ce76665dae69fa3,23326101892177068111158117403380029821171932103636404586665389293169475076267,BUY,231.675,0.5770000000000001,133.676475,2026-05-26 12:47:37+00:00,True
46505157,0x301ddaab27194df2ea3fd480d63e83eca0eda4c58a9531a9223831db831d43b9,0x196c747e02635b3de6d3f67580ba62ed482fc864,0x6fc5910e7227e206cef2ed20737680becaa9d2bd,23326101892177068111158117403380029821171932103636404586665389293169475076267,SELL,441.0,0.5980000000000001,263.718,2026-05-26 12:47:41+00:00,True
46505157,0x686d2f3d9fa9d73cad2c9fb6e2fbec10bf68b0ff8055403514f60735f7854988,0x20e8f154a877034dd0145b304d90b99bbd8d558d,0xfcddeea788a40bfd216af7097fbf386282fb6653,23326101892177068111158117403380029821171932103636404586665389293169475076267,BUY,366.081,0.593,217.086033,2026-05-26 12:47:41+00:00,True
46505159,0xa9dc25718c96e7351857806521a282bad04881b6ec71258e0e1071caa0c6ebdf,0x58085d4b6662bbd2acdd99dffe3c78b8661422ec,0x16b8766e6b52bb0113213ad2d4987ec1e9b99e13,23326101892177068111158117403380029821171932103636404586665389293169475076267,SELL,152.0,0.595,90.44,2026-05-26 12:47:45+00:00,True
46505161,0x23213e76660003c07fb6e2a7dcf56f4fd9c65d9eb84d4ca07f522619691ad855,0xf9e019b835590f11e8b7279141fce5f07320a4c9,0xcf186e0d509c32402f869bafb690286c75d9c2ae,23326101892177068111158117403380029821171932103636404586665389293169475076267,SELL,383.0,0.639,244.737,2026-05-26 12:47:49+00:00,True
46505163,0xa2221a6f8bbbe64e2ded86705b930e87ee59cdaee6d5dfe66e2c8741be6a165b,0xbb6bd94a674260815f9af84cf392b19214b4e023,0x106f90adb6ec8eacd2dffbfb1ca937bf8dc16bac,23326101892177068111158117403380029821171932103636404586665389293169475076267,SELL,315.0,0.635,200.025,2026-05-26 12:47:53+00:00,True
46505163,0xf45d46472988dd17d92a849d770bf9b49ae21f111391438bed9a355671adbd8b,0x1d1f3206e671fd2a67c943d93163e6bddfb4262f,0x81801025871ee73ac195edd2ffb4b3353b765e00,23326101892177068111158117403380029821171932103636404586665389293169475076267,BUY,693.28,0.639,443.00592,2026-05-26 12:47:53+00:00,True
46505165,0x71e0a3da709142d9c5106f834d6bd38409bd8ece2ea70fc107d24e7c2d7361df,0x5aa76047cafc5650dceac42089f3590538cc8550,0xf32b50d6526d4741629461ce436bf7a79fb8e188,23326101892177068111158117403380029821171932103636404586665389293169475076267,SELL,183.0,0.648,118.584,2026-05-26 12:47:57+00:00,True
46505165,0x320eccf0d2edaea8d270d395061eb1d7a9c75c4042449a954e328663302df173,0x29dd54f3dd1491d1e2bc69944b5983e211f58aaf,0xf2127bcb896968cffd1d2e656c1b0cd5868eaf6d,23326101892177068111158117403380029821171932103636404586665389293169475076267,BUY,256.121,0.646,165.454166,2026-05-26 12:47:57+00:00,True
46505167,0xce5bac23c8348485bdd06556a18867051a7dfe96d53fded98c03e8e3ff1be350,0x0abc68da6dff164e95ee5ee0ff9ef68bd08a9482,0x191351eec6a09bdae423438edba0f4bf1d95207d,23326101892177068111158117403380029821171932103636404586665389293169475076267,SELL,133.0,0.644,85.652,2026-05-26 12:48:01+00:00,True
46505167,0xf06d41df454560ee6a1a3964b941da17ee130db927e84a2ea8b6fa12e8b43888,0x46ee7d5fb144f76aac5f9214528f30a91450c501,0x2a0a7cab60677aaa6706cc0f4ce76665dae69fa3,23326101892177068111158117403380029821171932103636404586665389293169475076267,SELL,224.0,0.649,145.376,2026-05-26 12:48:01+00:00,True
46505168,0xd459eeac5cf4df609aa5ae41d88b4e7654099a03978f11b3959cdafce9bfa7a8,0x2a0a7cab60677aaa6706cc0f4ce76665dae69fa3,0xcf7d452632551dc67b321a0bad2db0cd0ccf01db,23326101892177068111158117403380029821171932103636404586665389293169475076267,BUY,295.923,0.653,193.237719,2026-05-26 12:48:03+00:00,True
46505170,0x5bfb200412c3202ea459459c7aa0dfce367fba6efb551cfadb0471e24505299d,0x20e8f154a877034dd0145b304d90b99bbd8d558d,0xfcddeea788a40bfd216af7097fbf386282fb6653,23326101892177068111158117403380029821171932103636404586665389293169475076267,SELL,355.0,0.644,228.62,2026-05-26 12:48:07+00:00,True
46505170,0xb99c923e75b3aecec0450a6a524de53dea5329c463c1ca1bcfedd0c9116f42a1,0xd96155cc52ad7d3ff7a39c95fa515b965e358af8,0x196c747e02635b3de6d3f67580ba62ed482fc864,23326101892177068111158117403380029821171932103636404586665389293169475076267,BUY,501.83,0.647,324.68401,2026-05-26 12:48:07+00:00,True
46505177,0x1536da4734eab62099e4a089ecb43a8c9d33de8d0dbc2657b3c35f75fe058c72,0xfc5d6ef1ebdead2a79633dbbeb1392fafee264df,0x5dd1eb898cb24e00a0575d95afcb4f2d22410f9a,23326101892177068111158117403380029821171932103636404586665389293169475076267,BUY,164.116,0.608,99.782528,2026-05-26 12:48:21+00:00,True
46505180,0xce55cdc0968e8f2099ee8c973b9f4184a9eb0ecd704a6ce77041bfd2ec21a66c,0x1d1f3206e671fd2a67c943d93163e6bddfb4262f,0x81801025871ee73ac195edd2ffb4b3353b765e00,23326101892177068111158117403380029821171932103636404586665389293169475076267,SELL,672.0,0.584,392.448,2026-05-26 12:48:27+00:00,True
46505182,0xd894b8167a2a330a3310fd8d0c1a89cf75008979888df490c67f7bd5ef277ad2,0x7a9813714db9f2042cf7bdea4421c954d79243e6,0x4651f69873f1be6c94890d79e945b80ec9dd4fd3,23326101892177068111158117403380029821171932103636404586665389293169475076267,BUY,573.403,0.584,334.867352,2026-05-26 12:48:31+00:00,True
46505184,0xf88c91611288f7699896fe6761a02c9daa9e2065c88097a50e2c01f10e20dd41,0x29dd54f3dd1491d1e2bc69944b5983e211f58aaf,0xf2127bcb896968cffd1d2e656c1b0cd5868eaf6d,23326101892177068111158117403380029821171932103636404586665389293169475076267,SELL,249.0,0.5820000000000001,144.918,2026-05-26 12:48:35+00:00,True
46505184,0x12d0171baf86ad7dc60a2e8b6e3718e7144b57da1b0f607fbcc1ab120a420852,0x4c7b7f67104195d35b5537348512fe1c1f15d85b,0x5aa76047cafc5650dceac42089f3590538cc8550,23326101892177068111158117403380029821171932103636404586665389293169475076267,BUY,528.322,0.583,308.011726,2026-05-26 12:48:35+00:00,True
46505186,0x187e9c87d67e58b7c80e4ec8a2668b52e9e38912b8f6f6602306593da237c7c9,0x2a0a7cab60677aaa6706cc0f4ce76665dae69fa3,0xcf7d452632551dc67b321a0bad2db0cd0ccf01db,23326101892177068111158117403380029821171932103636404586665389293169475076267,SELL,287.0,0.523,150.101,2026-05-26 12:48:39+00:00,True
46505186,0x4798bc7c99c9cbb4674673c9b893204155549afc55f18ae51db9baf515c68767,0x46ee7d5fb144f76aac5f9214528f30a91450c501,0x5bf481a94e1fcadf9db3d73b97c4b799272115ce,23326101892177068111158117403380029821171932103636404586665389293169475076267,BUY,215.588,0.517,111.458996,2026-05-26 12:48:39+00:00,True
46505188,0x6e41faff3712b725ee272f625b1f5f5f4bcda2dd48faf6d033dabc969c4f0045,0x6fc5910e7227e206cef2ed20737680becaa9d2bd,0xf46b6d0c6dd31ac12f260732940f16b41ebd8737,3469897573899448175025502310970962120106787982500692321932053495327697019488,BUY,478.215,0.523,250.106445,2026-05-26 12:48:43+00:00,True
46505191,0x61ddc40b5acc9223e1b39dfafc886068cc08d0745b33f87e652a9b140f8487df,0xf3f56bf1914c904b37fffcef5f13d6343438cf36,0xe7c1c5522eda5ae252b0574f7a642ae74f8af3a3,3469897573899448175025502310970962120106787982500692321932053495327697019488,BUY,154.978,0.5309999999999999,82.293318,2026-05-26 12:48:49+00:00,True
46505192,0x3a5c28dfcfaba41e8cc5c2b4576786fb3620966b11467f3866f9ebe0218622f2,0x5dd1eb898cb24e00a0575d95afcb4f2d22410f9a,0xfc5d6ef1ebdead2a79633dbbeb1392fafee264df,3469897573899448175025502310970962120106787982500692321932053495327697019488,SELL,159.0,0.5740000000000001,91.266,2026-05-26 12:48:51+00:00,True
46505193,0xae203d16671d4a52a39ed18b0c27a4d7e73fab418056e7eca9fcb72b8449e6e5,0x8d6dee7ecf3a4776bcd9dd895e8e23efde4816a4,0xddde391c2544b526c7481543e577dad6423edede,3469897573899448175025502310970962120106787982500692321932053495327697019488,BUY,347.569,0.571,198.461899,2026-05-26 12:48:53+00:00,True
46505195,0xd2d2ca58f62a6e8702417af71fe95031b1f757f5d18b622fe32d1e6252ddbba7,0x4651f69873f1be6c94890d79e945b80ec9dd4fd3,0x7a9813714db9f2042cf7bdea4421c954d79243e6,3469897573899448175025502310970962120106787982500692321932053495327697019488,SELL,556.0,0.5579999999999999,310.248,2026-05-26 12:48:57+00:00,True
46505195,0xfd1f2af78878d4b8a197c639ddf5e79dc98c374e3152f5e727d4cdd1b03191dc,0xbb6bd94a674260815f9af84cf392b19214b4e023,0xfad5b1f2d7f59bde91dd7e2c0b170be6101ae97a,3469897573899448175025502310970962120106787982500692321932053495327697019488,BUY,192.607,0.564,108.630348,2026-05-26 12:48:57+00:00,True
46505198,0x6740e913acac7212460b0528c69d0a4544307b742706f5e0d033b52a231e5101,0x5aa76047cafc5650dceac42089f3590538cc8550,0x4c7b7f67104195d35b5537348512fe1c1f15d85b,3469897573899448175025502310970962120106787982500692321932053495327697019488,SELL,513.0,0.5599999999999999,287.28,2026-05-26 12:49:03+00:00,True
46505201,0xa15d535df197c7b3d367c3579ddf95a65074602efb3e920151aee892b4465396,0xa18dcd8e97306a29227e269ac600968aca7b9014,0xe6ea72d7371368ac060c00947cd4db70d51a81b5,3469897573899448175025502310970962120106787982500692321932053495327697019488,BUY,19.0,0.48,9.12,2026-05-26 12:49:09+00:00,False
46505202,0x7a7b0186fef0515bdd9d83d545900e43bcfc266acf1f016659b9af00ca42ddad,0xf2127bcb896968cffd1d2e656c1b0cd5868eaf6d,0x3e02ca4daf734bca12a033bfff07f2075ee103a8,3469897573899448175025502310970962120106787982500692321932053495327697019488,BUY,398.519,0.526,209.620994,2026-05-26 12:49:11+00:00,True
46505205,0x4b1edbc1dbf581b293a9ab83d267d64d87a28011ba7a2a7f8ad0ab6622927e67,0x46ee7d5fb144f76aac5f9214528f30a91450c501,0x5bf481a94e1fcadf9db3d73b97c4b799272115ce,23326101892177068111158117403380029821171932103636404586665389293169475076267,SELL,210.0,0.5509999999999999,115.71,2026-05-26 12:49:17+00:00,True
46505205,0xd953b6b87690c4541adfbae7487a27c5681e1d3b279b5e07c6e8327960c6106c,0x5bf481a94e1fcadf9db3d73b97c4b799272115ce,0x21ea7251a8368ce69c06b81f45f6ff3147feea36,23326101892177068111158117403380029821171932103636404586665389293169475076267,BUY,269.751,0.552,148.902552,2026-05-26 12:49:17+00:00,True
46505207,0x9600cee02ee8cb34955ee542930c0569f67c4b2a50605493895ff6b3d1c897e4,0xf46b6d0c6dd31ac12f260732940f16b41ebd8737,0x196c747e02635b3de6d3f67580ba62ed482fc864,23326101892177068111158117403380029821171932103636404586665389293169475076267,SELL,486.0,0.549,266.814,2026-05-26 12:49:21+00:00,True
46505207,0xb5569fb72a2e351e69b8fdcf1fba95849e8171dc3b53262843249638f2490895,0x6fc5910e7227e206cef2ed20737680becaa9d2bd,0xfcddeea788a40bfd216af7097fbf386282fb6653,23326101892177068111158117403380029821171932103636404586665389293169475076267,BUY,315.963,0.548,173.147724,2026-05-26 12:49:21+00:00,True
46505209,0x5f612879563b658527474d0e34928fbbfc745b22c18b55621962fc254bf497c2,0xe7c1c5522eda5ae252b0574f7a642ae74f8af3a3,0xf3f56bf1914c904b37fffcef5f13d6343438cf36,23326101892177068111158117403380029821171932103636404586665389293169475076267,SELL,155.0,0.5469999999999999,84.785,2026-05-26 12:49:25+00:00,True
46505210,0x8a29e17bc888f50e9462692fe1c41bd2355dac40985f92781fc55dafe032ab9b,0x58085d4b6662bbd2acdd99dffe3c78b8661422ec,0x0ec5f85aa1985c1d4113eaf84aff31d9377f3708,23326101892177068111158117403380029821171932103636404586665389293169475076267,BUY,178.924,0.5439999999999999,97.334656,2026-05-26 12:49:27+00:00,True
46505211,0x9e1baee9d416fb8e3243ade5802c9559e03cf48f0390ca55cbf3520d071643de,0xddde391c2544b526c7481543e577dad6423edede,0x8d6dee7ecf3a4776bcd9dd895e8e23efde4816a4,23326101892177068111158117403380029821171932103636404586665389293169475076267,SELL,348.0,0.546,190.008,2026-05-26 12:49:29+00:00,True
46505212,0xd5bf5513491d29ac7e9a6d6b3041002c75b0d5230d20b384731b778a1015ec95,0xf9e019b835590f11e8b7279141fce5f07320a4c9,0x15b3176ee08c799b5eaad507127455b832596073,23326101892177068111158117403380029821171932103636404586665389293169475076267,BUY,244.619,0.5479999999999999,134.051212,2026-05-26 12:49:31+00:00,True
46505213,0x6ddc5cb7b1f5990aa1a4b5c3d7760719d963525e3d2d1cb0a110b3cf8ccaa33f,0xff3de15715fe508970c31824ddb455cf61e2ed99,0xbb6bd94a674260815f9af84cf392b19214b4e023,23326101892177068111158117403380029821171932103636404586665389293169475076267,SELL,355.0,0.553,196.315,2026-05-26 12:49:33+00:00,True
46505214,0xbe274f62934bb67956c778ef93903bef2a956f91cf503d25599e256548561c6c,0xbb6bd94a674260815f9af84cf392b19214b4e023,0xf007a22e23fa36e641cb3fc5c9d543476f9737ae,23326101892177068111158117403380029821171932103636404586665389293169475076267,BUY,326.827,0.532,173.871964,2026-05-26 12:49:35+00:00,True
46505217,0x8fdde3cc4e52151b8033514d5eb4ce52cc203764479ad8b827b6d296fe1af349,0x3e02ca4daf734bca12a033bfff07f2075ee103a8,0xf2127bcb896968cffd1d2e656c1b0cd5868eaf6d,23326101892177068111158117403380029821171932103636404586665389293169475076267,SELL,398.0,0.524,208.552,2026-05-26 12:49:41+00:00,True
46505218,0x7bd593850b7c7d0dbb39d6b047a68c54c02879678daa046f2d18e51a95b0d4a5,0x51ba3d50c5b80070de3419157fce0eb46afcfa69,0x4c57d4d6313fa0b4470679dbbf5eb3db63b3a916,23326101892177068111158117403380029821171932103636404586665389293169475076267,BUY,120.533,0.526,63.400358,2026-05-26 12:49:43+00:00,True
46505219,0xf6b39bd92d60dc1fc404725a659e5c8002d79a1c2a350796bb9e6766ef00a0cb,0xf2127bcb896968cffd1d2e656c1b0cd5868eaf6d,0x5d5df741182561e9e2e3e1a143082daacff3795a,23326101892177068111158117403380029821171932103636404586665389293169475076267,BUY,215.282,0.5229999999999999,112.592486,2026-05-26 12:49:45+00:00,True
46505221,0xddfe08b3202cae51ed9383e8d2ef2d3012de7f264e8f9181602774c0ca70c5a2,0x5bf481a94e1fcadf9db3d73b97c4b799272115ce,0x21ea7251a8368ce69c06b81f45f6ff3147feea36,23326101892177068111158117403380029821171932103636404586665389293169475076267,SELL,262.0,0.529,138.598,2026-05-26 12:49:49+00:00,True
46505224,0xe8d21f651eeabf5f270db723b74dd6291c8e53a2b422f983eb0de55900678be1,0x20e8f154a877034dd0145b304d90b99bbd8d558d,0xd3abc6684aae3c47b44ecad5f8ce43ad578b861c,23326101892177068111158117403380029821171932103636404586665389293169475076267,BUY,361.478,0.522,188.691516,2026-05-26 12:49:55+00:00,True
46505225,0x0d89e3521c1c0760441eec97468d7750b70d8dba57268879e567540f03be0c67,0x58085d4b6662bbd2acdd99dffe3c78b8661422ec,0x0ec5f85aa1985c1d4113eaf84aff31d9377f3708,23326101892177068111158117403380029821171932103636404586665389293169475076267,SELL,174.0,0.524,91.176,2026-05-26 12:49:57+00:00,True
46505227,0x354ee3578b79d1421ef98aca998d7692c061b48593c55fa2f209bfe3b8fdf092,0xf9e019b835590f11e8b7279141fce5f07320a4c9,0x15b3176ee08c799b5eaad507127455b832596073,23326101892177068111158117403380029821171932103636404586665389293169475076267,SELL,237.0,0.528,125.136,2026-05-26 12:50:01+00:00,True
46505227,0x9d9be1afac4f3a4824f1c4c635abe031ff4956961bb0b8f418cf708064320105,0x578451b97342c6917b979fff91485cb42e7af9ec,0xf9e019b835590f11e8b7279141fce5f07320a4c9,23326101892177068111158117403380029821171932103636404586665389293169475076267,BUY,250.635,0.531,133.087185,2026-05-26 12:50:01+00:00,True
46505229,0xc4c2ffa30ba5a4896b7f3263ca6e669f4c6e87ce55d450aa3ed9d54a3956afce,0xbb6bd94a674260815f9af84cf392b19214b4e023,0xf007a22e23fa36e641cb3fc5c9d543476f9737ae,23326101892177068111158117403380029821171932103636404586665389293169475076267,SELL,317.0,0.522,165.474,2026-05-26 12:50:05+00:00,True
46505230,0x84894545f648b4a49d84f1dccd05972dbe275fe7bbe71e7aa0b250f4f69acca3,0x106f90adb6ec8eacd2dffbfb1ca937bf8dc16bac,0xbb6bd94a674260815f9af84cf392b19214b4e023,23326101892177068111158117403380029821171932103636404586665389293169475076267,BUY,342.302,0.5209999999999999,178.339342,2026-05-26 12:50:07+00:00,True
46505234,0x1c96e03bb628f3e174742eee67cdab95bf7e5a1b90643517075866c374a1cc47,0x5d5df741182561e9e2e3e1a143082daacff3795a,0xf2127bcb896968cffd1d2e656c1b0cd5868eaf6d,3469897573899448175025502310970962120106787982500692321932053495327697019488,SELL,209.0,0.505,105.545,2026-05-26 12:50:15+00:00,True
46505234,0x152d3f78e591c508aeb73b1f93ece57a843dbc72b8ea46f2aaa75c78865e0fee,0xf2127bcb896968cffd1d2e656c1b0cd5868eaf6d,0xf32b50d6526d4741629461ce436bf7a79fb8e188,3469897573899448175025502310970962120106787982500692321932053495327697019488,BUY,742.964,0.5159999999999999,383.369424,2026-05-26 12:50:15+00:00,True
46505237,0x4f79338ee75a04282670bf5d7df5dfac04c8350c953e8feed1c074198070f852,0x2a0a7cab60677aaa6706cc0f4ce76665dae69fa3,0xcf7d452632551dc67b321a0bad2db0cd0ccf01db,3469897573899448175025502310970962120106787982500692321932053495327697019488,BUY,299.992,0.527,158.095784,2026-05-26 12:50:21+00:00,True
46505239,0x5f434c7b959e032ef3678461e2db72adfe747185d8ba2c36bf564bdf3ec7d9bf,0x20e8f154a877034dd0145b304d90b99bbd8d558d,0xf46b6d0c6dd31ac12f260732940f16b41ebd8737,3469897573899448175025502310970962120106787982500692321932053495327697019488,BUY,434.467,0.527,228.964109,2026-05-26 12:50:25+00:00,True
46505248,0x4bafa2138813317f2f0ce3c0d323ab21a229547804131a9d4b95137899d5fc11,0xb5deb57cb0b1910c37e0d5494124ab01e7307b43,0xe6ea72d7371368ac060c00947cd4db70d51a81b5,3469897573899448175025502310970962120106787982500692321932053495327697019488,BUY,100.0,0.498,49.8,2026-05-26 12:50:43+00:00,False
46505252,0x142410858f1d96677be3ad2e6d9f091d659a4c41a6b807d7dd99730ee6c0061c,0xa18dcd8e97306a29227e269ac600968aca7b9014,0x8cf809e1ced244874912d507163e6ad755ae6493,23326101892177068111158117403380029821171932103636404586665389293169475076267,BUY,10.0,0.55,5.5,2026-05-26 12:50:51+00:00,False
46505253,0xf70dfbe28de41f01d3cb2ceca77232a949a4e22b3cb9a383be3a62016bef8799,0xa18dcd8e97306a29227e269ac600968aca7b9014,0x8cf809e1ced244874912d507163e6ad755ae6493,23326101892177068111158117403380029821171932103636404586665389293169475076267,BUY,10.0,0.5599999999999999,5.6,2026-05-26 12:50:53+00:00,False
46505259,0x5801c6b41ba6f5541aa32316005493870004477f14c1d92fadd467a6ba8801a1,0xb5deb57cb0b1910c37e0d5494124ab01e7307b43,0xe6ea72d7371368ac060c00947cd4db70d51a81b5,3469897573899448175025502310970962120106787982500692321932053495327697019488,BUY,63.0,0.433,27.279,2026-05-26 12:51:05+00:00,False
46505309,0x03422d4ffa3fff214728ff3037c19798911e6e8afbec221ea1996472023de748,0xa18dcd8e97306a29227e269ac600968aca7b9014,0xbb1b5804c2d5ab75c7af26d57e2667f602a6f5f3,23326101892177068111158117403380029821171932103636404586665389293169475076267,BUY,10.0,0.45,4.5,2026-05-26 12:52:45+00:00,False
46505309,0x03422d4ffa3fff214728ff3037c19798911e6e8afbec221ea1996472023de748,0xa18dcd8e97306a29227e269ac600968aca7b9014,0xbb1b5804c2d5ab75c7af26d57e2667f602a6f5f3,23326101892177068111158117403380029821171932103636404586665389293169475076267,BUY,0.338,0.43999999999999995,0.14872,2026-05-26 12:52:45+00:00,False
46505310,0x00cf85932e3ee6415e5dd0eb5179c18881e7d0f5577780d4932c58eaf85dab8d,0xa18dcd8e97306a29227e269ac600968aca7b9014,0xf0f92ba0adeeb3f02ae1589c06fff31e96cff8ed,23326101892177068111158117403380029821171932103636404586665389293169475076267,BUY,6.0,0.43,2.58,2026-05-26 12:52:47+00:00,False
46505310,0x2eb0d60b81ed630f53a523cd6ea922b2a570a2c83d6ab4a1082858ff6e3ad242,0xa18dcd8e97306a29227e269ac600968aca7b9014,0xe6ea72d7371368ac060c00947cd4db70d51a81b5,23326101892177068111158117403380029821171932103636404586665389293169475076267,BUY,3.0,0.43,1.29,2026-05-26 12:52:47+00:00,False
46505310,0xe2f96928bf23c70d1fb6795755d5948bc3f61415eb92a4ef2b57b5fb878eac38,0xa18dcd8e97306a29227e269ac600968aca7b9014,0x41b3db0b5aa53056bf36773357142df8a6e93c66,23326101892177068111158117403380029821171932103636404586665389293169475076267,BUY,2.0,0.4,0.8,2026-05-26 12:52:47+00:00,False
46505340,0x339aabba0f636fcb23151e92ecd9a0cb6da5a01dcaf470dd41ebbdc5fa754994,0xa18dcd8e97306a29227e269ac600968aca7b9014,0xe096b71f676eb5636d6852912fa9a36d2ba7eee2,3469897573899448175025502310970962120106787982500692321932053495327697019488,BUY,5.2,0.51,2.652,2026-05-26 12:53:47+00:00,False
46505340,0x765c91c2b26524bcf6fcb77f14586f8c292c91c1863ef655c9a4c7d113092a84,0xa18dcd8e97306a29227e269ac600968aca7b9014,0xe6ea72d7371368ac060c00947cd4db70d51a81b5,3469897573899448175025502310970962120106787982500692321932053495327697019488,BUY,52.8,0.51,26.928,2026-05-26 12:53:47+00:00,False
46505340,0x5d77ca0f2db1e6513cab9aa6e616c57bda986a07425ff8d5874ca09faa2caaa5,0xa18dcd8e97306a29227e269ac600968aca7b9014,0x41b3db0b5aa53056bf36773357142df8a6e93c66,3469897573899448175025502310970962120106787982500692321932053495327697019488,BUY,2.392,0.5,1.196,2026-05-26 12:53:47+00:00,False
46505340,0xb716d7becff6268f22760f9cf0039c6adfbd70933eb7600bf4c1373232921d72,0xa18dcd8e97306a29227e269ac600968aca7b9014,0xbb1b5804c2d5ab75c7af26d57e2667f602a6f5f3,3469897573899448175025502310970962120106787982500692321932053495327697019488,BUY,4.0,0.43,1.72,2026-05-26 12:53:47+00:00,False
46505340,0xb716d7becff6268f22760f9cf0039c6adfbd70933eb7600bf4c1373232921d72,0xa18dcd8e97306a29227e269ac600968aca7b9014,0xbb1b5804c2d5ab75c7af26d57e2667f602a6f5f3,3469897573899448175025502310970962120106787982500692321932053495327697019488,BUY,4.0,0.42,1.68,2026-05-26 12:53:47+00:00,False
46505340,0xb716d7becff6268f22760f9cf0039c6adfbd70933eb7600bf4c1373232921d72,0xa18dcd8e97306a29227e269ac600968aca7b9014,0xbb1b5804c2d5ab75c7af26d57e2667f602a6f5f3,3469897573899448175025502310970962120106787982500692321932053495327697019488,BUY,15.0,0.4,6.0,2026-05-26 12:53:47+00:00,False
46505340,0xb716d7becff6268f22760f9cf0039c6adfbd70933eb7600bf4c1373232921d72,0xa18dcd8e97306a29227e269ac600968aca7b9014,0xbb1b5804c2d5ab75c7af26d57e2667f602a6f5f3,3469897573899448175025502310970962120106787982500692321932053495327697019488,BUY,15.0,0.38,5.7,2026-05-26 12:53:47+00:00,False
46505340,0xd1dc823ef2b9b771e0500eed6245b64f899907caea0604663f8119f00340d89a,0xa18dcd8e97306a29227e269ac600968aca7b9014,0xe6ea72d7371368ac060c00947cd4db70d51a81b5,3469897573899448175025502310970962120106787982500692321932053495327697019488,BUY,4.0,0.36,1.44,2026-05-26 12:53:47+00:00,False
46505340,0x4a82759fa54e3ffbf27a88a163161419461814e2c3ff5dff822d6b0d8fa103c0,0xa18dcd8e97306a29227e269ac600968aca7b9014,0x8cf809e1ced244874912d507163e6ad755ae6493,23326101892177068111158117403380029821171932103636404586665389293169475076267,BUY,6.0,0.5599999999999999,3.36,2026-05-26 12:53:47+00:00,False
46505341,0x5d901126c92d40005c03423d2a4e3773f0a8e6a22a9ba31007a9e2228f97cb08,0xa18dcd8e97306a29227e269ac600968aca7b9014,0x8cf809e1ced244874912d507163e6ad755ae6493,23326101892177068111158117403380029821171932103636404586665389293169475076267,BUY,4.0,0.59,2.36,2026-05-26 12:53:49+00:00,False
46505350,0x38f36a00df8b27c723064ed3534a235d083cabf77f759b24d7ec6d222ec8fbf7,0xa18dcd8e97306a29227e269ac600968aca7b9014,0xe6ea72d7371368ac060c00947cd4db70d51a81b5,23326101892177068111158117403380029821171932103636404586665389293169475076267,BUY,43.0,0.5399999999999999,23.22,2026-05-26 12:54:07+00:00,False
46505350,0xd16ae0ab7e768d89f9ff82c4102e16d04fd7c7f8f4037ad56fa8e9ad4758caba,0xa18dcd8e97306a29227e269ac600968aca7b9014,0x41b3db0b5aa53056bf36773357142df8a6e93c66,23326101892177068111158117403380029821171932103636404586665389293169475076267,BUY,2.49,0.5199999999999999,1.2948,2026-05-26 12:54:07+00:00,False
46505351,0xbfe9adc6af7ef220b4dbb833a4c0dacc72a93af68d884f36f8077221af538e7a,0xa18dcd8e97306a29227e269ac600968aca7b9014,0xe6ea72d7371368ac060c00947cd4db70d51a81b5,23326101892177068111158117403380029821171932103636404586665389293169475076267,BUY,16.51,0.52,8.5852,2026-05-26 12:54:09+00:00,False
46505351,0x7174e626f62ec638fd842d8110c8cd312fb4fc52a31939b6e9b9f1c28c94c3d2,0xa18dcd8e97306a29227e269ac600968aca7b9014,0xe6ea72d7371368ac060c00947cd4db70d51a81b5,23326101892177068111158117403380029821171932103636404586665389293169475076267,BUY,4.0,0.5,2.0,2026-05-26 12:54:09+00:00,False
46505354,0x47e74cee107e5968eee4f2dff1f9def555f0ecaae9246e807384445d37b21e4e,0xa18dcd8e97306a29227e269ac600968aca7b9014,0xe6ea72d7371368ac060c00947cd4db70d51a81b5,3469897573899448175025502310970962120106787982500692321932053495327697019488,BUY,52.0,0.6,31.2,2026-05-26 12:54:15+00:00,False
46505354,0x47e74cee107e5968eee4f2dff1f9def555f0ecaae9246e807384445d37b21e4e,0xa18dcd8e97306a29227e269ac600968aca7b9014,0xe6ea72d7371368ac060c00947cd4db70d51a81b5,3469897573899448175025502310970962120106787982500692321932053495327697019488,BUY,52.0,0.6,31.2,2026-05-26 12:54:15+00:00,False
46505379,0x2a7e8f61f7289d5aa98ed5dcdf36792ae041c199d3f671f86dc80fb0a1c655b8,0xb5deb57cb0b1910c37e0d5494124ab01e7307b43,0x27b4afbd88fe7c88c6897bb0b4ade338d0401e37,23326101892177068111158117403380029821171932103636404586665389293169475076267,BUY,7.44851,0.04900000134255039,0.364977,2026-05-26 12:55:05+00:00,False
46505441,0xf6e97d90bdfe76744537a5d05946665a85c9d0ca6b70ec436ae8e955f97286e5,0xcb478a69a1ce863dafbaa593aa7c2008085455a5,0xe6ea72d7371368ac060c00947cd4db70d51a81b5,3469897573899448175025502310970962120106787982500692321932053495327697019488,BUY,100.0,0.91,91.0,2026-05-26 12:57:09+00:00,False
46505514,0x4d1f541062c452ad8544ca90f39569f1c681a6f2270dbfb31b984ca8ff7eb8a4,0xcb478a69a1ce863dafbaa593aa7c2008085455a5,0x1db8bbe8a659e57d895b1c2909076ef7eb2f1798,3469897573899448175025502310970962120106787982500692321932053495327697019488,SELL,3.030303,0.9899996798999967,2.999999,2026-05-26 12:59:35+00:00,False
46505514,0x651f7b18d385afbd6903f2014bb3fe1025aa1ee021fef23bb357a362817fd853,0xcb478a69a1ce863dafbaa593aa7c2008085455a5,0x0dbd54e9a61ea5a7326b34bcd4bf61e2e40f4de7,3469897573899448175025502310970962120106787982500692321932053495327697019488,SELL,3.030303,0.9899996798999967,2.999999,2026-05-26 12:59:35+00:00,False
46505519,0x8b5039de0c90c6917a23f74b027532768ed3477806dc13c2e6a5f292316ae7ca,0xcb478a69a1ce863dafbaa593aa7c2008085455a5,0x31db15e7929fa60634cc6b7f71dea282b90d3ca1,3469897573899448175025502310970962120106787982500692321932053495327697019488,SELL,50.50505,0.9899999901000001,49.999999,2026-05-26 12:59:45+00:00,False
46505527,0x7f6fcee3e34338303b35639aa184c3e29ef256ce57e9fb9d170cb418d6ba9896,0xcb478a69a1ce863dafbaa593aa7c2008085455a5,0x7a0b3d997e0a243f68353467281becf964995101,3469897573899448175025502310970962120106787982500692321932053495327697019488,SELL,20.202,0.99,19.99998,2026-05-26 13:00:01+00:00,False
