wallet,week,contracts
0x00b6704b6f1341d9b74d1481ceeddc7a45b2f999,2025-09-15,61813.414761
0x00b6704b6f1341d9b74d1481ceeddc7a45b2f999,2025-09-22,5207.240788
0x0151b900b8c27b02cbe4e85f325db56e81ba86e0,2025-09-15,81791.156543
0x0151b900b8c27b02cbe4e85f325db56e81ba86e0,2025-09-22,9386.599169000001
0x0151b900b8c27b02cbe4e85f325db56e81ba86e0,2025-09-29,1000.0
0x08e3f66278cb41267bc27c5c5233352fdb071146,2025-09-15,80123.587857
0x08e3f66278cb41267bc27c5c5233352fdb071146,2025-09-22,3593.9049999999997
0x08f5169f7e20bc92064666d63f0d18f03c945c5b,2025-09-15,74417.58711000001
0x08f5169f7e20bc92064666d63f0d18f03c945c5b,2025-09-22,3680.869
0x122868469f5bbcf6d9b90758867aaa2157c62546,2025-09-15,82283.593113
0x122868469f5bbcf6d9b90758867aaa2157c62546,2025-09-22,3204.0029999999997
0x122868469f5bbcf6d9b90758867aaa2157c62546,2025-09-29,605.435
0x12c528b4b4ce39d186433e95f7e21a1dd15f8458,2025-09-15,1802684.253189
0x12c528b4b4ce39d186433e95f7e21a1dd15f8458,2025-09-22,395904.79042000003
0x12c528b4b4ce39d186433e95f7e21a1dd15f8458,2025-09-29,25934.5246
0x12c528b4b4ce39d186433e95f7e21a1dd15f8458,2025-10-06,12321.633
0x171a375e12fb7e948f89d39a5d2fb13e34b2cf12,2025-09-15,74202.67455600001
0x171a375e12fb7e948f89d39a5d2fb13e34b2cf12,2025-09-22,4363.859
0x171a375e12fb7e948f89d39a5d2fb13e34b2cf12,2025-09-29,672.702
0x179544126baff9a885620c72d011916492c58766,2025-09-15,60679.778799
0x179544126baff9a885620c72d011916492c58766,2025-09-22,2546.361
0x1c619d64181669d4fbb452245c06be9be67bcfdd,2025-09-15,320933.910151
0x1c619d64181669d4fbb452245c06be9be67bcfdd,2025-09-22,434993.63840999996
0x1c619d64181669d4fbb452245c06be9be67bcfdd,2025-09-29,13604.100001
0x1c619d64181669d4fbb452245c06be9be67bcfdd,2025-10-06,14844.378
0x2c866bd6d068390feb7e3245b518d664b11815d5,2025-09-15,88914.819431
0x2c866bd6d068390feb7e3245b518d664b11815d5,2025-09-22,208309.28697199997
0x2c866bd6d068390feb7e3245b518d664b11815d5,2025-09-29,11931.793
0x2c866bd6d068390feb7e3245b518d664b11815d5,2025-10-06,13053.735
0x2e9d47a26e9a679e44a8037e270d626f6b5704dd,2025-09-15,76799.78267399999
0x2e9d47a26e9a679e44a8037e270d626f6b5704dd,2025-09-22,2738.037
0x3096d9f9a99138569ff618e0f295b2605858c789,2025-09-15,74938.779
0x3096d9f9a99138569ff618e0f295b2605858c789,2025-09-22,3675.7480000000005
0x3a1ef7b849f7808e27f431e58b241f4e0ec45f08,2025-09-15,57811.747222000005
0x3a1ef7b849f7808e27f431e58b241f4e0ec45f08,2025-09-22,25927.192014000004
0x3a1ef7b849f7808e27f431e58b241f4e0ec45f08,2025-09-29,4032.871
0x3a1ef7b849f7808e27f431e58b241f4e0ec45f08,2025-10-06,17231.5308
0x3bb56317de58b1e410b2f3659f8ff8b4b6b25303,2025-09-15,68531.716416
0x3bb56317de58b1e410b2f3659f8ff8b4b6b25303,2025-09-22,5762.961
0x40b2ab179322ff3fbbee44a39be3e1e110e057b1,2025-09-15,47727.143749
0x40b2ab179322ff3fbbee44a39be3e1e110e057b1,2025-09-22,33216.842333
0x40b2ab179322ff3fbbee44a39be3e1e110e057b1,2025-09-29,13440.3032
0x40b2ab179322ff3fbbee44a39be3e1e110e057b1,2025-10-06,16118.9023
0x43e74a8d2b4492a89862e6a748c7308d1cf24a04,2025-09-15,58151.286757999995
0x43e74a8d2b4492a89862e6a748c7308d1cf24a04,2025-09-22,6951.006893
0x43e74a8d2b4492a89862e6a748c7308d1cf24a04,2025-09-29,11334.342
0x43e74a8d2b4492a89862e6a748c7308d1cf24a04,2025-10-06,16049.490699999998
0x443c3153efd15c1b16e75e7c6a9bd6554da05d05,2025-09-15,71350.035878
0x443c3153efd15c1b16e75e7c6a9bd6554da05d05,2025-09-22,2330.638
0x48853fbba65055666a7960508302c891ce8f39fd,2025-09-15,72596.594002
0x48853fbba65055666a7960508302c891ce8f39fd,2025-09-22,4675.01
0x48853fbba65055666a7960508302c891ce8f39fd,2025-09-29,8411.424
0x48853fbba65055666a7960508302c891ce8f39fd,2025-10-06,14583.255700000002
0x4fdb57f71dfa37da7875b66a7210ce44a1862633,2025-09-15,82965.001664
0x4fdb57f71dfa37da7875b66a7210ce44a1862633,2025-09-22,5256.991897
0x4fdb57f71dfa37da7875b66a7210ce44a1862633,2025-09-29,680.546
0x50bd61726930c37f1b33a1603fc2e4f344bbc44c,2025-09-15,70658.89475400001
0x50bd61726930c37f1b33a1603fc2e4f344bbc44c,2025-09-22,7802.842893
0x5392a60b79f5a95b29a437e96070780a9c5a9fb7,2025-09-15,66632.613249
0x5392a60b79f5a95b29a437e96070780a9c5a9fb7,2025-09-22,1656.494444
0x53fe97c508b7e2cab76924eed510b2590366d8d2,2025-09-15,77287.470413
0x53fe97c508b7e2cab76924eed510b2590366d8d2,2025-09-22,3028.235
0x540304b50b6498c60511bc2eda1dbbd7b6d4a3cb,2025-09-15,46924.695759999995
0x540304b50b6498c60511bc2eda1dbbd7b6d4a3cb,2025-09-22,5848.615
0x540304b50b6498c60511bc2eda1dbbd7b6d4a3cb,2025-09-29,6081.1927
0x540304b50b6498c60511bc2eda1dbbd7b6d4a3cb,2025-10-06,16874.15
0x548732577961b66afcda43d1c47db539915c17fb,2025-09-15,52401.013717
0x548732577961b66afcda43d1c47db539915c17fb,2025-09-22,10886.463135
0x56a28e7efe62400968a927280362f84138b2466a,2025-09-15,79814.65000600001
0x56a28e7efe62400968a927280362f84138b2466a,2025-09-22,2331.07
0x56a28e7efe62400968a927280362f84138b2466a,2025-09-29,1641.935
0x65703f8f43ec2939de126938c82e4046d125ab44,2025-09-15,78494.85475
0x65703f8f43ec2939de126938c82e4046d125ab44,2025-09-22,2743.366893
0x7236cec742d9cc4ae4f7e61417e2c08b0b1b1fdf,2025-09-15,79022.493
0x7236cec742d9cc4ae4f7e61417e2c08b0b1b1fdf,2025-09-22,3952.251
0x74f6558bcbcd43b834c4bf1339dea6b98fce748f,2025-09-15,77608.389349
0x74f6558bcbcd43b834c4bf1339dea6b98fce748f,2025-09-22,2557.795662
0x74f6558bcbcd43b834c4bf1339dea6b98fce748f,2025-09-29,944.544
0x7ab8f48a40691049a6b16cecda05f320df5e0331,2025-09-15,76273.236979
0x7ab8f48a40691049a6b16cecda05f320df5e0331,2025-09-22,3932.788
0x7ab8f48a40691049a6b16cecda05f320df5e0331,2025-09-29,877.077
0x849a963fb6f23e37edfeba7174c8e92fcb54dca3,2025-09-15,81290.682
0x849a963fb6f23e37edfeba7174c8e92fcb54dca3,2025-09-22,2616.052
0x849a963fb6f23e37edfeba7174c8e92fcb54dca3,2025-09-29,1252.302
0x86e041e9cf500361a8be4357e928672d91ad910b,2025-09-15,85812.665729
0x86e041e9cf500361a8be4357e928672d91ad910b,2025-09-22,3136.0
0x8dfbd3a6323a69ef7deea511aff87d930bc14360,2025-09-15,41283.44725900001
0x8dfbd3a6323a69ef7deea511aff87d930bc14360,2025-09-22,19774.019572
0x8dfbd3a6323a69ef7deea511aff87d930bc14360,2025-09-29,4758.082
0x8dfbd3a6323a69ef7deea511aff87d930bc14360,2025-10-06,20967.5903
0x9720f27ee2bc9b47e1c0a9b3e6d362043e08fd31,2025-09-15,58787.645044000004
0x9720f27ee2bc9b47e1c0a9b3e6d362043e08fd31,2025-09-22,6107.384076
0x9720f27ee2bc9b47e1c0a9b3e6d362043e08fd31,2025-09-29,77.491
0x9a7305fb47cc72d257da6e70b7ced9b754e6494f,2025-09-15,83023.558875
0x9a7305fb47cc72d257da6e70b7ced9b754e6494f,2025-09-22,1420.523
0x9a7305fb47cc72d257da6e70b7ced9b754e6494f,2025-09-29,9327.2591
0x9a7305fb47cc72d257da6e70b7ced9b754e6494f,2025-10-06,17388.424
0x9b2d71a825fa72d8a112cf833a2822027440139c,2025-09-15,77815.991835
0x9b2d71a825fa72d8a112cf833a2822027440139c,2025-09-22,8267.552
0x9c855bbe2da60429af1691b41e536d654def14d1,2025-09-15,81344.840344
0x9c855bbe2da60429af1691b41e536d654def14d1,2025-09-22,2123.116
0xa3c489d87bbbf5ed4eb36fc96d0e9477f7d586a0,2025-09-15,79996.586054
0xa3c489d87bbbf5ed4eb36fc96d0e9477f7d586a0,2025-09-22,2768.495
0xa572496db77fdf57624301bc88d434fec80c1e48,2025-09-15,96023.376394
0xa572496db77fdf57624301bc88d434fec80c1e48,2025-09-22,7619.821
0xa679301d0486238b0e4ce2c34e18190397f5f00e,2025-09-15,71289.52855999999
0xa679301d0486238b0e4ce2c34e18190397f5f00e,2025-09-22,1657.222
0xa679301d0486238b0e4ce2c34e18190397f5f00e,2025-09-29,844.18
0xa7c45c93e9ffdb17de1e74eda0916edef578c4e0,2025-09-15,69927.223537
0xa7c45c93e9ffdb17de1e74eda0916edef578c4e0,2025-09-22,1926.4699999999998
0xa7c45c93e9ffdb17de1e74eda0916edef578c4e0,2025-09-29,918.918
0xac3761de9ee4eabe51184146abc306ae6257e710,2025-09-15,502684.185949
0xac3761de9ee4eabe51184146abc306ae6257e710,2025-09-22,2417450.213928
0xac3761de9ee4eabe51184146abc306ae6257e710,2025-09-29,33626.9392
0xac3761de9ee4eabe51184146abc306ae6257e710,2025-10-06,7031.1753
0xb415078be0e896f33ee197c5cba61847beb42f64,2025-09-15,878932.849597
0xb415078be0e896f33ee197c5cba61847beb42f64,2025-09-22,23987.634457
0xb415078be0e896f33ee197c5cba61847beb42f64,2025-09-29,16080.2193
0xb415078be0e896f33ee197c5cba61847beb42f64,2025-10-06,11255.4773
0xc465e47676d4808e16c9d167b08a11aecce97a2b,2025-09-15,72389.97902
0xc465e47676d4808e16c9d167b08a11aecce97a2b,2025-09-22,3286.593
0xc8e1c15ce5ae9d860a6a4093823f0a63adafc523,2025-09-15,68614.167304
0xc8e1c15ce5ae9d860a6a4093823f0a63adafc523,2025-09-22,4400.164036
0xc8e1c15ce5ae9d860a6a4093823f0a63adafc523,2025-09-29,7113.592
0xc8e1c15ce5ae9d860a6a4093823f0a63adafc523,2025-10-06,19580.501
0xe246ba9c679fada74887f96fc48264a1519e3c72,2025-09-15,67602.590166
0xe246ba9c679fada74887f96fc48264a1519e3c72,2025-09-22,2863.572
0xe246ba9c679fada74887f96fc48264a1519e3c72,2025-09-29,1365.31
0xe246ba9c679fada74887f96fc48264a1519e3c72,2025-10-06,13795.789019
0xe3312316f7eb6d519f910be5c44555e03bc4e3e1,2025-09-15,70922.57340099999
0xe3312316f7eb6d519f910be5c44555e03bc4e3e1,2025-09-22,3747.5060000000003
0xe3312316f7eb6d519f910be5c44555e03bc4e3e1,2025-09-29,663.828
0xe6668ccc790b0ae310d245c8b166bdd38227d362,2025-09-15,61036.77359899999
0xe6668ccc790b0ae310d245c8b166bdd38227d362,2025-09-22,4780.443411
0xe6668ccc790b0ae310d245c8b166bdd38227d362,2025-09-29,1947.564
0xe9fbcdf15540c9579e0923b54c411de196149311,2025-09-15,81427.41461800001
0xe9fbcdf15540c9579e0923b54c411de196149311,2025-09-22,4724.044
0xec097ecbd4de9bcb4a563dd253ad29276b608645,2025-09-15,75103.470712
0xec097ecbd4de9bcb4a563dd253ad29276b608645,2025-09-22,4294.002
0xec097ecbd4de9bcb4a563dd253ad29276b608645,2025-09-29,2796.359
0xee1461565dcdc125b8829c331bcee015c084c80d,2025-09-15,55469.807224000004
0xee1461565dcdc125b8829c331bcee015c084c80d,2025-09-22,21279.831428999998
0xee1461565dcdc125b8829c331bcee015c084c80d,2025-09-29,6656.9868
0xee1461565dcdc125b8829c331bcee015c084c80d,2025-10-06,16667.913
0xee9e27520a99c0b74596191798b21edd36c217fc,2025-09-15,48469.339844
0xee9e27520a99c0b74596191798b21edd36c217fc,2025-09-22,5360.402
0xef5fd1dc06adc5ae89905071c0bf9a0dde5e3b17,2025-09-15,70587.21413699999
0xef5fd1dc06adc5ae89905071c0bf9a0dde5e3b17,2025-09-22,7082.558258999999
0xef5fd1dc06adc5ae89905071c0bf9a0dde5e3b17,2025-09-29,3154.868
0xf4075ef364fc3569c3ef4a53735eb1b9d842146a,2025-09-15,1087754.421322
0xf4075ef364fc3569c3ef4a53735eb1b9d842146a,2025-09-22,90753.575258
0xf4075ef364fc3569c3ef4a53735eb1b9d842146a,2025-09-29,14051.189333
0xf4075ef364fc3569c3ef4a53735eb1b9d842146a,2025-10-06,20151.989999999998
0xf60ddf092eec6fccab4cd86ae7ec3a3916dab7b4,2025-09-15,62485.511745
0xf60ddf092eec6fccab4cd86ae7ec3a3916dab7b4,2025-09-22,2730.221649
0xf9ec0eba794571dfd4debd024cd8a29fe1dbee74,2025-09-15,71644.358103
0xf9ec0eba794571dfd4debd024cd8a29fe1dbee74,2025-09-22,3920.781
0x443c3153efd15c1b16e75e7c6a9bd6554da05d05,2025-10-06,1.99
0xa3c489d87bbbf5ed4eb36fc96d0e9477f7d586a0,2025-10-06,8.0
0x12c528b4b4ce39d186433e95f7e21a1dd15f8458,2025-10-13,30945.748000000003
0x12c528b4b4ce39d186433e95f7e21a1dd15f8458,2025-10-20,1703.406
0x12c528b4b4ce39d186433e95f7e21a1dd15f8458,2025-10-27,39187.430534
0x12c528b4b4ce39d186433e95f7e21a1dd15f8458,2025-11-03,103253.043853
0x12c528b4b4ce39d186433e95f7e21a1dd15f8458,2025-11-10,137221.87169499998
0x12c528b4b4ce39d186433e95f7e21a1dd15f8458,2025-11-17,96356.674897
0x1c619d64181669d4fbb452245c06be9be67bcfdd,2025-10-13,2000.0
0x1c619d64181669d4fbb452245c06be9be67bcfdd,2025-10-20,3.0029999999999997
0x1c619d64181669d4fbb452245c06be9be67bcfdd,2025-10-27,1140622.093841
0x1c619d64181669d4fbb452245c06be9be67bcfdd,2025-11-03,635145.547624
0x1c619d64181669d4fbb452245c06be9be67bcfdd,2025-11-10,127637.820453
0x1c619d64181669d4fbb452245c06be9be67bcfdd,2025-11-17,46042.574164
0x75f7a9c91646e866f964823bb3dcba791f49f236,2025-11-03,50841.37267
0x75f7a9c91646e866f964823bb3dcba791f49f236,2025-11-10,141936.496686
0x75f7a9c91646e866f964823bb3dcba791f49f236,2025-11-17,56514.304021
0x7db44aefcc7c1fed00a129ef8b64eddc102e5ab2,2025-11-03,51316.723
0x7db44aefcc7c1fed00a129ef8b64eddc102e5ab2,2025-11-10,147624.013821
0x7db44aefcc7c1fed00a129ef8b64eddc102e5ab2,2025-11-17,96257.60699500001
0x806b56771a753b68c3c53b47c6f8f8f82ddc8fbd,2025-11-03,46826.454647000006
0x806b56771a753b68c3c53b47c6f8f8f82ddc8fbd,2025-11-10,111314.87281500001
0x806b56771a753b68c3c53b47c6f8f8f82ddc8fbd,2025-11-17,9348.474441
0x83be2fa0a4354d56f3b0a5c0daa8a12a7b45d21e,2025-11-03,51069.849568000005
0x83be2fa0a4354d56f3b0a5c0daa8a12a7b45d21e,2025-11-10,142255.80034800002
0x83be2fa0a4354d56f3b0a5c0daa8a12a7b45d21e,2025-11-17,78220.47212600001
0x899096164748a28effcea87fc5fe17aced3f30fe,2025-11-03,51514.974953
0x899096164748a28effcea87fc5fe17aced3f30fe,2025-11-10,160216.430914
0x899096164748a28effcea87fc5fe17aced3f30fe,2025-11-17,65717.614069
0xac3761de9ee4eabe51184146abc306ae6257e710,2025-10-13,21756.033
0xac3761de9ee4eabe51184146abc306ae6257e710,2025-10-27,1174314.197994
0xac3761de9ee4eabe51184146abc306ae6257e710,2025-11-03,811851.220108
0xac3761de9ee4eabe51184146abc306ae6257e710,2025-11-10,142606.93069900002
0xac3761de9ee4eabe51184146abc306ae6257e710,2025-11-17,39563.78017800001
0xb415078be0e896f33ee197c5cba61847beb42f64,2025-10-13,2003.003
0xb415078be0e896f33ee197c5cba61847beb42f64,2025-10-27,38922.065966
0xb415078be0e896f33ee197c5cba61847beb42f64,2025-11-03,100027.733359
0xb415078be0e896f33ee197c5cba61847beb42f64,2025-11-10,147341.874197
0xb415078be0e896f33ee197c5cba61847beb42f64,2025-11-17,63243.05153699999
0xf4075ef364fc3569c3ef4a53735eb1b9d842146a,2025-10-13,13365.041
0xf4075ef364fc3569c3ef4a53735eb1b9d842146a,2025-10-20,103.103
0xf4075ef364fc3569c3ef4a53735eb1b9d842146a,2025-10-27,318.546988
0xf4075ef364fc3569c3ef4a53735eb1b9d842146a,2025-11-03,92656.53299
0xf4075ef364fc3569c3ef4a53735eb1b9d842146a,2025-11-10,104092.873234
0xf4075ef364fc3569c3ef4a53735eb1b9d842146a,2025-11-17,63677.743384
0xa7c45c93e9ffdb17de1e74eda0916edef578c4e0,2025-10-13,8.0
0xac3761de9ee4eabe51184146abc306ae6257e710,2025-10-20,6.31
0x00b6704b6f1341d9b74d1481ceeddc7a45b2f999,2025-11-24,510067.51902899996
0x0151b900b8c27b02cbe4e85f325db56e81ba86e0,2025-11-24,1115635.137348
0x0151b900b8c27b02cbe4e85f325db56e81ba86e0,2025-12-01,91.107
0x08e3f66278cb41267bc27c5c5233352fdb071146,2025-11-24,442465.864756
0x08f5169f7e20bc92064666d63f0d18f03c945c5b,2025-11-24,1294238.04019
0x122868469f5bbcf6d9b90758867aaa2157c62546,2025-11-24,1191333.255926
0x12c528b4b4ce39d186433e95f7e21a1dd15f8458,2025-11-24,1411506.143442
0x171a375e12fb7e948f89d39a5d2fb13e34b2cf12,2025-11-24,395462.837968
0x179544126baff9a885620c72d011916492c58766,2025-11-24,424736.71834
0x1c619d64181669d4fbb452245c06be9be67bcfdd,2025-11-24,1455797.035426
0x1c619d64181669d4fbb452245c06be9be67bcfdd,2025-12-01,40.0
0x2c866bd6d068390feb7e3245b518d664b11815d5,2025-11-24,1068491.677108
0x2e9d47a26e9a679e44a8037e270d626f6b5704dd,2025-11-24,410359.50938299997
0x3096d9f9a99138569ff618e0f295b2605858c789,2025-11-24,334982.238989
0x3a1ef7b849f7808e27f431e58b241f4e0ec45f08,2025-11-24,945995.380847
0x3bb56317de58b1e410b2f3659f8ff8b4b6b25303,2025-11-24,967523.037619
0x40b2ab179322ff3fbbee44a39be3e1e110e057b1,2025-11-24,1127364.57653
0x43e74a8d2b4492a89862e6a748c7308d1cf24a04,2025-11-24,971203.1652259999
0x443c3153efd15c1b16e75e7c6a9bd6554da05d05,2025-11-24,991001.267508
0x48853fbba65055666a7960508302c891ce8f39fd,2025-11-24,401171.79267
0x4fdb57f71dfa37da7875b66a7210ce44a1862633,2025-11-24,347932.137051
0x50bd61726930c37f1b33a1603fc2e4f344bbc44c,2025-11-24,368272.259605
0x5392a60b79f5a95b29a437e96070780a9c5a9fb7,2025-11-24,1100093.7824650002
0x53fe97c508b7e2cab76924eed510b2590366d8d2,2025-11-24,984244.6098209999
0x540304b50b6498c60511bc2eda1dbbd7b6d4a3cb,2025-11-24,1063846.214543
0x548732577961b66afcda43d1c47db539915c17fb,2025-11-24,1167978.210885
0x56a28e7efe62400968a927280362f84138b2466a,2025-11-24,384840.230179
0x65703f8f43ec2939de126938c82e4046d125ab44,2025-11-24,922546.4284880001
0x7236cec742d9cc4ae4f7e61417e2c08b0b1b1fdf,2025-11-24,467279.197303
0x74f6558bcbcd43b834c4bf1339dea6b98fce748f,2025-11-24,1040308.705419
0x75f7a9c91646e866f964823bb3dcba791f49f236,2025-11-24,1105315.5591199999
0x7ab8f48a40691049a6b16cecda05f320df5e0331,2025-11-24,1010731.362902
0x7db44aefcc7c1fed00a129ef8b64eddc102e5ab2,2025-11-24,1111800.834217
0x806b56771a753b68c3c53b47c6f8f8f82ddc8fbd,2025-11-24,1266964.857163
0x83be2fa0a4354d56f3b0a5c0daa8a12a7b45d21e,2025-11-24,1022742.9187479999
0x849a963fb6f23e37edfeba7174c8e92fcb54dca3,2025-11-24,345668.369994
0x849a963fb6f23e37edfeba7174c8e92fcb54dca3,2025-12-01,25.0
0x86e041e9cf500361a8be4357e928672d91ad910b,2025-11-24,310304.25666199997
0x899096164748a28effcea87fc5fe17aced3f30fe,2025-11-24,1097831.99083
0x8dfbd3a6323a69ef7deea511aff87d930bc14360,2025-11-24,383286.386091
0x9720f27ee2bc9b47e1c0a9b3e6d362043e08fd31,2025-11-24,993230.86973
0x9a7305fb47cc72d257da6e70b7ced9b754e6494f,2025-11-24,1055125.2576219998
0x9b2d71a825fa72d8a112cf833a2822027440139c,2025-11-24,1420700.235558
0x9b2d71a825fa72d8a112cf833a2822027440139c,2025-12-01,39.0
0x9c855bbe2da60429af1691b41e536d654def14d1,2025-11-24,332841.52398
0xa3c489d87bbbf5ed4eb36fc96d0e9477f7d586a0,2025-11-24,318911.446769
0xa572496db77fdf57624301bc88d434fec80c1e48,2025-11-24,421889.089186
0xa679301d0486238b0e4ce2c34e18190397f5f00e,2025-11-24,1152682.180757
0xa7c45c93e9ffdb17de1e74eda0916edef578c4e0,2025-11-24,1070486.270946
0xac3761de9ee4eabe51184146abc306ae6257e710,2025-11-24,1182954.162803
0xb415078be0e896f33ee197c5cba61847beb42f64,2025-11-24,1158207.242257
0xc465e47676d4808e16c9d167b08a11aecce97a2b,2025-11-24,218537.03452400002
0xc8e1c15ce5ae9d860a6a4093823f0a63adafc523,2025-11-24,1145254.1539269998
0xe246ba9c679fada74887f96fc48264a1519e3c72,2025-11-24,1093476.63748
0xe3312316f7eb6d519f910be5c44555e03bc4e3e1,2025-11-24,1108062.289953
0xe6668ccc790b0ae310d245c8b166bdd38227d362,2025-11-24,420136.12122800003
0xe9fbcdf15540c9579e0923b54c411de196149311,2025-11-24,1120968.5655530002
0xec097ecbd4de9bcb4a563dd253ad29276b608645,2025-11-24,1088149.807432
0xee1461565dcdc125b8829c331bcee015c084c80d,2025-11-24,1379687.911578
0xee9e27520a99c0b74596191798b21edd36c217fc,2025-11-24,359280.571756
0xef5fd1dc06adc5ae89905071c0bf9a0dde5e3b17,2025-11-24,1077787.726814
0xf4075ef364fc3569c3ef4a53735eb1b9d842146a,2025-11-24,1297492.279246
0xf60ddf092eec6fccab4cd86ae7ec3a3916dab7b4,2025-11-24,1090615.34452
0xf9ec0eba794571dfd4debd024cd8a29fe1dbee74,2025-11-24,1294898.765316
0x00b6704b6f1341d9b74d1481ceeddc7a45b2f999,2025-12-22,894232.524936
0x00b6704b6f1341d9b74d1481ceeddc7a45b2f999,2025-12-29,147600.461
0x0151b900b8c27b02cbe4e85f325db56e81ba86e0,2025-12-22,913330.802588
0x0151b900b8c27b02cbe4e85f325db56e81ba86e0,2025-12-29,143757.452983
0x0151b900b8c27b02cbe4e85f325db56e81ba86e0,2026-01-12,293360.956
0x08e3f66278cb41267bc27c5c5233352fdb071146,2025-12-22,208044.626
0x08e3f66278cb41267bc27c5c5233352fdb071146,2025-12-29,145622.88123499998
0x08e3f66278cb41267bc27c5c5233352fdb071146,2026-01-12,679104.741225
0x08f5169f7e20bc92064666d63f0d18f03c945c5b,2025-12-22,914079.164804
0x08f5169f7e20bc92064666d63f0d18f03c945c5b,2025-12-29,151154.399928
0x122868469f5bbcf6d9b90758867aaa2157c62546,2025-12-22,154877.13763200003
0x122868469f5bbcf6d9b90758867aaa2157c62546,2025-12-29,144302.023996
0x122868469f5bbcf6d9b90758867aaa2157c62546,2026-01-12,721002.814
0x12c528b4b4ce39d186433e95f7e21a1dd15f8458,2025-12-15,199871.281143
0x12c528b4b4ce39d186433e95f7e21a1dd15f8458,2025-12-22,1535109.208666
0x12c528b4b4ce39d186433e95f7e21a1dd15f8458,2025-12-29,127097.384
0x171a375e12fb7e948f89d39a5d2fb13e34b2cf12,2025-12-22,842354.351982
0x171a375e12fb7e948f89d39a5d2fb13e34b2cf12,2025-12-29,111336.702997
0x179544126baff9a885620c72d011916492c58766,2025-12-22,289873.61699999997
0x179544126baff9a885620c72d011916492c58766,2025-12-29,151706.540665
0x179544126baff9a885620c72d011916492c58766,2026-01-05,539.798
0x179544126baff9a885620c72d011916492c58766,2026-01-12,954931.860216
0x1c619d64181669d4fbb452245c06be9be67bcfdd,2025-12-15,130957.229856
0x1c619d64181669d4fbb452245c06be9be67bcfdd,2025-12-22,1510291.1656220001
0x1c619d64181669d4fbb452245c06be9be67bcfdd,2025-12-29,39989.763
0x2c866bd6d068390feb7e3245b518d664b11815d5,2025-12-22,1005463.550796
0x2c866bd6d068390feb7e3245b518d664b11815d5,2025-12-29,149963.647499
0x2c866bd6d068390feb7e3245b518d664b11815d5,2026-01-05,165855.490665
0x2c866bd6d068390feb7e3245b518d664b11815d5,2026-01-12,836652.3499949999
0x2e9d47a26e9a679e44a8037e270d626f6b5704dd,2025-12-22,162103.560995
0x2e9d47a26e9a679e44a8037e270d626f6b5704dd,2025-12-29,142093.518791
0x2e9d47a26e9a679e44a8037e270d626f6b5704dd,2026-01-12,645717.5659769999
0x3096d9f9a99138569ff618e0f295b2605858c789,2025-12-22,862876.430321
0x3096d9f9a99138569ff618e0f295b2605858c789,2025-12-29,139158.81834300002
0x3096d9f9a99138569ff618e0f295b2605858c789,2026-01-12,678868.474858
0x3a1ef7b849f7808e27f431e58b241f4e0ec45f08,2025-12-22,1420999.8447079998
0x3a1ef7b849f7808e27f431e58b241f4e0ec45f08,2025-12-29,148219.133
0x3bb56317de58b1e410b2f3659f8ff8b4b6b25303,2025-12-22,1150699.620052
0x3bb56317de58b1e410b2f3659f8ff8b4b6b25303,2025-12-29,150452.238
0x40b2ab179322ff3fbbee44a39be3e1e110e057b1,2025-12-22,733075.195356
0x40b2ab179322ff3fbbee44a39be3e1e110e057b1,2025-12-29,152975.02620999998
0x40b2ab179322ff3fbbee44a39be3e1e110e057b1,2026-01-12,1098682.6639649998
0x43e74a8d2b4492a89862e6a748c7308d1cf24a04,2025-12-22,994178.803374
0x43e74a8d2b4492a89862e6a748c7308d1cf24a04,2025-12-29,150841.546711
0x443c3153efd15c1b16e75e7c6a9bd6554da05d05,2025-12-22,888703.0257329999
0x443c3153efd15c1b16e75e7c6a9bd6554da05d05,2025-12-29,153153.034996
0x443c3153efd15c1b16e75e7c6a9bd6554da05d05,2026-01-12,50663.994
0x48853fbba65055666a7960508302c891ce8f39fd,2025-12-22,179257.531
0x48853fbba65055666a7960508302c891ce8f39fd,2025-12-29,147078.74039400002
0x48853fbba65055666a7960508302c891ce8f39fd,2026-01-12,629059.0160000001
0x4fdb57f71dfa37da7875b66a7210ce44a1862633,2025-12-22,832436.0667910001
0x4fdb57f71dfa37da7875b66a7210ce44a1862633,2025-12-29,107643.829969
0x50bd61726930c37f1b33a1603fc2e4f344bbc44c,2025-12-22,857731.7288919999
0x50bd61726930c37f1b33a1603fc2e4f344bbc44c,2025-12-29,149444.00196199998
0x5392a60b79f5a95b29a437e96070780a9c5a9fb7,2025-12-22,682229.012414
0x5392a60b79f5a95b29a437e96070780a9c5a9fb7,2025-12-29,150938.78749800002
0x5392a60b79f5a95b29a437e96070780a9c5a9fb7,2026-01-12,825576.070986
0x53fe97c508b7e2cab76924eed510b2590366d8d2,2025-12-22,1005895.1683199999
0x53fe97c508b7e2cab76924eed510b2590366d8d2,2025-12-29,155261.342614
0x53fe97c508b7e2cab76924eed510b2590366d8d2,2026-01-12,800458.885994
0x540304b50b6498c60511bc2eda1dbbd7b6d4a3cb,2025-12-22,729474.70315
0x540304b50b6498c60511bc2eda1dbbd7b6d4a3cb,2025-12-29,148834.257874
0x540304b50b6498c60511bc2eda1dbbd7b6d4a3cb,2026-01-12,704212.2829999999
0x548732577961b66afcda43d1c47db539915c17fb,2025-12-22,159185.343
0x548732577961b66afcda43d1c47db539915c17fb,2025-12-29,143273.67399699998
0x548732577961b66afcda43d1c47db539915c17fb,2026-01-12,565464.550993
0x56a28e7efe62400968a927280362f84138b2466a,2025-12-22,154217.004586
0x56a28e7efe62400968a927280362f84138b2466a,2025-12-29,141141.263171
0x56a28e7efe62400968a927280362f84138b2466a,2026-01-12,661696.8609999999
0x65703f8f43ec2939de126938c82e4046d125ab44,2025-12-22,748021.556842
0x65703f8f43ec2939de126938c82e4046d125ab44,2025-12-29,144262.71363900002
0x65703f8f43ec2939de126938c82e4046d125ab44,2026-01-12,920176.398477
0x7236cec742d9cc4ae4f7e61417e2c08b0b1b1fdf,2025-12-22,264511.044987
0x7236cec742d9cc4ae4f7e61417e2c08b0b1b1fdf,2025-12-29,144215.858721
0x7236cec742d9cc4ae4f7e61417e2c08b0b1b1fdf,2026-01-05,46502.167
0x7236cec742d9cc4ae4f7e61417e2c08b0b1b1fdf,2026-01-12,987357.877981
0x74f6558bcbcd43b834c4bf1339dea6b98fce748f,2025-12-22,1208270.414576
0x74f6558bcbcd43b834c4bf1339dea6b98fce748f,2025-12-29,153974.016123
0x75f7a9c91646e866f964823bb3dcba791f49f236,2025-12-15,69988.17344299999
0x75f7a9c91646e866f964823bb3dcba791f49f236,2025-12-22,1869073.117962
0x75f7a9c91646e866f964823bb3dcba791f49f236,2025-12-29,142476.28100000002
0x7ab8f48a40691049a6b16cecda05f320df5e0331,2025-12-22,518971.84700000007
0x7ab8f48a40691049a6b16cecda05f320df5e0331,2025-12-29,152567.806976
0x7ab8f48a40691049a6b16cecda05f320df5e0331,2026-01-12,1720400.79299
0x7db44aefcc7c1fed00a129ef8b64eddc102e5ab2,2025-12-15,219170.10492800002
0x7db44aefcc7c1fed00a129ef8b64eddc102e5ab2,2025-12-22,1554465.639341
0x7db44aefcc7c1fed00a129ef8b64eddc102e5ab2,2025-12-29,63265.08
0x806b56771a753b68c3c53b47c6f8f8f82ddc8fbd,2025-12-15,271222.84145
0x806b56771a753b68c3c53b47c6f8f8f82ddc8fbd,2025-12-22,1535569.983554
0x806b56771a753b68c3c53b47c6f8f8f82ddc8fbd,2025-12-29,140190.43907
0x83be2fa0a4354d56f3b0a5c0daa8a12a7b45d21e,2025-12-15,147276.148514
0x83be2fa0a4354d56f3b0a5c0daa8a12a7b45d21e,2025-12-22,1498247.1059889998
0x83be2fa0a4354d56f3b0a5c0daa8a12a7b45d21e,2025-12-29,45412.773
0x849a963fb6f23e37edfeba7174c8e92fcb54dca3,2025-12-22,153162.89500000002
0x849a963fb6f23e37edfeba7174c8e92fcb54dca3,2025-12-29,149436.59432
0x849a963fb6f23e37edfeba7174c8e92fcb54dca3,2026-01-12,969632.9559909999
0x86e041e9cf500361a8be4357e928672d91ad910b,2025-12-22,941933.238026
0x86e041e9cf500361a8be4357e928672d91ad910b,2025-12-29,137520.81900000002
0x899096164748a28effcea87fc5fe17aced3f30fe,2025-12-15,313454.64668500004
0x899096164748a28effcea87fc5fe17aced3f30fe,2025-12-22,1560626.538398
0x899096164748a28effcea87fc5fe17aced3f30fe,2025-12-29,56276.107
0x8dfbd3a6323a69ef7deea511aff87d930bc14360,2025-12-22,880886.435968
0x8dfbd3a6323a69ef7deea511aff87d930bc14360,2025-12-29,144102.624443
0x8dfbd3a6323a69ef7deea511aff87d930bc14360,2026-01-12,56738.519
0x9720f27ee2bc9b47e1c0a9b3e6d362043e08fd31,2025-12-22,153352.065502
0x9720f27ee2bc9b47e1c0a9b3e6d362043e08fd31,2025-12-29,151458.03642299998
0x9720f27ee2bc9b47e1c0a9b3e6d362043e08fd31,2026-01-12,1031285.3269740001
0x9a7305fb47cc72d257da6e70b7ced9b754e6494f,2025-12-22,934886.621986
0x9a7305fb47cc72d257da6e70b7ced9b754e6494f,2025-12-29,93885.73299
0x9b2d71a825fa72d8a112cf833a2822027440139c,2025-12-22,982366.0717140001
0x9b2d71a825fa72d8a112cf833a2822027440139c,2025-12-29,137069.165424
0x9c855bbe2da60429af1691b41e536d654def14d1,2025-12-22,153625.830372
0x9c855bbe2da60429af1691b41e536d654def14d1,2025-12-29,144166.263993
0xa3c489d87bbbf5ed4eb36fc96d0e9477f7d586a0,2025-12-22,866705.292128
0xa3c489d87bbbf5ed4eb36fc96d0e9477f7d586a0,2025-12-29,98408.23300000001
0xa572496db77fdf57624301bc88d434fec80c1e48,2025-12-22,155042.64619300002
0xa572496db77fdf57624301bc88d434fec80c1e48,2025-12-29,145348.712
0xa572496db77fdf57624301bc88d434fec80c1e48,2026-01-12,585639.424
0xa679301d0486238b0e4ce2c34e18190397f5f00e,2025-12-22,839451.078748
0xa679301d0486238b0e4ce2c34e18190397f5f00e,2025-12-29,145116.28290400002
0xa679301d0486238b0e4ce2c34e18190397f5f00e,2026-01-12,636949.4139999999
0xa7c45c93e9ffdb17de1e74eda0916edef578c4e0,2025-12-22,1137506.5777750001
0xa7c45c93e9ffdb17de1e74eda0916edef578c4e0,2025-12-29,152471.922205
0xa7c45c93e9ffdb17de1e74eda0916edef578c4e0,2026-01-05,166011.316
0xa7c45c93e9ffdb17de1e74eda0916edef578c4e0,2026-01-12,1407939.062223
0xac3761de9ee4eabe51184146abc306ae6257e710,2025-12-22,1408863.197385
0xac3761de9ee4eabe51184146abc306ae6257e710,2025-12-29,143245.258728
0xac3761de9ee4eabe51184146abc306ae6257e710,2026-01-12,55490.851
0xb415078be0e896f33ee197c5cba61847beb42f64,2025-12-15,215510.540767
0xb415078be0e896f33ee197c5cba61847beb42f64,2025-12-22,1580892.4969890001
0xb415078be0e896f33ee197c5cba61847beb42f64,2025-12-29,141648.303
0xc465e47676d4808e16c9d167b08a11aecce97a2b,2025-12-22,839459.266604
0xc465e47676d4808e16c9d167b08a11aecce97a2b,2025-12-29,152415.833008
0xc8e1c15ce5ae9d860a6a4093823f0a63adafc523,2025-12-22,159963.45500000002
0xc8e1c15ce5ae9d860a6a4093823f0a63adafc523,2025-12-29,145388.589995
0xc8e1c15ce5ae9d860a6a4093823f0a63adafc523,2026-01-12,704370.983819
0xe246ba9c679fada74887f96fc48264a1519e3c72,2025-12-22,1226687.217055
0xe246ba9c679fada74887f96fc48264a1519e3c72,2025-12-29,152796.24399
0xe3312316f7eb6d519f910be5c44555e03bc4e3e1,2025-12-22,235535.888206
0xe3312316f7eb6d519f910be5c44555e03bc4e3e1,2025-12-29,142964.894
0xe3312316f7eb6d519f910be5c44555e03bc4e3e1,2026-01-12,920888.0255880001
0xe6668ccc790b0ae310d245c8b166bdd38227d362,2025-12-22,153981.14
0xe6668ccc790b0ae310d245c8b166bdd38227d362,2025-12-29,147777.501973
0xe6668ccc790b0ae310d245c8b166bdd38227d362,2026-01-05,46473.670994
0xe6668ccc790b0ae310d245c8b166bdd38227d362,2026-01-12,473718.79498199996
0xe9fbcdf15540c9579e0923b54c411de196149311,2025-12-22,739614.641952
0xe9fbcdf15540c9579e0923b54c411de196149311,2025-12-29,150440.729203
0xe9fbcdf15540c9579e0923b54c411de196149311,2026-01-12,388900.184
0xec097ecbd4de9bcb4a563dd253ad29276b608645,2025-12-22,683001.086793
0xec097ecbd4de9bcb4a563dd253ad29276b608645,2025-12-29,144965.02840299997
0xec097ecbd4de9bcb4a563dd253ad29276b608645,2026-01-12,418609.4269869999
0xee1461565dcdc125b8829c331bcee015c084c80d,2025-12-22,881711.601581
0xee1461565dcdc125b8829c331bcee015c084c80d,2025-12-29,107947.196
0xee9e27520a99c0b74596191798b21edd36c217fc,2025-12-22,1000560.88007
0xee9e27520a99c0b74596191798b21edd36c217fc,2025-12-29,140135.87396400003
0xee9e27520a99c0b74596191798b21edd36c217fc,2026-01-12,723770.586
0xef5fd1dc06adc5ae89905071c0bf9a0dde5e3b17,2025-12-22,729438.794982
0xef5fd1dc06adc5ae89905071c0bf9a0dde5e3b17,2025-12-29,149257.728741
0xf4075ef364fc3569c3ef4a53735eb1b9d842146a,2025-12-15,249367.33316799998
0xf4075ef364fc3569c3ef4a53735eb1b9d842146a,2025-12-22,1760144.211413
0xf4075ef364fc3569c3ef4a53735eb1b9d842146a,2025-12-29,117221.57011599999
0xf60ddf092eec6fccab4cd86ae7ec3a3916dab7b4,2025-12-22,862015.000759
0xf60ddf092eec6fccab4cd86ae7ec3a3916dab7b4,2025-12-29,145264.989352
0xf60ddf092eec6fccab4cd86ae7ec3a3916dab7b4,2026-01-12,343833.152
0xf9ec0eba794571dfd4debd024cd8a29fe1dbee74,2025-12-22,594445.602988
0xf9ec0eba794571dfd4debd024cd8a29fe1dbee74,2025-12-29,145217.919996
0xf9ec0eba794571dfd4debd024cd8a29fe1dbee74,2026-01-12,979852.977
0x00b6704b6f1341d9b74d1481ceeddc7a45b2f999,2026-01-12,96817.31400000001
0x00b6704b6f1341d9b74d1481ceeddc7a45b2f999,2026-01-19,1403822.503995
0x00b6704b6f1341d9b74d1481ceeddc7a45b2f999,2026-01-26,2364323.4359999998
0x00b6704b6f1341d9b74d1481ceeddc7a45b2f999,2026-02-02,2422462.421966
0x0151b900b8c27b02cbe4e85f325db56e81ba86e0,2026-01-19,1755533.945
0x0151b900b8c27b02cbe4e85f325db56e81ba86e0,2026-01-26,4898200.636
0x0151b900b8c27b02cbe4e85f325db56e81ba86e0,2026-02-02,2800801.586
0x08e3f66278cb41267bc27c5c5233352fdb071146,2026-01-19,2018251.6468389998
0x08e3f66278cb41267bc27c5c5233352fdb071146,2026-01-26,3078877.458641
0x08f5169f7e20bc92064666d63f0d18f03c945c5b,2026-01-12,9901.515
0x08f5169f7e20bc92064666d63f0d18f03c945c5b,2026-01-19,1789263.2299930002
0x08f5169f7e20bc92064666d63f0d18f03c945c5b,2026-01-26,3128152.612269
0x08f5169f7e20bc92064666d63f0d18f03c945c5b,2026-02-02,2276658.192997
0x122868469f5bbcf6d9b90758867aaa2157c62546,2026-01-19,1675546.820401
0x122868469f5bbcf6d9b90758867aaa2157c62546,2026-01-26,3248657.931993
0x122868469f5bbcf6d9b90758867aaa2157c62546,2026-02-02,1780783.9749889998
0x12c528b4b4ce39d186433e95f7e21a1dd15f8458,2026-01-12,51681.783995
0x12c528b4b4ce39d186433e95f7e21a1dd15f8458,2026-01-19,1805839.689927
0x12c528b4b4ce39d186433e95f7e21a1dd15f8458,2026-01-26,2107607.139993
0x171a375e12fb7e948f89d39a5d2fb13e34b2cf12,2026-01-19,1119748.3409950002
0x171a375e12fb7e948f89d39a5d2fb13e34b2cf12,2026-01-26,2690820.084
0x171a375e12fb7e948f89d39a5d2fb13e34b2cf12,2026-02-02,2703156.241
0x179544126baff9a885620c72d011916492c58766,2026-01-19,2690527.0231
0x179544126baff9a885620c72d011916492c58766,2026-01-26,3650012.404978
0x179544126baff9a885620c72d011916492c58766,2026-02-02,2285441.011
0x1c619d64181669d4fbb452245c06be9be67bcfdd,2026-01-19,2045364.048471
0x1c619d64181669d4fbb452245c06be9be67bcfdd,2026-01-26,2999085.1158729997
0x1c619d64181669d4fbb452245c06be9be67bcfdd,2026-02-02,2150672.758
0x2c866bd6d068390feb7e3245b518d664b11815d5,2026-01-19,2131786.028388
0x2c866bd6d068390feb7e3245b518d664b11815d5,2026-01-26,2772645.4680000003
0x2e9d47a26e9a679e44a8037e270d626f6b5704dd,2026-01-19,2296913.9595999997
0x2e9d47a26e9a679e44a8037e270d626f6b5704dd,2026-01-26,3237942.114703
0x2e9d47a26e9a679e44a8037e270d626f6b5704dd,2026-02-02,2116250.229
0x3096d9f9a99138569ff618e0f295b2605858c789,2026-01-19,2128835.7059
0x3096d9f9a99138569ff618e0f295b2605858c789,2026-01-26,2646068.502543
0x3096d9f9a99138569ff618e0f295b2605858c789,2026-02-02,2277623.910977
0x3a1ef7b849f7808e27f431e58b241f4e0ec45f08,2026-01-12,114951.116
0x3a1ef7b849f7808e27f431e58b241f4e0ec45f08,2026-01-19,1377373.428573
0x3a1ef7b849f7808e27f431e58b241f4e0ec45f08,2026-01-26,3726770.591766
0x3bb56317de58b1e410b2f3659f8ff8b4b6b25303,2026-01-12,10854.707999999999
0x3bb56317de58b1e410b2f3659f8ff8b4b6b25303,2026-01-19,1331372.656
0x3bb56317de58b1e410b2f3659f8ff8b4b6b25303,2026-01-26,2180633.791427
0x40b2ab179322ff3fbbee44a39be3e1e110e057b1,2026-01-19,1402585.400008
0x40b2ab179322ff3fbbee44a39be3e1e110e057b1,2026-01-26,3688204.454
0x40b2ab179322ff3fbbee44a39be3e1e110e057b1,2026-02-02,2602785.220996
0x43e74a8d2b4492a89862e6a748c7308d1cf24a04,2026-01-12,92771.16699999999
0x43e74a8d2b4492a89862e6a748c7308d1cf24a04,2026-01-19,1203990.871
0x43e74a8d2b4492a89862e6a748c7308d1cf24a04,2026-01-26,3186648.6429970004
0x43e74a8d2b4492a89862e6a748c7308d1cf24a04,2026-02-02,3311924.025
0x443c3153efd15c1b16e75e7c6a9bd6554da05d05,2026-01-19,972676.035993
0x443c3153efd15c1b16e75e7c6a9bd6554da05d05,2026-01-26,4853354.653
0x443c3153efd15c1b16e75e7c6a9bd6554da05d05,2026-02-02,2788373.732
0x48853fbba65055666a7960508302c891ce8f39fd,2026-01-19,1857398.2649949999
0x48853fbba65055666a7960508302c891ce8f39fd,2026-01-26,2215768.5988539997
0x48853fbba65055666a7960508302c891ce8f39fd,2026-02-02,2218899.834
0x4fdb57f71dfa37da7875b66a7210ce44a1862633,2026-01-12,5167.145
0x4fdb57f71dfa37da7875b66a7210ce44a1862633,2026-01-19,1337442.746298
0x4fdb57f71dfa37da7875b66a7210ce44a1862633,2026-01-26,4457272.599
0x4fdb57f71dfa37da7875b66a7210ce44a1862633,2026-02-02,3271681.813
0x50bd61726930c37f1b33a1603fc2e4f344bbc44c,2026-01-12,113095.62
0x50bd61726930c37f1b33a1603fc2e4f344bbc44c,2026-01-19,2087522.1152849998
0x50bd61726930c37f1b33a1603fc2e4f344bbc44c,2026-01-26,3504214.21385
0x5392a60b79f5a95b29a437e96070780a9c5a9fb7,2026-01-19,2258639.130111
0x5392a60b79f5a95b29a437e96070780a9c5a9fb7,2026-01-26,1878766.378
0x53fe97c508b7e2cab76924eed510b2590366d8d2,2026-01-19,1139474.408949
0x53fe97c508b7e2cab76924eed510b2590366d8d2,2026-01-26,3649278.477996
0x53fe97c508b7e2cab76924eed510b2590366d8d2,2026-02-02,3417103.154992
0x540304b50b6498c60511bc2eda1dbbd7b6d4a3cb,2026-01-19,1186121.599
0x540304b50b6498c60511bc2eda1dbbd7b6d4a3cb,2026-01-26,3380473.493
0x540304b50b6498c60511bc2eda1dbbd7b6d4a3cb,2026-02-02,2648803.595998
0x548732577961b66afcda43d1c47db539915c17fb,2026-01-19,2074206.1349940002
0x548732577961b66afcda43d1c47db539915c17fb,2026-01-26,3942743.581999
0x56a28e7efe62400968a927280362f84138b2466a,2026-01-19,1679128.692997
0x56a28e7efe62400968a927280362f84138b2466a,2026-01-26,3218415.354136
0x56a28e7efe62400968a927280362f84138b2466a,2026-02-02,1428717.5049049999
0x65703f8f43ec2939de126938c82e4046d125ab44,2026-01-19,1406386.772461
0x65703f8f43ec2939de126938c82e4046d125ab44,2026-01-26,4098161.523
0x65703f8f43ec2939de126938c82e4046d125ab44,2026-02-02,2809064.8019890003
0x7236cec742d9cc4ae4f7e61417e2c08b0b1b1fdf,2026-01-19,2216107.427062
0x7236cec742d9cc4ae4f7e61417e2c08b0b1b1fdf,2026-01-26,2559401.755879
0x7236cec742d9cc4ae4f7e61417e2c08b0b1b1fdf,2026-02-02,3115254.176833
0x74f6558bcbcd43b834c4bf1339dea6b98fce748f,2026-01-12,115627.723
0x74f6558bcbcd43b834c4bf1339dea6b98fce748f,2026-01-19,1576239.3119939999
0x74f6558bcbcd43b834c4bf1339dea6b98fce748f,2026-01-26,3420930.805365
0x74f6558bcbcd43b834c4bf1339dea6b98fce748f,2026-02-02,1570580.4360000002
0x75f7a9c91646e866f964823bb3dcba791f49f236,2026-01-12,98308.58499999999
0x75f7a9c91646e866f964823bb3dcba791f49f236,2026-01-19,1952024.608196
0x75f7a9c91646e866f964823bb3dcba791f49f236,2026-01-26,3017716.483
0x75f7a9c91646e866f964823bb3dcba791f49f236,2026-02-02,2459840.416997
0x7ab8f48a40691049a6b16cecda05f320df5e0331,2026-01-19,1896612.943319
0x7ab8f48a40691049a6b16cecda05f320df5e0331,2026-01-26,3201564.97199
0x7ab8f48a40691049a6b16cecda05f320df5e0331,2026-02-02,2692123.4740000004
0x7db44aefcc7c1fed00a129ef8b64eddc102e5ab2,2026-01-19,1925700.9399919999
0x7db44aefcc7c1fed00a129ef8b64eddc102e5ab2,2026-01-26,2510390.6085860003
0x806b56771a753b68c3c53b47c6f8f8f82ddc8fbd,2026-01-12,14227.928
0x806b56771a753b68c3c53b47c6f8f8f82ddc8fbd,2026-01-19,2340353.271381
0x806b56771a753b68c3c53b47c6f8f8f82ddc8fbd,2026-01-26,2164654.491
0x83be2fa0a4354d56f3b0a5c0daa8a12a7b45d21e,2026-01-19,1260439.328
0x83be2fa0a4354d56f3b0a5c0daa8a12a7b45d21e,2026-01-26,4795342.364994
0x83be2fa0a4354d56f3b0a5c0daa8a12a7b45d21e,2026-02-02,1918603.004993
0x849a963fb6f23e37edfeba7174c8e92fcb54dca3,2026-01-19,1872788.105242
0x849a963fb6f23e37edfeba7174c8e92fcb54dca3,2026-01-26,4110605.459987
0x849a963fb6f23e37edfeba7174c8e92fcb54dca3,2026-02-02,2696395.9220000003
0x86e041e9cf500361a8be4357e928672d91ad910b,2026-01-12,1995.661
0x86e041e9cf500361a8be4357e928672d91ad910b,2026-01-19,1370076.441602
0x86e041e9cf500361a8be4357e928672d91ad910b,2026-01-26,2245511.1089930004
0x899096164748a28effcea87fc5fe17aced3f30fe,2026-01-19,1572288.0489949998
0x899096164748a28effcea87fc5fe17aced3f30fe,2026-01-26,4451378.008
0x8dfbd3a6323a69ef7deea511aff87d930bc14360,2026-01-19,1213388.133115
0x8dfbd3a6323a69ef7deea511aff87d930bc14360,2026-01-26,4476837.987671999
0x8dfbd3a6323a69ef7deea511aff87d930bc14360,2026-02-02,4027383.525
0x9720f27ee2bc9b47e1c0a9b3e6d362043e08fd31,2026-01-19,1588734.007745
0x9720f27ee2bc9b47e1c0a9b3e6d362043e08fd31,2026-01-26,4244372.818
0x9a7305fb47cc72d257da6e70b7ced9b754e6494f,2026-01-19,1364985.22099
0x9a7305fb47cc72d257da6e70b7ced9b754e6494f,2026-01-26,3516261.964
0x9a7305fb47cc72d257da6e70b7ced9b754e6494f,2026-02-02,1770082.399814
0x9b2d71a825fa72d8a112cf833a2822027440139c,2026-01-12,37359.846000000005
0x9b2d71a825fa72d8a112cf833a2822027440139c,2026-01-19,1377364.1283180001
0x9b2d71a825fa72d8a112cf833a2822027440139c,2026-01-26,4067360.111835
0x9b2d71a825fa72d8a112cf833a2822027440139c,2026-02-02,3922060.6289949995
0x9c855bbe2da60429af1691b41e536d654def14d1,2026-01-12,92789.88
0x9c855bbe2da60429af1691b41e536d654def14d1,2026-01-19,1471697.500995
0x9c855bbe2da60429af1691b41e536d654def14d1,2026-01-26,4523362.412999
0x9c855bbe2da60429af1691b41e536d654def14d1,2026-02-02,1868344.026
0xa3c489d87bbbf5ed4eb36fc96d0e9477f7d586a0,2026-01-19,984846.6450060001
0xa3c489d87bbbf5ed4eb36fc96d0e9477f7d586a0,2026-01-26,4545159.585504
0xa3c489d87bbbf5ed4eb36fc96d0e9477f7d586a0,2026-02-02,1810569.06
0xa572496db77fdf57624301bc88d434fec80c1e48,2026-01-19,1798710.163995
0xa572496db77fdf57624301bc88d434fec80c1e48,2026-01-26,2632444.899648
0xa679301d0486238b0e4ce2c34e18190397f5f00e,2026-01-19,1633636.847
0xa679301d0486238b0e4ce2c34e18190397f5f00e,2026-01-26,4057584.934633
0xa679301d0486238b0e4ce2c34e18190397f5f00e,2026-02-02,3260137.152992
0xa7c45c93e9ffdb17de1e74eda0916edef578c4e0,2026-01-19,1035105.0349999999
0xa7c45c93e9ffdb17de1e74eda0916edef578c4e0,2026-01-26,5060247.1942219995
0xa7c45c93e9ffdb17de1e74eda0916edef578c4e0,2026-02-02,3193248.1534869997
0xac3761de9ee4eabe51184146abc306ae6257e710,2026-01-19,1788420.60966
0xac3761de9ee4eabe51184146abc306ae6257e710,2026-01-26,2240776.075
0xb415078be0e896f33ee197c5cba61847beb42f64,2026-01-12,48074.602
0xb415078be0e896f33ee197c5cba61847beb42f64,2026-01-19,1658217.3049960001
0xb415078be0e896f33ee197c5cba61847beb42f64,2026-01-26,2527082.039
0xb415078be0e896f33ee197c5cba61847beb42f64,2026-02-02,3183560.7369999997
0xc465e47676d4808e16c9d167b08a11aecce97a2b,2026-01-12,5529.388
0xc465e47676d4808e16c9d167b08a11aecce97a2b,2026-01-19,1265470.3969999999
0xc465e47676d4808e16c9d167b08a11aecce97a2b,2026-01-26,3091225.898422
0xc465e47676d4808e16c9d167b08a11aecce97a2b,2026-02-02,3392176.4020000002
0xc8e1c15ce5ae9d860a6a4093823f0a63adafc523,2026-01-19,2368109.192545
0xc8e1c15ce5ae9d860a6a4093823f0a63adafc523,2026-01-26,2845153.2199999997
0xc8e1c15ce5ae9d860a6a4093823f0a63adafc523,2026-02-02,1969981.61298
0xe246ba9c679fada74887f96fc48264a1519e3c72,2026-01-12,91033.34700000001
0xe246ba9c679fada74887f96fc48264a1519e3c72,2026-01-19,1590322.263
0xe246ba9c679fada74887f96fc48264a1519e3c72,2026-01-26,3896326.728972
0xe246ba9c679fada74887f96fc48264a1519e3c72,2026-02-02,1416058.878
0xe3312316f7eb6d519f910be5c44555e03bc4e3e1,2026-01-19,2402608.605255
0xe3312316f7eb6d519f910be5c44555e03bc4e3e1,2026-01-26,4439687.428995
0xe6668ccc790b0ae310d245c8b166bdd38227d362,2026-01-19,2899909.042268
0xe6668ccc790b0ae310d245c8b166bdd38227d362,2026-01-26,3615356.903994
0xe6668ccc790b0ae310d245c8b166bdd38227d362,2026-02-02,1611846.517
0xe9fbcdf15540c9579e0923b54c411de196149311,2026-01-19,1470782.01799
0xe9fbcdf15540c9579e0923b54c411de196149311,2026-01-26,3641004.6029890003
0xec097ecbd4de9bcb4a563dd253ad29276b608645,2026-01-19,1634354.267476
0xec097ecbd4de9bcb4a563dd253ad29276b608645,2026-01-26,2027107.9819999998
0xee1461565dcdc125b8829c331bcee015c084c80d,2026-01-12,3695.067
0xee1461565dcdc125b8829c331bcee015c084c80d,2026-01-19,2399130.909
0xee1461565dcdc125b8829c331bcee015c084c80d,2026-01-26,3667615.514532
0xee1461565dcdc125b8829c331bcee015c084c80d,2026-02-02,3380394.961
0xee9e27520a99c0b74596191798b21edd36c217fc,2026-01-19,2507247.504092
0xee9e27520a99c0b74596191798b21edd36c217fc,2026-01-26,4294538.369
0xee9e27520a99c0b74596191798b21edd36c217fc,2026-02-02,1647412.311
0xef5fd1dc06adc5ae89905071c0bf9a0dde5e3b17,2026-01-12,16405.647
0xef5fd1dc06adc5ae89905071c0bf9a0dde5e3b17,2026-01-19,1470950.58661
0xef5fd1dc06adc5ae89905071c0bf9a0dde5e3b17,2026-01-26,4217175.492
0xef5fd1dc06adc5ae89905071c0bf9a0dde5e3b17,2026-02-02,3643682.981
0xf4075ef364fc3569c3ef4a53735eb1b9d842146a,2026-01-19,1450211.228994
0xf4075ef364fc3569c3ef4a53735eb1b9d842146a,2026-01-26,4573942.500403
0xf4075ef364fc3569c3ef4a53735eb1b9d842146a,2026-02-02,3323352.2739819996
0xf60ddf092eec6fccab4cd86ae7ec3a3916dab7b4,2026-01-19,1220057.692253
0xf60ddf092eec6fccab4cd86ae7ec3a3916dab7b4,2026-01-26,2586025.961
0xf9ec0eba794571dfd4debd024cd8a29fe1dbee74,2026-01-19,1483322.5410989998
0xf9ec0eba794571dfd4debd024cd8a29fe1dbee74,2026-01-26,2395061.8940000003
0x00b6704b6f1341d9b74d1481ceeddc7a45b2f999,2026-02-09,2754580.545
0x00b6704b6f1341d9b74d1481ceeddc7a45b2f999,2026-02-16,421820.579996
0x0151b900b8c27b02cbe4e85f325db56e81ba86e0,2026-02-09,2122316.279
0x0151b900b8c27b02cbe4e85f325db56e81ba86e0,2026-02-16,2810061.8401030004
0x03502e2b26a9c4f16d0da5f988c055282eb870e2,2026-02-16,2208156.1670000004
0x04e9d1fc471f17037aa069976cfc6da1f11d1438,2026-02-16,2605054.806659
0x0791641813feda20d23f4d7dc6a00643a31880b0,2026-02-16,2541670.9531610003
0x08e3f66278cb41267bc27c5c5233352fdb071146,2026-02-02,1477585.090997
0x08e3f66278cb41267bc27c5c5233352fdb071146,2026-02-09,2756424.941994
0x08e3f66278cb41267bc27c5c5233352fdb071146,2026-02-16,2076819.555995
0x08f5169f7e20bc92064666d63f0d18f03c945c5b,2026-02-09,2894611.486482
0x08f5169f7e20bc92064666d63f0d18f03c945c5b,2026-02-16,234334.815995
0x0abc68da6dff164e95ee5ee0ff9ef68bd08a9482,2026-02-16,2013999.2019999998
0x0c05403dbc8cd7558a0907292c8d5f6c032df157,2026-02-16,1883976.9689880002
0x122868469f5bbcf6d9b90758867aaa2157c62546,2026-02-09,5473226.980954
0x122868469f5bbcf6d9b90758867aaa2157c62546,2026-02-16,1675859.0729999999
0x12c528b4b4ce39d186433e95f7e21a1dd15f8458,2026-02-02,1967158.507
0x12c528b4b4ce39d186433e95f7e21a1dd15f8458,2026-02-09,6593049.779159
0x12c528b4b4ce39d186433e95f7e21a1dd15f8458,2026-02-16,3211545.201159
0x171a375e12fb7e948f89d39a5d2fb13e34b2cf12,2026-02-09,6773114.395644
0x171a375e12fb7e948f89d39a5d2fb13e34b2cf12,2026-02-16,1804846.395254
0x1743146e23ebe5cd02dfa795a095b77c6f200ac9,2026-02-16,3153671.548179
0x179544126baff9a885620c72d011916492c58766,2026-02-09,4161331.3709850004
0x179544126baff9a885620c72d011916492c58766,2026-02-16,1516000.893
0x1841444288cc042213741268edae89ab0a0a44f4,2026-02-16,2649851.848972
0x191351eec6a09bdae423438edba0f4bf1d95207d,2026-02-16,1595425.259847
0x1c619d64181669d4fbb452245c06be9be67bcfdd,2026-02-09,3012130.3009949997
0x1c619d64181669d4fbb452245c06be9be67bcfdd,2026-02-16,546369.351
0x24098eb6e196a8b94b42bd46fdcbf507af651df6,2026-02-16,2918624.718982
0x2488df29756354c1a334e767325266bfe7b1ef22,2026-02-16,2660788.9499850003
0x2c18e153217b1b1c84a57588073a4fa915116c5c,2026-02-16,2332817.8850000002
0x2c866bd6d068390feb7e3245b518d664b11815d5,2026-02-02,982325.321
0x2c866bd6d068390feb7e3245b518d664b11815d5,2026-02-09,4332999.777636
0x2c866bd6d068390feb7e3245b518d664b11815d5,2026-02-16,419700.593995
0x2e9d47a26e9a679e44a8037e270d626f6b5704dd,2026-02-09,3045631.714091
0x2e9d47a26e9a679e44a8037e270d626f6b5704dd,2026-02-16,748726.211991
0x305512f530792f0815c1ff12d6dfed2901dd5273,2026-02-16,2371878.0965759996
0x3096d9f9a99138569ff618e0f295b2605858c789,2026-02-09,3307098.290934
0x3096d9f9a99138569ff618e0f295b2605858c789,2026-02-16,201452.28899
0x35d20e20fe638705ea620cc434a61e6c857e51b8,2026-02-16,1041857.0799900001
0x3a1ef7b849f7808e27f431e58b241f4e0ec45f08,2026-02-02,1730119.512
0x3a1ef7b849f7808e27f431e58b241f4e0ec45f08,2026-02-09,2695839.470987
0x3a1ef7b849f7808e27f431e58b241f4e0ec45f08,2026-02-16,670775.085
0x3bb56317de58b1e410b2f3659f8ff8b4b6b25303,2026-02-02,1959525.745
0x3bb56317de58b1e410b2f3659f8ff8b4b6b25303,2026-02-09,3819693.003559
0x3bb56317de58b1e410b2f3659f8ff8b4b6b25303,2026-02-16,821958.3949589999
0x40506462296f3e4ba0d2877d3df5024c3a555b99,2026-02-16,1910567.4884060002
0x40b2ab179322ff3fbbee44a39be3e1e110e057b1,2026-02-09,5766278.403977999
0x40b2ab179322ff3fbbee44a39be3e1e110e057b1,2026-02-16,858071.657
0x43e74a8d2b4492a89862e6a748c7308d1cf24a04,2026-02-09,4397507.459032
0x43e74a8d2b4492a89862e6a748c7308d1cf24a04,2026-02-16,1491226.6439999999
0x443c3153efd15c1b16e75e7c6a9bd6554da05d05,2026-02-09,4522920.476698
0x443c3153efd15c1b16e75e7c6a9bd6554da05d05,2026-02-16,2701384.417
0x44a55e4a7c8fac2d285224da96419ff31607bc03,2026-02-16,1447769.918
0x44bf102ac4ce55a0d57e59f7d5f9828b38be6250,2026-02-16,3114343.260994
0x4745872ee8e2feca6f1358a72ce79440e79b8172,2026-02-16,1919701.398
0x48853fbba65055666a7960508302c891ce8f39fd,2026-02-09,2705273.6971739996
0x48853fbba65055666a7960508302c891ce8f39fd,2026-02-16,1844058.5709970002
0x48b573ab7bec10728141ed8e5c0f7cd2e88708a4,2026-02-16,3407991.3869940005
0x4928a1640bb2b21272a0b713582e69e893a51fee,2026-02-16,1669454.133756
0x4c57d4d6313fa0b4470679dbbf5eb3db63b3a916,2026-02-16,2938867.2839570004
0x4cddee9263161003af7f20f919181fff14713d8e,2026-02-16,3333296.397223
0x4fdb57f71dfa37da7875b66a7210ce44a1862633,2026-02-09,4278952.609884
0x4fdb57f71dfa37da7875b66a7210ce44a1862633,2026-02-16,1591340.354
0x50bd61726930c37f1b33a1603fc2e4f344bbc44c,2026-02-02,1316387.736
0x50bd61726930c37f1b33a1603fc2e4f344bbc44c,2026-02-09,2891763.922811
0x50bd61726930c37f1b33a1603fc2e4f344bbc44c,2026-02-16,172577.825
0x5179c31d12ebf80beb716f19f59c10db3c5dccab,2026-02-16,2690919.6482410002
0x51ba3d50c5b80070de3419157fce0eb46afcfa69,2026-02-16,1688282.93698
0x51c8ad3fc12a10ebe225a0e66ea69288503ad739,2026-02-16,2320874.861985
0x5392a60b79f5a95b29a437e96070780a9c5a9fb7,2026-02-02,1635133.7680000002
0x5392a60b79f5a95b29a437e96070780a9c5a9fb7,2026-02-09,3561161.023074
0x5392a60b79f5a95b29a437e96070780a9c5a9fb7,2026-02-16,1887456.019
0x53fe97c508b7e2cab76924eed510b2590366d8d2,2026-02-09,2850835.5255549997
0x53fe97c508b7e2cab76924eed510b2590366d8d2,2026-02-16,993321.871
0x540304b50b6498c60511bc2eda1dbbd7b6d4a3cb,2026-02-09,4087646.8142649997
0x540304b50b6498c60511bc2eda1dbbd7b6d4a3cb,2026-02-16,336239.673992
0x548732577961b66afcda43d1c47db539915c17fb,2026-02-02,725776.288
0x548732577961b66afcda43d1c47db539915c17fb,2026-02-09,3200316.623191
0x548732577961b66afcda43d1c47db539915c17fb,2026-02-16,218880.91700000002
0x56a28e7efe62400968a927280362f84138b2466a,2026-02-09,3768957.674137
0x56a28e7efe62400968a927280362f84138b2466a,2026-02-16,764415.0596660001
0x599870cc3752511dad8eca6980e861bcca53c768,2026-02-16,2029511.992
0x5a6b5352f46c07da306c60926b78e53e67e061ca,2026-02-16,2383763.638
0x606471f4b185ff414872a86874cde680d25b4a0d,2026-02-16,2162017.4063480003
0x65703f8f43ec2939de126938c82e4046d125ab44,2026-02-09,1344107.768686
0x65703f8f43ec2939de126938c82e4046d125ab44,2026-02-16,182465.18698800003
0x6d4500900a402d39c3b954dbb01d2f41b363973f,2026-02-16,2688120.6939780004
0x7236cec742d9cc4ae4f7e61417e2c08b0b1b1fdf,2026-02-09,2840586.522
0x7236cec742d9cc4ae4f7e61417e2c08b0b1b1fdf,2026-02-16,223779.81999999998
0x737b4edd8a4bb12fb9f199956a3c8768e7f74f11,2026-02-16,2176114.903988
0x74f6558bcbcd43b834c4bf1339dea6b98fce748f,2026-02-09,3950047.066
0x74f6558bcbcd43b834c4bf1339dea6b98fce748f,2026-02-16,1198998.359
0x75f7a9c91646e866f964823bb3dcba791f49f236,2026-02-09,2211463.903999
0x75f7a9c91646e866f964823bb3dcba791f49f236,2026-02-16,521663.429
0x77035c0745c7d90ce232ca731b3261d94b70f427,2026-02-16,2775871.825
0x7836f635e86b548bd1b245cd159f9318b79b0983,2026-02-16,1501148.811
0x78da84f0d52ea2f80dc122b881be29542680a629,2026-02-16,1657931.1146
0x78dccf7272a7895137606413ed740665f5e652c8,2026-02-16,3106718.0349850003
0x7ab8f48a40691049a6b16cecda05f320df5e0331,2026-02-09,4180687.9875029996
0x7ab8f48a40691049a6b16cecda05f320df5e0331,2026-02-16,153119.66000899998
0x7db44aefcc7c1fed00a129ef8b64eddc102e5ab2,2026-02-02,2031922.3229999999
0x7db44aefcc7c1fed00a129ef8b64eddc102e5ab2,2026-02-09,4619346.8542989995
0x7db44aefcc7c1fed00a129ef8b64eddc102e5ab2,2026-02-16,2881839.323
0x806b56771a753b68c3c53b47c6f8f8f82ddc8fbd,2026-02-02,1174879.131
0x806b56771a753b68c3c53b47c6f8f8f82ddc8fbd,2026-02-09,1252626.3560000001
0x806b56771a753b68c3c53b47c6f8f8f82ddc8fbd,2026-02-16,173442.99300000002
0x83be2fa0a4354d56f3b0a5c0daa8a12a7b45d21e,2026-02-09,3772591.2927139997
0x83be2fa0a4354d56f3b0a5c0daa8a12a7b45d21e,2026-02-16,949935.893
0x849a963fb6f23e37edfeba7174c8e92fcb54dca3,2026-02-09,2580492.471967
0x849a963fb6f23e37edfeba7174c8e92fcb54dca3,2026-02-16,1078235.449693
0x86e041e9cf500361a8be4357e928672d91ad910b,2026-02-02,1949169.2659999998
0x86e041e9cf500361a8be4357e928672d91ad910b,2026-02-09,3333108.8019890003
0x86e041e9cf500361a8be4357e928672d91ad910b,2026-02-16,85495.596
0x888635c2c0193371e22c7362083adf19f30b0b3b,2026-02-16,2317149.485193
0x899096164748a28effcea87fc5fe17aced3f30fe,2026-02-02,1223602.0919960001
0x899096164748a28effcea87fc5fe17aced3f30fe,2026-02-09,3515058.889
0x899096164748a28effcea87fc5fe17aced3f30fe,2026-02-16,1129330.999
0x8dfbd3a6323a69ef7deea511aff87d930bc14360,2026-02-09,2760220.833
0x8dfbd3a6323a69ef7deea511aff87d930bc14360,2026-02-16,1015459.446
0x93a0a3600e0bfb1bf482d9a43e002c1206c3435d,2026-02-16,2481448.696983
0x9477eb4970dde9e51bf2eddfa78fd3791b0135bf,2026-02-16,2829188.649801
0x9720f27ee2bc9b47e1c0a9b3e6d362043e08fd31,2026-02-02,1485031.0010000002
0x9720f27ee2bc9b47e1c0a9b3e6d362043e08fd31,2026-02-09,1968537.424282
0x9720f27ee2bc9b47e1c0a9b3e6d362043e08fd31,2026-02-16,316932.049
0x9a7305fb47cc72d257da6e70b7ced9b754e6494f,2026-02-09,3365414.421577
0x9a7305fb47cc72d257da6e70b7ced9b754e6494f,2026-02-16,97287.872
0x9b2d71a825fa72d8a112cf833a2822027440139c,2026-02-09,3614029.4699919997
0x9b2d71a825fa72d8a112cf833a2822027440139c,2026-02-16,484220.06
0x9c855bbe2da60429af1691b41e536d654def14d1,2026-02-09,3869282.79697
0x9c855bbe2da60429af1691b41e536d654def14d1,2026-02-16,1833441.2279910003
0x9f997f7c146fbc311aa5c1d0fd01b19b814277a5,2026-02-16,2383459.483831
0xa38510261297a9a3d519d36c6566dae7065c4ff4,2026-02-16,2178748.886984
0xa3c489d87bbbf5ed4eb36fc96d0e9477f7d586a0,2026-02-09,2736296.811234
0xa3c489d87bbbf5ed4eb36fc96d0e9477f7d586a0,2026-02-16,828554.26
0xa572496db77fdf57624301bc88d434fec80c1e48,2026-02-02,1662362.8459939999
0xa572496db77fdf57624301bc88d434fec80c1e48,2026-02-09,4308077.142728
0xa572496db77fdf57624301bc88d434fec80c1e48,2026-02-16,495828.129995
0xa679301d0486238b0e4ce2c34e18190397f5f00e,2026-02-09,3296039.570188
0xa679301d0486238b0e4ce2c34e18190397f5f00e,2026-02-16,997116.173
0xa6ca7bae9aa52bc783c11cfbabb241e3bc361947,2026-02-16,2212350.893044
0xa7c45c93e9ffdb17de1e74eda0916edef578c4e0,2026-02-09,2337612.978
0xa7c45c93e9ffdb17de1e74eda0916edef578c4e0,2026-02-16,571906.039984
0xac3761de9ee4eabe51184146abc306ae6257e710,2026-02-02,1910915.61556
0xac3761de9ee4eabe51184146abc306ae6257e710,2026-02-09,2539986.607962
0xac3761de9ee4eabe51184146abc306ae6257e710,2026-02-16,522343.994268
0xaec221ee2291af1ea41afa7b4d09a339622ed152,2026-02-16,2006060.2310000001
0xb14bb6f254574edd63173672c4237ca5c874725d,2026-02-16,1509573.4139979999
0xb415078be0e896f33ee197c5cba61847beb42f64,2026-02-09,4702761.046391
0xb415078be0e896f33ee197c5cba61847beb42f64,2026-02-16,102713.26000000001
0xb5b66a7af26744f0431a37eb7772a6f50f174e0e,2026-02-16,3709688.352
0xbb5370334f2a3eeef4c419fb57a0b24bca3cf263,2026-02-16,3107654.5848620003
0xbb7e70cf7874379fc4f91ceb2bd3160b98c5da16,2026-02-16,2896754.610023
0xbbffac15080d30594edef134010864fba725477c,2026-02-16,2576113.934
0xbc3fa7e33842a9804c08a52da7e395e6f95378f0,2026-02-16,2367859.341757
0xc1c3b7a1836fad06430e1edf9f881151b480080c,2026-02-16,2035773.325
0xc465e47676d4808e16c9d167b08a11aecce97a2b,2026-02-09,4905403.896658
0xc465e47676d4808e16c9d167b08a11aecce97a2b,2026-02-16,3282651.092976
0xc4926ab62d78f3a668bb4fd29ca04c06f8cd9f90,2026-02-16,2441948.4439749997
0xc4dae4a52f975147b7048222602b5ec9e0947236,2026-02-16,1711363.497728
0xc70b8ea6483ad00d24b48f96ae157b096becfe7d,2026-02-16,2360486.247
0xc8e1c15ce5ae9d860a6a4093823f0a63adafc523,2026-02-09,3260771.9970960002
0xc8e1c15ce5ae9d860a6a4093823f0a63adafc523,2026-02-16,1379898.5226810002
0xd31553c7032edd6a1854653b4e7e752183f16a77,2026-02-16,1802578.0369909997
0xd83350c134341e83000d81da157a3f0861d4b729,2026-02-16,2850809.4609999997
0xd953c6c2c8220393667fc950daa29da2d031a7ec,2026-02-16,2467377.753
0xe246ba9c679fada74887f96fc48264a1519e3c72,2026-02-09,2762246.469089
0xe246ba9c679fada74887f96fc48264a1519e3c72,2026-02-16,951399.478
0xe3312316f7eb6d519f910be5c44555e03bc4e3e1,2026-02-02,1239605.906
0xe3312316f7eb6d519f910be5c44555e03bc4e3e1,2026-02-09,5564939.350057
0xe3312316f7eb6d519f910be5c44555e03bc4e3e1,2026-02-16,398366.37899999996
0xe6668ccc790b0ae310d245c8b166bdd38227d362,2026-02-09,6013162.63325
0xe6668ccc790b0ae310d245c8b166bdd38227d362,2026-02-16,375487.66498999996
0xe90312437def98daccd661e2756f260361d42da4,2026-02-16,1906907.574991
0xe9c4f09513a211d341c28c3c102106bf0979c60f,2026-02-16,1805361.515364
0xe9fbcdf15540c9579e0923b54c411de196149311,2026-02-02,575963.507372
0xe9fbcdf15540c9579e0923b54c411de196149311,2026-02-09,3243570.961948
0xe9fbcdf15540c9579e0923b54c411de196149311,2026-02-16,579939.4569999999
0xea5c69cf7d8b71cd4644d089649f946d9ec30b2a,2026-02-16,2958425.7980000004
0xec097ecbd4de9bcb4a563dd253ad29276b608645,2026-02-02,1472529.1857170002
0xec097ecbd4de9bcb4a563dd253ad29276b608645,2026-02-09,4641735.036752
0xec097ecbd4de9bcb4a563dd253ad29276b608645,2026-02-16,308836.815
0xee1461565dcdc125b8829c331bcee015c084c80d,2026-02-09,2942817.349591
0xee1461565dcdc125b8829c331bcee015c084c80d,2026-02-16,525837.382524
0xee9e27520a99c0b74596191798b21edd36c217fc,2026-02-09,3338605.706475
0xee9e27520a99c0b74596191798b21edd36c217fc,2026-02-16,1325766.25499
0xef5fd1dc06adc5ae89905071c0bf9a0dde5e3b17,2026-02-09,3223528.13617
0xef5fd1dc06adc5ae89905071c0bf9a0dde5e3b17,2026-02-16,273821.674984
0xf4075ef364fc3569c3ef4a53735eb1b9d842146a,2026-02-09,3577375.08
0xf4075ef364fc3569c3ef4a53735eb1b9d842146a,2026-02-16,1651743.107995
0xf60ddf092eec6fccab4cd86ae7ec3a3916dab7b4,2026-02-02,2500506.147
0xf60ddf092eec6fccab4cd86ae7ec3a3916dab7b4,2026-02-09,2963863.0633770004
0xf60ddf092eec6fccab4cd86ae7ec3a3916dab7b4,2026-02-16,811738.1009999999
0xf9ec0eba794571dfd4debd024cd8a29fe1dbee74,2026-02-02,1720266.879
0xf9ec0eba794571dfd4debd024cd8a29fe1dbee74,2026-02-09,2623312.9098159997
0xf9ec0eba794571dfd4debd024cd8a29fe1dbee74,2026-02-16,987266.279
0xfa2c55ba9ab39a08a2699fdb1b48432fc4a88ff8,2026-02-16,2853917.075642
0xfa41cd7c7f68200270349ea2e8d3e847d9314a78,2026-02-16,1964705.128
0xfa86d8e80bd69bd974992db158784b1236337bfe,2026-02-16,2204617.910991
0xfcfe488c68fad72b25241391e52116aaceeb9766,2026-02-16,2015864.175
0x00b6704b6f1341d9b74d1481ceeddc7a45b2f999,2026-02-23,133025.1269
0x00b6704b6f1341d9b74d1481ceeddc7a45b2f999,2026-03-02,62614.174992
0x0151b900b8c27b02cbe4e85f325db56e81ba86e0,2026-02-23,50666.969994
0x0151b900b8c27b02cbe4e85f325db56e81ba86e0,2026-03-02,50036.389
0x03502e2b26a9c4f16d0da5f988c055282eb870e2,2026-02-23,3680411.830292
0x03502e2b26a9c4f16d0da5f988c055282eb870e2,2026-03-02,2696870.8397319997
0x04e9d1fc471f17037aa069976cfc6da1f11d1438,2026-02-23,2679481.916
0x04e9d1fc471f17037aa069976cfc6da1f11d1438,2026-03-02,2950836.703858
0x0791641813feda20d23f4d7dc6a00643a31880b0,2026-02-23,3063407.651217
0x0791641813feda20d23f4d7dc6a00643a31880b0,2026-03-02,3892480.132223
0x08e3f66278cb41267bc27c5c5233352fdb071146,2026-02-23,920.218
0x08e3f66278cb41267bc27c5c5233352fdb071146,2026-03-02,7784.507999999999
0x08f5169f7e20bc92064666d63f0d18f03c945c5b,2026-02-23,43776.772748
0x08f5169f7e20bc92064666d63f0d18f03c945c5b,2026-03-02,70811.113
0x0abc68da6dff164e95ee5ee0ff9ef68bd08a9482,2026-02-23,2175546.129
0x0abc68da6dff164e95ee5ee0ff9ef68bd08a9482,2026-03-02,4640262.282986
0x0c05403dbc8cd7558a0907292c8d5f6c032df157,2026-02-23,4135571.6946
0x0c05403dbc8cd7558a0907292c8d5f6c032df157,2026-03-02,3264756.137997
0x122868469f5bbcf6d9b90758867aaa2157c62546,2026-02-23,12125.567232
0x122868469f5bbcf6d9b90758867aaa2157c62546,2026-03-02,22927.090992999998
0x12c528b4b4ce39d186433e95f7e21a1dd15f8458,2026-02-23,10625.056005999999
0x12c528b4b4ce39d186433e95f7e21a1dd15f8458,2026-03-02,8494.661
0x171a375e12fb7e948f89d39a5d2fb13e34b2cf12,2026-02-23,1341.745
0x171a375e12fb7e948f89d39a5d2fb13e34b2cf12,2026-03-02,51841.96956899999
0x1743146e23ebe5cd02dfa795a095b77c6f200ac9,2026-02-23,4686617.310989
0x1743146e23ebe5cd02dfa795a095b77c6f200ac9,2026-03-02,6134635.950916
0x179544126baff9a885620c72d011916492c58766,2026-02-23,22413.493000000002
0x179544126baff9a885620c72d011916492c58766,2026-03-02,1361.993
0x1841444288cc042213741268edae89ab0a0a44f4,2026-02-23,2855237.930203
0x1841444288cc042213741268edae89ab0a0a44f4,2026-03-02,4822021.836079
0x191351eec6a09bdae423438edba0f4bf1d95207d,2026-02-23,3065681.296838
0x191351eec6a09bdae423438edba0f4bf1d95207d,2026-03-02,3893716.9594860002
0x1c619d64181669d4fbb452245c06be9be67bcfdd,2026-02-23,7091.755
0x1c619d64181669d4fbb452245c06be9be67bcfdd,2026-03-02,3532.14299
0x24098eb6e196a8b94b42bd46fdcbf507af651df6,2026-02-23,3401255.833139
0x24098eb6e196a8b94b42bd46fdcbf507af651df6,2026-03-02,4052304.9481380004
0x2488df29756354c1a334e767325266bfe7b1ef22,2026-02-23,1973169.597
0x2488df29756354c1a334e767325266bfe7b1ef22,2026-03-02,3624209.4291620003
0x2c18e153217b1b1c84a57588073a4fa915116c5c,2026-02-23,4087126.750379
0x2c18e153217b1b1c84a57588073a4fa915116c5c,2026-03-02,6144927.773987999
0x2c866bd6d068390feb7e3245b518d664b11815d5,2026-02-23,46211.918999999994
0x2c866bd6d068390feb7e3245b518d664b11815d5,2026-03-02,2999.4877420000003
0x2e9d47a26e9a679e44a8037e270d626f6b5704dd,2026-02-23,120547.604981
0x2e9d47a26e9a679e44a8037e270d626f6b5704dd,2026-03-02,2050.061
0x305512f530792f0815c1ff12d6dfed2901dd5273,2026-02-23,2618451.494
0x305512f530792f0815c1ff12d6dfed2901dd5273,2026-03-02,6084505.423238
0x3096d9f9a99138569ff618e0f295b2605858c789,2026-02-23,153205.623793
0x3096d9f9a99138569ff618e0f295b2605858c789,2026-03-02,85195.998981
0x35d20e20fe638705ea620cc434a61e6c857e51b8,2026-02-23,1668191.17392
0x35d20e20fe638705ea620cc434a61e6c857e51b8,2026-03-02,6577504.546419
0x3a1ef7b849f7808e27f431e58b241f4e0ec45f08,2026-02-23,59837.499992
0x3a1ef7b849f7808e27f431e58b241f4e0ec45f08,2026-03-02,78480.38500000001
0x3bb56317de58b1e410b2f3659f8ff8b4b6b25303,2026-02-23,64902.742
0x3bb56317de58b1e410b2f3659f8ff8b4b6b25303,2026-03-02,11153.744531
0x40506462296f3e4ba0d2877d3df5024c3a555b99,2026-02-23,1906032.469
0x40506462296f3e4ba0d2877d3df5024c3a555b99,2026-03-02,5650401.634483
0x40b2ab179322ff3fbbee44a39be3e1e110e057b1,2026-02-23,68983.544
0x40b2ab179322ff3fbbee44a39be3e1e110e057b1,2026-03-02,2950.627
0x43e74a8d2b4492a89862e6a748c7308d1cf24a04,2026-02-23,29334.512
0x43e74a8d2b4492a89862e6a748c7308d1cf24a04,2026-03-02,15907.7565
0x443c3153efd15c1b16e75e7c6a9bd6554da05d05,2026-02-23,43087.990000000005
0x443c3153efd15c1b16e75e7c6a9bd6554da05d05,2026-03-02,87038.74997200002
0x44a55e4a7c8fac2d285224da96419ff31607bc03,2026-02-23,2281265.567994
0x44a55e4a7c8fac2d285224da96419ff31607bc03,2026-03-02,4850820.547928
0x44bf102ac4ce55a0d57e59f7d5f9828b38be6250,2026-02-23,5273593.844986
0x44bf102ac4ce55a0d57e59f7d5f9828b38be6250,2026-03-02,5305972.106969001
0x4745872ee8e2feca6f1358a72ce79440e79b8172,2026-02-23,2495368.0930000003
0x4745872ee8e2feca6f1358a72ce79440e79b8172,2026-03-02,4113983.715892
0x48853fbba65055666a7960508302c891ce8f39fd,2026-02-23,32448.066082
0x48853fbba65055666a7960508302c891ce8f39fd,2026-03-02,19819.518782
0x48b573ab7bec10728141ed8e5c0f7cd2e88708a4,2026-02-23,3444661.1589820003
0x48b573ab7bec10728141ed8e5c0f7cd2e88708a4,2026-03-02,3090636.839934
0x4928a1640bb2b21272a0b713582e69e893a51fee,2026-02-23,2628879.996224
0x4928a1640bb2b21272a0b713582e69e893a51fee,2026-03-02,4063437.6808329998
0x4c57d4d6313fa0b4470679dbbf5eb3db63b3a916,2026-02-23,2658541.878103
0x4c57d4d6313fa0b4470679dbbf5eb3db63b3a916,2026-03-02,3948630.9339929996
0x4cddee9263161003af7f20f919181fff14713d8e,2026-02-23,3196492.797987
0x4cddee9263161003af7f20f919181fff14713d8e,2026-03-02,4318389.295993
0x4fdb57f71dfa37da7875b66a7210ce44a1862633,2026-02-23,56536.926999999996
0x4fdb57f71dfa37da7875b66a7210ce44a1862633,2026-03-02,12752.92
0x50bd61726930c37f1b33a1603fc2e4f344bbc44c,2026-02-23,23572.922
0x50bd61726930c37f1b33a1603fc2e4f344bbc44c,2026-03-02,69377.929986
0x5179c31d12ebf80beb716f19f59c10db3c5dccab,2026-02-23,1715335.095979
0x5179c31d12ebf80beb716f19f59c10db3c5dccab,2026-03-02,2657900.923992
0x51ba3d50c5b80070de3419157fce0eb46afcfa69,2026-02-23,2850446.0694089998
0x51ba3d50c5b80070de3419157fce0eb46afcfa69,2026-03-02,4151142.8246910004
0x51c8ad3fc12a10ebe225a0e66ea69288503ad739,2026-02-23,3395095.4
0x51c8ad3fc12a10ebe225a0e66ea69288503ad739,2026-03-02,4585787.764
0x5392a60b79f5a95b29a437e96070780a9c5a9fb7,2026-02-23,229675.385925
0x5392a60b79f5a95b29a437e96070780a9c5a9fb7,2026-03-02,172574.56729500002
0x53fe97c508b7e2cab76924eed510b2590366d8d2,2026-02-23,18142.878995
0x53fe97c508b7e2cab76924eed510b2590366d8d2,2026-03-02,9281.671
0x540304b50b6498c60511bc2eda1dbbd7b6d4a3cb,2026-02-23,153724.245578
0x540304b50b6498c60511bc2eda1dbbd7b6d4a3cb,2026-03-02,24466.568
0x548732577961b66afcda43d1c47db539915c17fb,2026-02-23,101124.406512
0x548732577961b66afcda43d1c47db539915c17fb,2026-03-02,727.877
0x56a28e7efe62400968a927280362f84138b2466a,2026-02-23,128021.89907500001
0x56a28e7efe62400968a927280362f84138b2466a,2026-03-02,51320.15799200001
0x599870cc3752511dad8eca6980e861bcca53c768,2026-02-23,3150588.383532
0x599870cc3752511dad8eca6980e861bcca53c768,2026-03-02,4151315.867004
0x5a6b5352f46c07da306c60926b78e53e67e061ca,2026-02-23,3490303.6186659997
0x5a6b5352f46c07da306c60926b78e53e67e061ca,2026-03-02,5055152.677646
0x606471f4b185ff414872a86874cde680d25b4a0d,2026-02-23,3046789.957275
0x606471f4b185ff414872a86874cde680d25b4a0d,2026-03-02,3252496.9202779997
0x65703f8f43ec2939de126938c82e4046d125ab44,2026-02-23,90792.224229
0x65703f8f43ec2939de126938c82e4046d125ab44,2026-03-02,18735.212
0x6d4500900a402d39c3b954dbb01d2f41b363973f,2026-02-23,3060711.1819709996
0x6d4500900a402d39c3b954dbb01d2f41b363973f,2026-03-02,4098653.397039
0x7236cec742d9cc4ae4f7e61417e2c08b0b1b1fdf,2026-02-23,16572.344
0x7236cec742d9cc4ae4f7e61417e2c08b0b1b1fdf,2026-03-02,14584.067
0x737b4edd8a4bb12fb9f199956a3c8768e7f74f11,2026-02-23,5037112.462529
0x737b4edd8a4bb12fb9f199956a3c8768e7f74f11,2026-03-02,5246607.054
0x74f6558bcbcd43b834c4bf1339dea6b98fce748f,2026-02-23,138560.39299999998
0x74f6558bcbcd43b834c4bf1339dea6b98fce748f,2026-03-02,30489.857042
0x75f7a9c91646e866f964823bb3dcba791f49f236,2026-02-23,237313.58301499998
0x75f7a9c91646e866f964823bb3dcba791f49f236,2026-03-02,7973.0419999999995
0x77035c0745c7d90ce232ca731b3261d94b70f427,2026-02-23,2712026.122683
0x77035c0745c7d90ce232ca731b3261d94b70f427,2026-03-02,4815002.190978
0x7836f635e86b548bd1b245cd159f9318b79b0983,2026-02-23,4426189.513057999
0x7836f635e86b548bd1b245cd159f9318b79b0983,2026-03-02,5503848.474946
0x78da84f0d52ea2f80dc122b881be29542680a629,2026-02-23,2735859.6859999998
0x78da84f0d52ea2f80dc122b881be29542680a629,2026-03-02,4388561.76
0x78dccf7272a7895137606413ed740665f5e652c8,2026-02-23,3430131.410994
0x78dccf7272a7895137606413ed740665f5e652c8,2026-03-02,2927310.64922
0x7ab8f48a40691049a6b16cecda05f320df5e0331,2026-02-23,35391.096000000005
0x7ab8f48a40691049a6b16cecda05f320df5e0331,2026-03-02,44714.920988
0x7db44aefcc7c1fed00a129ef8b64eddc102e5ab2,2026-02-23,56312.595982
0x7db44aefcc7c1fed00a129ef8b64eddc102e5ab2,2026-03-02,12856.17
0x806b56771a753b68c3c53b47c6f8f8f82ddc8fbd,2026-02-23,1689.27
0x806b56771a753b68c3c53b47c6f8f8f82ddc8fbd,2026-03-02,12517.062999999998
0x83be2fa0a4354d56f3b0a5c0daa8a12a7b45d21e,2026-02-23,294607.320985
0x83be2fa0a4354d56f3b0a5c0daa8a12a7b45d21e,2026-03-02,172866.11377000003
0x849a963fb6f23e37edfeba7174c8e92fcb54dca3,2026-02-23,12367.045999999998
0x849a963fb6f23e37edfeba7174c8e92fcb54dca3,2026-03-02,38245.489
0x86e041e9cf500361a8be4357e928672d91ad910b,2026-02-23,50193.257
0x86e041e9cf500361a8be4357e928672d91ad910b,2026-03-02,12683.655999999999
0x888635c2c0193371e22c7362083adf19f30b0b3b,2026-02-23,3687712.615
0x888635c2c0193371e22c7362083adf19f30b0b3b,2026-03-02,4552391.911713
0x899096164748a28effcea87fc5fe17aced3f30fe,2026-02-23,20973.602
0x899096164748a28effcea87fc5fe17aced3f30fe,2026-03-02,13623.136994
0x8dfbd3a6323a69ef7deea511aff87d930bc14360,2026-02-23,3145.081
0x8dfbd3a6323a69ef7deea511aff87d930bc14360,2026-03-02,45153.95050200001
0x93a0a3600e0bfb1bf482d9a43e002c1206c3435d,2026-02-23,2715095.2009819997
0x93a0a3600e0bfb1bf482d9a43e002c1206c3435d,2026-03-02,3777089.58839
0x9477eb4970dde9e51bf2eddfa78fd3791b0135bf,2026-02-23,3122127.692
0x9477eb4970dde9e51bf2eddfa78fd3791b0135bf,2026-03-02,3586687.3518740004
0x9720f27ee2bc9b47e1c0a9b3e6d362043e08fd31,2026-02-23,18375.874000000003
0x9720f27ee2bc9b47e1c0a9b3e6d362043e08fd31,2026-03-02,695.156
0x9a7305fb47cc72d257da6e70b7ced9b754e6494f,2026-02-23,117281.90757
0x9a7305fb47cc72d257da6e70b7ced9b754e6494f,2026-03-02,115330.35
0x9b2d71a825fa72d8a112cf833a2822027440139c,2026-02-23,31452.63199
0x9b2d71a825fa72d8a112cf833a2822027440139c,2026-03-02,22703.959
0x9c855bbe2da60429af1691b41e536d654def14d1,2026-02-23,58773.08099
0x9c855bbe2da60429af1691b41e536d654def14d1,2026-03-02,3869.91
0x9f997f7c146fbc311aa5c1d0fd01b19b814277a5,2026-02-23,3528056.146443
0x9f997f7c146fbc311aa5c1d0fd01b19b814277a5,2026-03-02,4789834.024805
0xa38510261297a9a3d519d36c6566dae7065c4ff4,2026-02-23,2900907.3219910003
0xa38510261297a9a3d519d36c6566dae7065c4ff4,2026-03-02,5686374.81968
0xa3c489d87bbbf5ed4eb36fc96d0e9477f7d586a0,2026-02-23,28776.427992999998
0xa3c489d87bbbf5ed4eb36fc96d0e9477f7d586a0,2026-03-02,14022.114000000001
0xa572496db77fdf57624301bc88d434fec80c1e48,2026-02-23,4324.563
0xa572496db77fdf57624301bc88d434fec80c1e48,2026-03-02,16891.868
0xa679301d0486238b0e4ce2c34e18190397f5f00e,2026-02-23,166915.175
0xa679301d0486238b0e4ce2c34e18190397f5f00e,2026-03-02,40592.648
0xa6ca7bae9aa52bc783c11cfbabb241e3bc361947,2026-02-23,3200076.1402439997
0xa6ca7bae9aa52bc783c11cfbabb241e3bc361947,2026-03-02,5016180.1429820005
0xa7c45c93e9ffdb17de1e74eda0916edef578c4e0,2026-02-23,57384.410995
0xa7c45c93e9ffdb17de1e74eda0916edef578c4e0,2026-03-02,31810.632
0xac3761de9ee4eabe51184146abc306ae6257e710,2026-02-23,884.758
0xac3761de9ee4eabe51184146abc306ae6257e710,2026-03-02,1482.908
0xaec221ee2291af1ea41afa7b4d09a339622ed152,2026-02-23,3020554.0716230003
0xaec221ee2291af1ea41afa7b4d09a339622ed152,2026-03-02,5975558.669399999
0xb14bb6f254574edd63173672c4237ca5c874725d,2026-02-23,2337911.839068
0xb14bb6f254574edd63173672c4237ca5c874725d,2026-03-02,5763780.806985999
0xb415078be0e896f33ee197c5cba61847beb42f64,2026-02-23,38460.856
0xb415078be0e896f33ee197c5cba61847beb42f64,2026-03-02,1301.326
0xb5b66a7af26744f0431a37eb7772a6f50f174e0e,2026-02-23,5093082.842992
0xb5b66a7af26744f0431a37eb7772a6f50f174e0e,2026-03-02,3872197.322346
0xbb5370334f2a3eeef4c419fb57a0b24bca3cf263,2026-02-23,2383553.4869919997
0xbb5370334f2a3eeef4c419fb57a0b24bca3cf263,2026-03-02,6060627.635997
0xbb7e70cf7874379fc4f91ceb2bd3160b98c5da16,2026-02-23,5794684.913775001
0xbb7e70cf7874379fc4f91ceb2bd3160b98c5da16,2026-03-02,7042355.171404
0xbbffac15080d30594edef134010864fba725477c,2026-02-23,3920414.0863429997
0xbbffac15080d30594edef134010864fba725477c,2026-03-02,3473954.27128
0xbc3fa7e33842a9804c08a52da7e395e6f95378f0,2026-02-23,2862385.463994
0xbc3fa7e33842a9804c08a52da7e395e6f95378f0,2026-03-02,6152593.578368001
0xc1c3b7a1836fad06430e1edf9f881151b480080c,2026-02-23,2675094.0247879997
0xc1c3b7a1836fad06430e1edf9f881151b480080c,2026-03-02,4464488.607976001
0xc465e47676d4808e16c9d167b08a11aecce97a2b,2026-02-23,145611.61706299998
0xc465e47676d4808e16c9d167b08a11aecce97a2b,2026-03-02,1577.571
0xc4926ab62d78f3a668bb4fd29ca04c06f8cd9f90,2026-02-23,2900137.4288250003
0xc4926ab62d78f3a668bb4fd29ca04c06f8cd9f90,2026-03-02,5019031.796231
0xc4dae4a52f975147b7048222602b5ec9e0947236,2026-02-23,3749038.9849880002
0xc4dae4a52f975147b7048222602b5ec9e0947236,2026-03-02,4397669.309161
0xc70b8ea6483ad00d24b48f96ae157b096becfe7d,2026-02-23,2824396.513991
0xc70b8ea6483ad00d24b48f96ae157b096becfe7d,2026-03-02,3911940.3270000005
0xc8e1c15ce5ae9d860a6a4093823f0a63adafc523,2026-02-23,35920.483993
0xc8e1c15ce5ae9d860a6a4093823f0a63adafc523,2026-03-02,1481.216
0xd31553c7032edd6a1854653b4e7e752183f16a77,2026-02-23,2624367.785
0xd31553c7032edd6a1854653b4e7e752183f16a77,2026-03-02,4271051.954153
0xd83350c134341e83000d81da157a3f0861d4b729,2026-02-23,3158123.0196909998
0xd83350c134341e83000d81da157a3f0861d4b729,2026-03-02,4500904.749129
0xd953c6c2c8220393667fc950daa29da2d031a7ec,2026-02-23,2849299.1023279997
0xd953c6c2c8220393667fc950daa29da2d031a7ec,2026-03-02,2758096.7624910004
0xe246ba9c679fada74887f96fc48264a1519e3c72,2026-02-23,15720.07
0xe246ba9c679fada74887f96fc48264a1519e3c72,2026-03-02,25575.85
0xe3312316f7eb6d519f910be5c44555e03bc4e3e1,2026-02-23,1050.915
0xe3312316f7eb6d519f910be5c44555e03bc4e3e1,2026-03-02,51607.648989
0xe6668ccc790b0ae310d245c8b166bdd38227d362,2026-02-23,23120.842937
0xe6668ccc790b0ae310d245c8b166bdd38227d362,2026-03-02,2006.9609999999998
0xe90312437def98daccd661e2756f260361d42da4,2026-02-23,3441821.7203820003
0xe90312437def98daccd661e2756f260361d42da4,2026-03-02,2834402.996424
0xe9c4f09513a211d341c28c3c102106bf0979c60f,2026-02-23,2165565.145297
0xe9c4f09513a211d341c28c3c102106bf0979c60f,2026-03-02,3375179.41671
0xe9fbcdf15540c9579e0923b54c411de196149311,2026-02-23,36689.100995
0xe9fbcdf15540c9579e0923b54c411de196149311,2026-03-02,9387.830000000002
0xea5c69cf7d8b71cd4644d089649f946d9ec30b2a,2026-02-23,2978043.347384
0xea5c69cf7d8b71cd4644d089649f946d9ec30b2a,2026-03-02,4384769.037992001
0xec097ecbd4de9bcb4a563dd253ad29276b608645,2026-02-23,10345.058
0xec097ecbd4de9bcb4a563dd253ad29276b608645,2026-03-02,73854.62899999999
0xee1461565dcdc125b8829c331bcee015c084c80d,2026-02-23,65406.501987
0xee1461565dcdc125b8829c331bcee015c084c80d,2026-03-02,17165.21
0xee9e27520a99c0b74596191798b21edd36c217fc,2026-02-23,1492.4185710000002
0xee9e27520a99c0b74596191798b21edd36c217fc,2026-03-02,18548.058
0xef5fd1dc06adc5ae89905071c0bf9a0dde5e3b17,2026-02-23,103564.171063
0xef5fd1dc06adc5ae89905071c0bf9a0dde5e3b17,2026-03-02,136644.562974
0xf4075ef364fc3569c3ef4a53735eb1b9d842146a,2026-02-23,324229.43697000004
0xf4075ef364fc3569c3ef4a53735eb1b9d842146a,2026-03-02,178548.37097299998
0xf60ddf092eec6fccab4cd86ae7ec3a3916dab7b4,2026-02-23,2558.8410000000003
0xf60ddf092eec6fccab4cd86ae7ec3a3916dab7b4,2026-03-02,16604.834
0xf9ec0eba794571dfd4debd024cd8a29fe1dbee74,2026-02-23,5711.174999999999
0xf9ec0eba794571dfd4debd024cd8a29fe1dbee74,2026-03-02,23682.466
0xfa2c55ba9ab39a08a2699fdb1b48432fc4a88ff8,2026-02-23,3381110.192
0xfa2c55ba9ab39a08a2699fdb1b48432fc4a88ff8,2026-03-02,4279658.310949
0xfa41cd7c7f68200270349ea2e8d3e847d9314a78,2026-02-23,2118568.854015
0xfa41cd7c7f68200270349ea2e8d3e847d9314a78,2026-03-02,3375922.769986
0xfa86d8e80bd69bd974992db158784b1236337bfe,2026-02-23,3253609.1550000003
0xfa86d8e80bd69bd974992db158784b1236337bfe,2026-03-02,5818166.832675999
0xfcfe488c68fad72b25241391e52116aaceeb9766,2026-02-23,3242397.296029
0xfcfe488c68fad72b25241391e52116aaceeb9766,2026-03-02,3084235.847991
0x03502e2b26a9c4f16d0da5f988c055282eb870e2,2026-03-09,3800415.882991
0x04e9d1fc471f17037aa069976cfc6da1f11d1438,2026-03-09,4027977.978995
0x0791641813feda20d23f4d7dc6a00643a31880b0,2026-03-09,1502974.855997
0x0abc68da6dff164e95ee5ee0ff9ef68bd08a9482,2026-03-09,3980194.937
0x0c05403dbc8cd7558a0907292c8d5f6c032df157,2026-03-09,2266036.378993
0x1743146e23ebe5cd02dfa795a095b77c6f200ac9,2026-03-09,4195326.328808
0x1841444288cc042213741268edae89ab0a0a44f4,2026-03-09,4354304.754238
0x191351eec6a09bdae423438edba0f4bf1d95207d,2026-03-09,2697671.553
0x24098eb6e196a8b94b42bd46fdcbf507af651df6,2026-03-09,3101458.162661
0x2488df29756354c1a334e767325266bfe7b1ef22,2026-03-09,3126783.8090000004
0x2c18e153217b1b1c84a57588073a4fa915116c5c,2026-03-09,7285413.839854999
0x305512f530792f0815c1ff12d6dfed2901dd5273,2026-03-09,2740821.307994
0x35d20e20fe638705ea620cc434a61e6c857e51b8,2026-03-09,6600341.666990001
0x40506462296f3e4ba0d2877d3df5024c3a555b99,2026-03-09,4030383.1769890003
0x44a55e4a7c8fac2d285224da96419ff31607bc03,2026-03-09,4164826.3015330005
0x44bf102ac4ce55a0d57e59f7d5f9828b38be6250,2026-03-09,2878466.49
0x4745872ee8e2feca6f1358a72ce79440e79b8172,2026-03-09,5394712.962222001
0x48b573ab7bec10728141ed8e5c0f7cd2e88708a4,2026-03-09,4656269.384971
0x4928a1640bb2b21272a0b713582e69e893a51fee,2026-03-09,1598767.199
0x4c57d4d6313fa0b4470679dbbf5eb3db63b3a916,2026-03-09,5486883.299997
0x4cddee9263161003af7f20f919181fff14713d8e,2026-03-09,2183582.639239
0x5179c31d12ebf80beb716f19f59c10db3c5dccab,2026-03-09,1872842.268442
0x51ba3d50c5b80070de3419157fce0eb46afcfa69,2026-03-09,1964461.5750000002
0x51c8ad3fc12a10ebe225a0e66ea69288503ad739,2026-03-09,5919628.346624
0x599870cc3752511dad8eca6980e861bcca53c768,2026-03-09,5861583.590997
0x5a6b5352f46c07da306c60926b78e53e67e061ca,2026-03-09,2606351.5979979998
0x606471f4b185ff414872a86874cde680d25b4a0d,2026-03-09,3987884.2109940005
0x6d4500900a402d39c3b954dbb01d2f41b363973f,2026-03-09,2094967.7309929999
0x737b4edd8a4bb12fb9f199956a3c8768e7f74f11,2026-03-09,3265870.660995
0x77035c0745c7d90ce232ca731b3261d94b70f427,2026-03-09,4614844.995999
0x7836f635e86b548bd1b245cd159f9318b79b0983,2026-03-09,2273242.111
0x78da84f0d52ea2f80dc122b881be29542680a629,2026-03-09,5380929.642956
0x78dccf7272a7895137606413ed740665f5e652c8,2026-03-09,2235077.112992
0x888635c2c0193371e22c7362083adf19f30b0b3b,2026-03-09,3747557.695
0x93a0a3600e0bfb1bf482d9a43e002c1206c3435d,2026-03-09,1727202.417
0x9477eb4970dde9e51bf2eddfa78fd3791b0135bf,2026-03-09,4188562.556404
0x9f997f7c146fbc311aa5c1d0fd01b19b814277a5,2026-03-09,3221481.191687
0xa38510261297a9a3d519d36c6566dae7065c4ff4,2026-03-09,3889788.823
0xa6ca7bae9aa52bc783c11cfbabb241e3bc361947,2026-03-09,6320283.20998
0xaec221ee2291af1ea41afa7b4d09a339622ed152,2026-03-09,5420062.954332
0xb14bb6f254574edd63173672c4237ca5c874725d,2026-03-09,1590104.036998
0xb5b66a7af26744f0431a37eb7772a6f50f174e0e,2026-03-09,1739903.04
0xbb5370334f2a3eeef4c419fb57a0b24bca3cf263,2026-03-09,1910045.72
0xbb7e70cf7874379fc4f91ceb2bd3160b98c5da16,2026-03-09,4276031.4704
0xbbffac15080d30594edef134010864fba725477c,2026-03-09,5662256.697633
0xbc3fa7e33842a9804c08a52da7e395e6f95378f0,2026-03-09,5930977.7266029995
0xc1c3b7a1836fad06430e1edf9f881151b480080c,2026-03-09,2419128.9246590002
0xc4926ab62d78f3a668bb4fd29ca04c06f8cd9f90,2026-03-09,4011138.30698
0xc4dae4a52f975147b7048222602b5ec9e0947236,2026-03-09,4253149.977293
0xc70b8ea6483ad00d24b48f96ae157b096becfe7d,2026-03-09,2430108.6859909995
0xd31553c7032edd6a1854653b4e7e752183f16a77,2026-03-09,5738586.460052
0xd83350c134341e83000d81da157a3f0861d4b729,2026-03-09,2344621.3789899996
0xd953c6c2c8220393667fc950daa29da2d031a7ec,2026-03-09,3533764.1842590002
0xe90312437def98daccd661e2756f260361d42da4,2026-03-09,3352119.022992
0xe9c4f09513a211d341c28c3c102106bf0979c60f,2026-03-09,2478693.983
0xea5c69cf7d8b71cd4644d089649f946d9ec30b2a,2026-03-09,3882027.251052
0xfa2c55ba9ab39a08a2699fdb1b48432fc4a88ff8,2026-03-09,4486854.480619
0xfa41cd7c7f68200270349ea2e8d3e847d9314a78,2026-03-09,3466758.916
0xfa86d8e80bd69bd974992db158784b1236337bfe,2026-03-09,6650799.434
0xfcfe488c68fad72b25241391e52116aaceeb9766,2026-03-09,1828570.097
0x03502e2b26a9c4f16d0da5f988c055282eb870e2,2026-03-16,1616597.400493
0x03502e2b26a9c4f16d0da5f988c055282eb870e2,2026-03-23,1219414.966
0x04e9d1fc471f17037aa069976cfc6da1f11d1438,2026-03-16,3767899.357729
0x04e9d1fc471f17037aa069976cfc6da1f11d1438,2026-03-23,900776.561618
0x0791641813feda20d23f4d7dc6a00643a31880b0,2026-03-16,3134461.861
0x0791641813feda20d23f4d7dc6a00643a31880b0,2026-03-23,965925.534441
0x0abc68da6dff164e95ee5ee0ff9ef68bd08a9482,2026-03-16,214295.75400000002
0x0abc68da6dff164e95ee5ee0ff9ef68bd08a9482,2026-03-23,884363.747973
0x0c05403dbc8cd7558a0907292c8d5f6c032df157,2026-03-16,1515436.876046
0x0c05403dbc8cd7558a0907292c8d5f6c032df157,2026-03-23,1533119.368
0x1743146e23ebe5cd02dfa795a095b77c6f200ac9,2026-03-16,1788812.30599
0x1743146e23ebe5cd02dfa795a095b77c6f200ac9,2026-03-23,2377370.301055
0x1841444288cc042213741268edae89ab0a0a44f4,2026-03-16,618641.567993
0x1841444288cc042213741268edae89ab0a0a44f4,2026-03-23,182057.386
0x191351eec6a09bdae423438edba0f4bf1d95207d,2026-03-16,2468496.1155439997
0x191351eec6a09bdae423438edba0f4bf1d95207d,2026-03-23,1466654.1511030002
0x24098eb6e196a8b94b42bd46fdcbf507af651df6,2026-03-16,3330798.964
0x24098eb6e196a8b94b42bd46fdcbf507af651df6,2026-03-23,3272204.080968
0x2488df29756354c1a334e767325266bfe7b1ef22,2026-03-16,538812.13
0x2488df29756354c1a334e767325266bfe7b1ef22,2026-03-23,260425.505
0x2c18e153217b1b1c84a57588073a4fa915116c5c,2026-03-16,2596332.137
0x2c18e153217b1b1c84a57588073a4fa915116c5c,2026-03-23,1928008.5809910002
0x305512f530792f0815c1ff12d6dfed2901dd5273,2026-03-16,4597488.7969969995
0x305512f530792f0815c1ff12d6dfed2901dd5273,2026-03-23,2072225.5894650002
0x35d20e20fe638705ea620cc434a61e6c857e51b8,2026-03-16,4480887.588990999
0x35d20e20fe638705ea620cc434a61e6c857e51b8,2026-03-23,1042453.8201250001
0x40506462296f3e4ba0d2877d3df5024c3a555b99,2026-03-16,796545.923
0x40506462296f3e4ba0d2877d3df5024c3a555b99,2026-03-23,693364.545436
0x44a55e4a7c8fac2d285224da96419ff31607bc03,2026-03-16,1419221.545488
0x44a55e4a7c8fac2d285224da96419ff31607bc03,2026-03-23,634205.942
0x44bf102ac4ce55a0d57e59f7d5f9828b38be6250,2026-03-16,3643001.274982
0x44bf102ac4ce55a0d57e59f7d5f9828b38be6250,2026-03-23,1086809.435
0x4745872ee8e2feca6f1358a72ce79440e79b8172,2026-03-16,1811608.172981
0x4745872ee8e2feca6f1358a72ce79440e79b8172,2026-03-23,2976363.469528
0x48b573ab7bec10728141ed8e5c0f7cd2e88708a4,2026-03-16,1812763.809995
0x48b573ab7bec10728141ed8e5c0f7cd2e88708a4,2026-03-23,2007654.8320000002
0x4928a1640bb2b21272a0b713582e69e893a51fee,2026-03-16,165552.255
0x4928a1640bb2b21272a0b713582e69e893a51fee,2026-03-23,2095612.185
0x4c57d4d6313fa0b4470679dbbf5eb3db63b3a916,2026-03-16,5334321.76488
0x4c57d4d6313fa0b4470679dbbf5eb3db63b3a916,2026-03-23,1827009.4579999999
0x4cddee9263161003af7f20f919181fff14713d8e,2026-03-16,135408.81699999998
0x4cddee9263161003af7f20f919181fff14713d8e,2026-03-23,1974448.74527
0x5179c31d12ebf80beb716f19f59c10db3c5dccab,2026-03-16,3651656.1081999997
0x5179c31d12ebf80beb716f19f59c10db3c5dccab,2026-03-23,4729706.965966
0x51ba3d50c5b80070de3419157fce0eb46afcfa69,2026-03-16,3175337.701389
0x51ba3d50c5b80070de3419157fce0eb46afcfa69,2026-03-23,1762326.186282
0x51c8ad3fc12a10ebe225a0e66ea69288503ad739,2026-03-16,4626695.270993
0x51c8ad3fc12a10ebe225a0e66ea69288503ad739,2026-03-23,1591531.859989
0x599870cc3752511dad8eca6980e861bcca53c768,2026-03-16,3684873.509223
0x599870cc3752511dad8eca6980e861bcca53c768,2026-03-23,1572587.5960000001
0x5a6b5352f46c07da306c60926b78e53e67e061ca,2026-03-16,15572.677
0x5a6b5352f46c07da306c60926b78e53e67e061ca,2026-03-23,292844.454991
0x606471f4b185ff414872a86874cde680d25b4a0d,2026-03-16,4044407.0359920003
0x606471f4b185ff414872a86874cde680d25b4a0d,2026-03-23,285052.959988
0x6d4500900a402d39c3b954dbb01d2f41b363973f,2026-03-16,4833830.442899
0x6d4500900a402d39c3b954dbb01d2f41b363973f,2026-03-23,2201496.742824
0x737b4edd8a4bb12fb9f199956a3c8768e7f74f11,2026-03-16,5454598.455755
0x737b4edd8a4bb12fb9f199956a3c8768e7f74f11,2026-03-23,2929308.430495
0x77035c0745c7d90ce232ca731b3261d94b70f427,2026-03-16,1068266.967624
0x77035c0745c7d90ce232ca731b3261d94b70f427,2026-03-23,571250.504994
0x7836f635e86b548bd1b245cd159f9318b79b0983,2026-03-16,3767792.785104
0x7836f635e86b548bd1b245cd159f9318b79b0983,2026-03-23,902932.878
0x78da84f0d52ea2f80dc122b881be29542680a629,2026-03-16,4585640.865503
0x78da84f0d52ea2f80dc122b881be29542680a629,2026-03-23,734609.614083
0x78dccf7272a7895137606413ed740665f5e652c8,2026-03-16,688285.334
0x78dccf7272a7895137606413ed740665f5e652c8,2026-03-23,1381029.428
0x888635c2c0193371e22c7362083adf19f30b0b3b,2026-03-16,3586187.665343
0x888635c2c0193371e22c7362083adf19f30b0b3b,2026-03-23,1854632.654632
0x93a0a3600e0bfb1bf482d9a43e002c1206c3435d,2026-03-16,2159192.62577
0x93a0a3600e0bfb1bf482d9a43e002c1206c3435d,2026-03-23,1533862.326596
0x9477eb4970dde9e51bf2eddfa78fd3791b0135bf,2026-03-16,4695245.809963
0x9477eb4970dde9e51bf2eddfa78fd3791b0135bf,2026-03-23,593739.194
0x9f997f7c146fbc311aa5c1d0fd01b19b814277a5,2026-03-16,4267912.831795
0x9f997f7c146fbc311aa5c1d0fd01b19b814277a5,2026-03-23,1166868.185909
0xa38510261297a9a3d519d36c6566dae7065c4ff4,2026-03-16,1199362.028979
0xa38510261297a9a3d519d36c6566dae7065c4ff4,2026-03-23,1860028.2380000001
0xa6ca7bae9aa52bc783c11cfbabb241e3bc361947,2026-03-16,511904.59699999995
0xa6ca7bae9aa52bc783c11cfbabb241e3bc361947,2026-03-23,1016363.972537
0xaec221ee2291af1ea41afa7b4d09a339622ed152,2026-03-16,1524764.8213519999
0xaec221ee2291af1ea41afa7b4d09a339622ed152,2026-03-23,1542776.3120000002
0xb14bb6f254574edd63173672c4237ca5c874725d,2026-03-16,3098712.766406
0xb14bb6f254574edd63173672c4237ca5c874725d,2026-03-23,2636351.426701
0xb5b66a7af26744f0431a37eb7772a6f50f174e0e,2026-03-16,5334661.037994999
0xb5b66a7af26744f0431a37eb7772a6f50f174e0e,2026-03-23,3171161.1333419997
0xbb5370334f2a3eeef4c419fb57a0b24bca3cf263,2026-03-16,2870998.959696
0xbb5370334f2a3eeef4c419fb57a0b24bca3cf263,2026-03-23,2129861.190723
0xbb7e70cf7874379fc4f91ceb2bd3160b98c5da16,2026-03-16,464732.05700000003
0xbb7e70cf7874379fc4f91ceb2bd3160b98c5da16,2026-03-23,2064925.798851
0xbbffac15080d30594edef134010864fba725477c,2026-03-16,1149568.5129999998
0xbbffac15080d30594edef134010864fba725477c,2026-03-23,2493001.732646
0xbc3fa7e33842a9804c08a52da7e395e6f95378f0,2026-03-16,3187151.638077
0xbc3fa7e33842a9804c08a52da7e395e6f95378f0,2026-03-23,689295.594128
0xc1c3b7a1836fad06430e1edf9f881151b480080c,2026-03-16,170304.492
0xc1c3b7a1836fad06430e1edf9f881151b480080c,2026-03-23,844693.0300779999
0xc4926ab62d78f3a668bb4fd29ca04c06f8cd9f90,2026-03-16,207688.022
0xc4926ab62d78f3a668bb4fd29ca04c06f8cd9f90,2026-03-23,1586884.989
0xc4dae4a52f975147b7048222602b5ec9e0947236,2026-03-16,85078.484
0xc4dae4a52f975147b7048222602b5ec9e0947236,2026-03-23,946067.5390000001
0xc70b8ea6483ad00d24b48f96ae157b096becfe7d,2026-03-16,5442307.640489
0xc70b8ea6483ad00d24b48f96ae157b096becfe7d,2026-03-23,2337812.314999
0xd31553c7032edd6a1854653b4e7e752183f16a77,2026-03-16,4421688.507166
0xd31553c7032edd6a1854653b4e7e752183f16a77,2026-03-23,1095319.7139739997
0xd83350c134341e83000d81da157a3f0861d4b729,2026-03-16,3536392.148987
0xd83350c134341e83000d81da157a3f0861d4b729,2026-03-23,1044158.107
0xd953c6c2c8220393667fc950daa29da2d031a7ec,2026-03-16,211905.392993
0xd953c6c2c8220393667fc950daa29da2d031a7ec,2026-03-23,1586572.0812999997
0xe90312437def98daccd661e2756f260361d42da4,2026-03-16,4427970.706979
0xe90312437def98daccd661e2756f260361d42da4,2026-03-23,1106693.8679520001
0xe9c4f09513a211d341c28c3c102106bf0979c60f,2026-03-16,4014026.816793
0xe9c4f09513a211d341c28c3c102106bf0979c60f,2026-03-23,1528746.2469900001
0xea5c69cf7d8b71cd4644d089649f946d9ec30b2a,2026-03-16,4254909.706995999
0xea5c69cf7d8b71cd4644d089649f946d9ec30b2a,2026-03-23,1586992.2689999999
0xfa2c55ba9ab39a08a2699fdb1b48432fc4a88ff8,2026-03-16,1988187.5539910002
0xfa2c55ba9ab39a08a2699fdb1b48432fc4a88ff8,2026-03-23,1342392.747
0xfa41cd7c7f68200270349ea2e8d3e847d9314a78,2026-03-16,2016622.443591
0xfa41cd7c7f68200270349ea2e8d3e847d9314a78,2026-03-23,1867428.502479
0xfa86d8e80bd69bd974992db158784b1236337bfe,2026-03-16,2372317.8559999997
0xfa86d8e80bd69bd974992db158784b1236337bfe,2026-03-23,3505495.527567
0xfcfe488c68fad72b25241391e52116aaceeb9766,2026-03-16,2740951.962
0xfcfe488c68fad72b25241391e52116aaceeb9766,2026-03-23,1732206.876
0x03502e2b26a9c4f16d0da5f988c055282eb870e2,2026-03-30,51064.172999999995
0x03502e2b26a9c4f16d0da5f988c055282eb870e2,2026-04-06,190779.932
0x03502e2b26a9c4f16d0da5f988c055282eb870e2,2026-04-13,358091.52300000004
0x04e9d1fc471f17037aa069976cfc6da1f11d1438,2026-03-30,362500.36
0x04e9d1fc471f17037aa069976cfc6da1f11d1438,2026-04-06,1474291.259991
0x04e9d1fc471f17037aa069976cfc6da1f11d1438,2026-04-13,1275870.211657
0x0791641813feda20d23f4d7dc6a00643a31880b0,2026-03-30,292007.98199500004
0x0791641813feda20d23f4d7dc6a00643a31880b0,2026-04-06,267560.73099999997
0x0791641813feda20d23f4d7dc6a00643a31880b0,2026-04-13,530457.891998
0x0abc68da6dff164e95ee5ee0ff9ef68bd08a9482,2026-03-30,110200.433983
0x0abc68da6dff164e95ee5ee0ff9ef68bd08a9482,2026-04-06,603097.717
0x0abc68da6dff164e95ee5ee0ff9ef68bd08a9482,2026-04-13,289553.74600000004
0x0c05403dbc8cd7558a0907292c8d5f6c032df157,2026-03-30,952962.4659899999
0x0c05403dbc8cd7558a0907292c8d5f6c032df157,2026-04-06,357121.75100000005
0x0c05403dbc8cd7558a0907292c8d5f6c032df157,2026-04-13,767258.5189949999
0x1743146e23ebe5cd02dfa795a095b77c6f200ac9,2026-03-30,479549.96622
0x1743146e23ebe5cd02dfa795a095b77c6f200ac9,2026-04-06,774275.90291
0x1743146e23ebe5cd02dfa795a095b77c6f200ac9,2026-04-13,1213525.230996
0x1841444288cc042213741268edae89ab0a0a44f4,2026-03-30,366776.214
0x1841444288cc042213741268edae89ab0a0a44f4,2026-04-06,239605.28399999999
0x1841444288cc042213741268edae89ab0a0a44f4,2026-04-13,195691.53399999999
0x191351eec6a09bdae423438edba0f4bf1d95207d,2026-03-30,256328.027
0x191351eec6a09bdae423438edba0f4bf1d95207d,2026-04-06,1048648.723627
0x191351eec6a09bdae423438edba0f4bf1d95207d,2026-04-13,1150071.077983
0x24098eb6e196a8b94b42bd46fdcbf507af651df6,2026-03-30,356006.925
0x24098eb6e196a8b94b42bd46fdcbf507af651df6,2026-04-06,633837.008
0x24098eb6e196a8b94b42bd46fdcbf507af651df6,2026-04-13,757446.6560000001
0x2488df29756354c1a334e767325266bfe7b1ef22,2026-03-30,95218.863
0x2488df29756354c1a334e767325266bfe7b1ef22,2026-04-06,180221.081
0x2488df29756354c1a334e767325266bfe7b1ef22,2026-04-13,39659.698000000004
0x2c18e153217b1b1c84a57588073a4fa915116c5c,2026-03-30,411030.87899999996
0x2c18e153217b1b1c84a57588073a4fa915116c5c,2026-04-06,333244.708
0x2c18e153217b1b1c84a57588073a4fa915116c5c,2026-04-13,862508.8269949999
0x305512f530792f0815c1ff12d6dfed2901dd5273,2026-03-30,380991.859
0x305512f530792f0815c1ff12d6dfed2901dd5273,2026-04-06,474733.303298
0x305512f530792f0815c1ff12d6dfed2901dd5273,2026-04-13,792125.12582
0x35d20e20fe638705ea620cc434a61e6c857e51b8,2026-03-30,1300261.8599999999
0x35d20e20fe638705ea620cc434a61e6c857e51b8,2026-04-06,1259861.258995
0x35d20e20fe638705ea620cc434a61e6c857e51b8,2026-04-13,1290034.991019
0x40506462296f3e4ba0d2877d3df5024c3a555b99,2026-03-30,494540.25800000003
0x40506462296f3e4ba0d2877d3df5024c3a555b99,2026-04-06,1229804.73
0x40506462296f3e4ba0d2877d3df5024c3a555b99,2026-04-13,486643.117971
0x44a55e4a7c8fac2d285224da96419ff31607bc03,2026-03-30,646688.455
0x44a55e4a7c8fac2d285224da96419ff31607bc03,2026-04-06,1160778.086008
0x44a55e4a7c8fac2d285224da96419ff31607bc03,2026-04-13,353029.790999
0x44bf102ac4ce55a0d57e59f7d5f9828b38be6250,2026-03-30,873377.094
0x44bf102ac4ce55a0d57e59f7d5f9828b38be6250,2026-04-06,1134417.404
0x44bf102ac4ce55a0d57e59f7d5f9828b38be6250,2026-04-13,1036080.811
0x4745872ee8e2feca6f1358a72ce79440e79b8172,2026-03-30,167304.202
0x4745872ee8e2feca6f1358a72ce79440e79b8172,2026-04-06,170426.71600000001
0x4745872ee8e2feca6f1358a72ce79440e79b8172,2026-04-13,730499.470372
0x48b573ab7bec10728141ed8e5c0f7cd2e88708a4,2026-03-30,186511.728989
0x48b573ab7bec10728141ed8e5c0f7cd2e88708a4,2026-04-06,853887.9577820001
0x48b573ab7bec10728141ed8e5c0f7cd2e88708a4,2026-04-13,860982.971099
0x4928a1640bb2b21272a0b713582e69e893a51fee,2026-03-30,531881.3319999999
0x4928a1640bb2b21272a0b713582e69e893a51fee,2026-04-06,520822.425989
0x4928a1640bb2b21272a0b713582e69e893a51fee,2026-04-13,907642.576
0x4c57d4d6313fa0b4470679dbbf5eb3db63b3a916,2026-03-30,192072.303
0x4c57d4d6313fa0b4470679dbbf5eb3db63b3a916,2026-04-06,650607.390992
0x4c57d4d6313fa0b4470679dbbf5eb3db63b3a916,2026-04-13,741547.728989
0x4cddee9263161003af7f20f919181fff14713d8e,2026-03-30,83520.595
0x4cddee9263161003af7f20f919181fff14713d8e,2026-04-06,797883.612
0x4cddee9263161003af7f20f919181fff14713d8e,2026-04-13,371813.385998
0x5179c31d12ebf80beb716f19f59c10db3c5dccab,2026-03-30,1270128.019
0x5179c31d12ebf80beb716f19f59c10db3c5dccab,2026-04-06,2003263.358984
0x5179c31d12ebf80beb716f19f59c10db3c5dccab,2026-04-13,1194343.460983
0x51ba3d50c5b80070de3419157fce0eb46afcfa69,2026-03-30,959153.578
0x51ba3d50c5b80070de3419157fce0eb46afcfa69,2026-04-06,582503.131
0x51ba3d50c5b80070de3419157fce0eb46afcfa69,2026-04-13,947476.177
0x51c8ad3fc12a10ebe225a0e66ea69288503ad739,2026-03-30,437720.742893
0x51c8ad3fc12a10ebe225a0e66ea69288503ad739,2026-04-06,425703.97040899994
0x51c8ad3fc12a10ebe225a0e66ea69288503ad739,2026-04-13,1217956.6821559998
0x599870cc3752511dad8eca6980e861bcca53c768,2026-03-30,1010065.2865599999
0x599870cc3752511dad8eca6980e861bcca53c768,2026-04-06,155703.173
0x599870cc3752511dad8eca6980e861bcca53c768,2026-04-13,596596.9432000001
0x5a6b5352f46c07da306c60926b78e53e67e061ca,2026-03-30,185396.99800000002
0x5a6b5352f46c07da306c60926b78e53e67e061ca,2026-04-06,625599.217
0x5a6b5352f46c07da306c60926b78e53e67e061ca,2026-04-13,362115.38
0x606471f4b185ff414872a86874cde680d25b4a0d,2026-03-30,420257.357
0x606471f4b185ff414872a86874cde680d25b4a0d,2026-04-06,182337.930223
0x606471f4b185ff414872a86874cde680d25b4a0d,2026-04-13,945550.703987
0x6d4500900a402d39c3b954dbb01d2f41b363973f,2026-03-30,553150.432
0x6d4500900a402d39c3b954dbb01d2f41b363973f,2026-04-06,1183853.026
0x6d4500900a402d39c3b954dbb01d2f41b363973f,2026-04-13,1311966.7389999998
0x737b4edd8a4bb12fb9f199956a3c8768e7f74f11,2026-03-30,922761.342
0x737b4edd8a4bb12fb9f199956a3c8768e7f74f11,2026-04-06,544386.461071
0x737b4edd8a4bb12fb9f199956a3c8768e7f74f11,2026-04-13,540717.475994
0x77035c0745c7d90ce232ca731b3261d94b70f427,2026-03-30,536430.971
0x77035c0745c7d90ce232ca731b3261d94b70f427,2026-04-06,821737.706
0x77035c0745c7d90ce232ca731b3261d94b70f427,2026-04-13,1321955.3199949998
0x7836f635e86b548bd1b245cd159f9318b79b0983,2026-03-30,729297.801408
0x7836f635e86b548bd1b245cd159f9318b79b0983,2026-04-06,1418954.780512
0x7836f635e86b548bd1b245cd159f9318b79b0983,2026-04-13,401413.170996
0x78da84f0d52ea2f80dc122b881be29542680a629,2026-03-30,123989.218
0x78da84f0d52ea2f80dc122b881be29542680a629,2026-04-06,598571.276994
0x78da84f0d52ea2f80dc122b881be29542680a629,2026-04-13,1126714.275
0x78dccf7272a7895137606413ed740665f5e652c8,2026-03-30,514598.39599800005
0x78dccf7272a7895137606413ed740665f5e652c8,2026-04-06,315489.503982
0x78dccf7272a7895137606413ed740665f5e652c8,2026-04-13,1011891.5260000001
0x888635c2c0193371e22c7362083adf19f30b0b3b,2026-03-30,41275.270000000004
0x888635c2c0193371e22c7362083adf19f30b0b3b,2026-04-06,392727.821
0x888635c2c0193371e22c7362083adf19f30b0b3b,2026-04-13,1038688.967989
0x93a0a3600e0bfb1bf482d9a43e002c1206c3435d,2026-03-30,211834.392
0x93a0a3600e0bfb1bf482d9a43e002c1206c3435d,2026-04-06,88297.32500000001
0x93a0a3600e0bfb1bf482d9a43e002c1206c3435d,2026-04-13,655674.2789950001
0x9477eb4970dde9e51bf2eddfa78fd3791b0135bf,2026-03-30,1034118.1389919999
0x9477eb4970dde9e51bf2eddfa78fd3791b0135bf,2026-04-06,74172.394
0x9477eb4970dde9e51bf2eddfa78fd3791b0135bf,2026-04-13,1093522.709995
0x9f997f7c146fbc311aa5c1d0fd01b19b814277a5,2026-03-30,309237.03599999996
0x9f997f7c146fbc311aa5c1d0fd01b19b814277a5,2026-04-06,265120.518995
0x9f997f7c146fbc311aa5c1d0fd01b19b814277a5,2026-04-13,1176457.821
0xa38510261297a9a3d519d36c6566dae7065c4ff4,2026-03-30,858461.1899910001
0xa38510261297a9a3d519d36c6566dae7065c4ff4,2026-04-06,417894.49906199996
0xa38510261297a9a3d519d36c6566dae7065c4ff4,2026-04-13,214675.54700000002
0xa6ca7bae9aa52bc783c11cfbabb241e3bc361947,2026-03-30,117458.111
0xa6ca7bae9aa52bc783c11cfbabb241e3bc361947,2026-04-06,304092.274
0xa6ca7bae9aa52bc783c11cfbabb241e3bc361947,2026-04-13,673571.737146
0xaec221ee2291af1ea41afa7b4d09a339622ed152,2026-03-30,210747.13
0xaec221ee2291af1ea41afa7b4d09a339622ed152,2026-04-06,302543.061
0xaec221ee2291af1ea41afa7b4d09a339622ed152,2026-04-13,289469.125
0xb14bb6f254574edd63173672c4237ca5c874725d,2026-03-30,460604.794
0xb14bb6f254574edd63173672c4237ca5c874725d,2026-04-06,342671.828
0xb14bb6f254574edd63173672c4237ca5c874725d,2026-04-13,607238.823997
0xb5b66a7af26744f0431a37eb7772a6f50f174e0e,2026-03-30,305542.743
0xb5b66a7af26744f0431a37eb7772a6f50f174e0e,2026-04-06,489577.99299999996
0xb5b66a7af26744f0431a37eb7772a6f50f174e0e,2026-04-13,1103632.159982
0xbb5370334f2a3eeef4c419fb57a0b24bca3cf263,2026-03-30,189409.50889499998
0xbb5370334f2a3eeef4c419fb57a0b24bca3cf263,2026-04-06,588961.75
0xbb5370334f2a3eeef4c419fb57a0b24bca3cf263,2026-04-13,976281.975992
0xbb7e70cf7874379fc4f91ceb2bd3160b98c5da16,2026-03-30,314054.878
0xbb7e70cf7874379fc4f91ceb2bd3160b98c5da16,2026-04-06,771266.1780000001
0xbb7e70cf7874379fc4f91ceb2bd3160b98c5da16,2026-04-13,1363686.555091
0xbbffac15080d30594edef134010864fba725477c,2026-03-30,1570718.61999
0xbbffac15080d30594edef134010864fba725477c,2026-04-06,727693.85178
0xbbffac15080d30594edef134010864fba725477c,2026-04-13,1189541.918535
0xbc3fa7e33842a9804c08a52da7e395e6f95378f0,2026-03-30,484185.31198500004
0xbc3fa7e33842a9804c08a52da7e395e6f95378f0,2026-04-06,1080664.869698
0xbc3fa7e33842a9804c08a52da7e395e6f95378f0,2026-04-13,557675.975
0xc1c3b7a1836fad06430e1edf9f881151b480080c,2026-03-30,1201898.851
0xc1c3b7a1836fad06430e1edf9f881151b480080c,2026-04-06,1346619.875
0xc1c3b7a1836fad06430e1edf9f881151b480080c,2026-04-13,1515701.090979
0xc4926ab62d78f3a668bb4fd29ca04c06f8cd9f90,2026-03-30,837896.539981
0xc4926ab62d78f3a668bb4fd29ca04c06f8cd9f90,2026-04-06,1070321.9154
0xc4926ab62d78f3a668bb4fd29ca04c06f8cd9f90,2026-04-13,758548.607977
0xc4dae4a52f975147b7048222602b5ec9e0947236,2026-03-30,1224631.83805
0xc4dae4a52f975147b7048222602b5ec9e0947236,2026-04-06,730113.5
0xc4dae4a52f975147b7048222602b5ec9e0947236,2026-04-13,693377.406
0xc70b8ea6483ad00d24b48f96ae157b096becfe7d,2026-03-30,318196.706593
0xc70b8ea6483ad00d24b48f96ae157b096becfe7d,2026-04-06,416098.96911099995
0xc70b8ea6483ad00d24b48f96ae157b096becfe7d,2026-04-13,793554.750993
0xd31553c7032edd6a1854653b4e7e752183f16a77,2026-03-30,511641.757
0xd31553c7032edd6a1854653b4e7e752183f16a77,2026-04-06,88710.5
0xd31553c7032edd6a1854653b4e7e752183f16a77,2026-04-13,1168581.881
0xd83350c134341e83000d81da157a3f0861d4b729,2026-03-30,628624.19
0xd83350c134341e83000d81da157a3f0861d4b729,2026-04-06,787083.9909999999
0xd83350c134341e83000d81da157a3f0861d4b729,2026-04-13,534104.768
0xd953c6c2c8220393667fc950daa29da2d031a7ec,2026-03-30,204838.62699999998
0xd953c6c2c8220393667fc950daa29da2d031a7ec,2026-04-06,2342153.475995
0xd953c6c2c8220393667fc950daa29da2d031a7ec,2026-04-13,1043686.755
0xe90312437def98daccd661e2756f260361d42da4,2026-03-30,170467.37299
0xe90312437def98daccd661e2756f260361d42da4,2026-04-06,474840.0934
0xe90312437def98daccd661e2756f260361d42da4,2026-04-13,799569.525
0xe9c4f09513a211d341c28c3c102106bf0979c60f,2026-03-30,599069.163982
0xe9c4f09513a211d341c28c3c102106bf0979c60f,2026-04-06,313151.16000000003
0xe9c4f09513a211d341c28c3c102106bf0979c60f,2026-04-13,1077768.477
0xea5c69cf7d8b71cd4644d089649f946d9ec30b2a,2026-03-30,1568136.883889
0xea5c69cf7d8b71cd4644d089649f946d9ec30b2a,2026-04-06,1132190.7116999999
0xea5c69cf7d8b71cd4644d089649f946d9ec30b2a,2026-04-13,648105.29
0xfa2c55ba9ab39a08a2699fdb1b48432fc4a88ff8,2026-03-30,458755.583
0xfa2c55ba9ab39a08a2699fdb1b48432fc4a88ff8,2026-04-06,431720.9
0xfa2c55ba9ab39a08a2699fdb1b48432fc4a88ff8,2026-04-13,719739.804999
0xfa41cd7c7f68200270349ea2e8d3e847d9314a78,2026-03-30,331723.31999999995
0xfa41cd7c7f68200270349ea2e8d3e847d9314a78,2026-04-06,148703.349
0xfa41cd7c7f68200270349ea2e8d3e847d9314a78,2026-04-13,88261.485
0xfa86d8e80bd69bd974992db158784b1236337bfe,2026-03-30,1245238.015987
0xfa86d8e80bd69bd974992db158784b1236337bfe,2026-04-06,990147.054731
0xfa86d8e80bd69bd974992db158784b1236337bfe,2026-04-13,1465135.5480630002
0xfcfe488c68fad72b25241391e52116aaceeb9766,2026-03-30,483719.329994
0xfcfe488c68fad72b25241391e52116aaceeb9766,2026-04-06,1462692.220235
0xfcfe488c68fad72b25241391e52116aaceeb9766,2026-04-13,878290.27
0x03502e2b26a9c4f16d0da5f988c055282eb870e2,2026-04-20,2081461.840995
0x03502e2b26a9c4f16d0da5f988c055282eb870e2,2026-04-27,4107244.005986
0x04e9d1fc471f17037aa069976cfc6da1f11d1438,2026-04-20,3402743.19199
0x04e9d1fc471f17037aa069976cfc6da1f11d1438,2026-04-27,4520209.338664999
0x0791641813feda20d23f4d7dc6a00643a31880b0,2026-04-20,1315056.1129680001
0x0791641813feda20d23f4d7dc6a00643a31880b0,2026-04-27,3064502.07
0x0abc68da6dff164e95ee5ee0ff9ef68bd08a9482,2026-04-20,1553802.883
0x0abc68da6dff164e95ee5ee0ff9ef68bd08a9482,2026-04-27,3612702.234259
0x0c05403dbc8cd7558a0907292c8d5f6c032df157,2026-04-20,2560118.432713
0x0c05403dbc8cd7558a0907292c8d5f6c032df157,2026-04-27,4366294.85108
0x1743146e23ebe5cd02dfa795a095b77c6f200ac9,2026-04-20,2477431.643
0x1743146e23ebe5cd02dfa795a095b77c6f200ac9,2026-04-27,3268247.727
0x1841444288cc042213741268edae89ab0a0a44f4,2026-04-20,2019494.8559949999
0x1841444288cc042213741268edae89ab0a0a44f4,2026-04-27,1782914.2219449999
0x191351eec6a09bdae423438edba0f4bf1d95207d,2026-04-20,1628221.0469789999
0x191351eec6a09bdae423438edba0f4bf1d95207d,2026-04-27,3024752.682
0x24098eb6e196a8b94b42bd46fdcbf507af651df6,2026-04-20,1988869.459995
0x24098eb6e196a8b94b42bd46fdcbf507af651df6,2026-04-27,4624226.776095
0x2488df29756354c1a334e767325266bfe7b1ef22,2026-04-20,1562511.6430000002
0x2488df29756354c1a334e767325266bfe7b1ef22,2026-04-27,4197081.046
0x2c18e153217b1b1c84a57588073a4fa915116c5c,2026-04-20,1360833.2259999998
0x2c18e153217b1b1c84a57588073a4fa915116c5c,2026-04-27,3257116.7300629998
0x305512f530792f0815c1ff12d6dfed2901dd5273,2026-04-20,2264806.467994
0x305512f530792f0815c1ff12d6dfed2901dd5273,2026-04-27,3424237.180273
0x35d20e20fe638705ea620cc434a61e6c857e51b8,2026-04-20,3062123.637
0x35d20e20fe638705ea620cc434a61e6c857e51b8,2026-04-27,2890398.924
0x40506462296f3e4ba0d2877d3df5024c3a555b99,2026-04-20,2175569.319
0x40506462296f3e4ba0d2877d3df5024c3a555b99,2026-04-27,3451368.5360000003
0x44a55e4a7c8fac2d285224da96419ff31607bc03,2026-04-20,2099768.92299
0x44a55e4a7c8fac2d285224da96419ff31607bc03,2026-04-27,2879282.413999
0x44bf102ac4ce55a0d57e59f7d5f9828b38be6250,2026-04-20,2424136.624
0x44bf102ac4ce55a0d57e59f7d5f9828b38be6250,2026-04-27,3844397.439348
0x4745872ee8e2feca6f1358a72ce79440e79b8172,2026-04-20,1298170.0877800002
0x4745872ee8e2feca6f1358a72ce79440e79b8172,2026-04-27,1766795.7555240002
0x48b573ab7bec10728141ed8e5c0f7cd2e88708a4,2026-04-20,2487888.065993
0x48b573ab7bec10728141ed8e5c0f7cd2e88708a4,2026-04-27,2057045.8479960002
0x4928a1640bb2b21272a0b713582e69e893a51fee,2026-04-20,2437365.77739
0x4928a1640bb2b21272a0b713582e69e893a51fee,2026-04-27,4558295.010794
0x4c57d4d6313fa0b4470679dbbf5eb3db63b3a916,2026-04-20,2781887.637987
0x4c57d4d6313fa0b4470679dbbf5eb3db63b3a916,2026-04-27,2821705.516994
0x4cddee9263161003af7f20f919181fff14713d8e,2026-04-20,1813261.957
0x4cddee9263161003af7f20f919181fff14713d8e,2026-04-27,2862965.731
0x5179c31d12ebf80beb716f19f59c10db3c5dccab,2026-04-20,2595564.4134959998
0x5179c31d12ebf80beb716f19f59c10db3c5dccab,2026-04-27,3786773.2590300003
0x51ba3d50c5b80070de3419157fce0eb46afcfa69,2026-04-20,1746949.505
0x51ba3d50c5b80070de3419157fce0eb46afcfa69,2026-04-27,3871280.063466
0x51c8ad3fc12a10ebe225a0e66ea69288503ad739,2026-04-20,2287709.8579989998
0x51c8ad3fc12a10ebe225a0e66ea69288503ad739,2026-04-27,2744914.2047699997
0x599870cc3752511dad8eca6980e861bcca53c768,2026-04-20,1918093.907995
0x599870cc3752511dad8eca6980e861bcca53c768,2026-04-27,3707551.188805
0x5a6b5352f46c07da306c60926b78e53e67e061ca,2026-04-20,1656142.15
0x5a6b5352f46c07da306c60926b78e53e67e061ca,2026-04-27,1734042.614
0x606471f4b185ff414872a86874cde680d25b4a0d,2026-04-20,1943316.090988
0x606471f4b185ff414872a86874cde680d25b4a0d,2026-04-27,2892134.891
0x6d4500900a402d39c3b954dbb01d2f41b363973f,2026-04-20,2871068.008984
0x6d4500900a402d39c3b954dbb01d2f41b363973f,2026-04-27,4303505.501995
0x737b4edd8a4bb12fb9f199956a3c8768e7f74f11,2026-04-20,2189583.258546
0x737b4edd8a4bb12fb9f199956a3c8768e7f74f11,2026-04-27,2906827.344793
0x77035c0745c7d90ce232ca731b3261d94b70f427,2026-04-20,2696090.115951
0x77035c0745c7d90ce232ca731b3261d94b70f427,2026-04-27,2487333.08
0x7836f635e86b548bd1b245cd159f9318b79b0983,2026-04-20,2038410.199995
0x7836f635e86b548bd1b245cd159f9318b79b0983,2026-04-27,4635157.660571
0x78da84f0d52ea2f80dc122b881be29542680a629,2026-04-20,1657804.947986
0x78da84f0d52ea2f80dc122b881be29542680a629,2026-04-27,1993133.7328680002
0x78dccf7272a7895137606413ed740665f5e652c8,2026-04-20,2704566.533
0x78dccf7272a7895137606413ed740665f5e652c8,2026-04-27,3946733.814809
0x888635c2c0193371e22c7362083adf19f30b0b3b,2026-04-20,2903681.0165790003
0x888635c2c0193371e22c7362083adf19f30b0b3b,2026-04-27,3085390.255
0x93a0a3600e0bfb1bf482d9a43e002c1206c3435d,2026-04-20,2177665.903
0x93a0a3600e0bfb1bf482d9a43e002c1206c3435d,2026-04-27,3536263.37678
0x9477eb4970dde9e51bf2eddfa78fd3791b0135bf,2026-04-20,2353211.991571
0x9477eb4970dde9e51bf2eddfa78fd3791b0135bf,2026-04-27,1327294.0010000002
0x9f997f7c146fbc311aa5c1d0fd01b19b814277a5,2026-04-20,2782794.292995
0x9f997f7c146fbc311aa5c1d0fd01b19b814277a5,2026-04-27,3348714.7510949997
0xa38510261297a9a3d519d36c6566dae7065c4ff4,2026-04-20,1628820.24205
0xa38510261297a9a3d519d36c6566dae7065c4ff4,2026-04-27,3075019.9535479997
0xa6ca7bae9aa52bc783c11cfbabb241e3bc361947,2026-04-20,1536233.63685
0xa6ca7bae9aa52bc783c11cfbabb241e3bc361947,2026-04-27,3654182.5143009997
0xaec221ee2291af1ea41afa7b4d09a339622ed152,2026-04-20,1854057.845985
0xaec221ee2291af1ea41afa7b4d09a339622ed152,2026-04-27,1148122.088679
0xb14bb6f254574edd63173672c4237ca5c874725d,2026-04-20,1878570.230247
0xb14bb6f254574edd63173672c4237ca5c874725d,2026-04-27,2730191.2180000003
0xb5b66a7af26744f0431a37eb7772a6f50f174e0e,2026-04-20,2183097.9000000004
0xb5b66a7af26744f0431a37eb7772a6f50f174e0e,2026-04-27,3939175.414998
0xbb5370334f2a3eeef4c419fb57a0b24bca3cf263,2026-04-20,2140178.0077400003
0xbb5370334f2a3eeef4c419fb57a0b24bca3cf263,2026-04-27,4708883.56099
0xbb7e70cf7874379fc4f91ceb2bd3160b98c5da16,2026-04-20,1585822.087994
0xbb7e70cf7874379fc4f91ceb2bd3160b98c5da16,2026-04-27,2606504.7113
0xbbffac15080d30594edef134010864fba725477c,2026-04-20,1963104.497992
0xbbffac15080d30594edef134010864fba725477c,2026-04-27,2848963.294997
0xbc3fa7e33842a9804c08a52da7e395e6f95378f0,2026-04-20,1630904.6320000002
0xbc3fa7e33842a9804c08a52da7e395e6f95378f0,2026-04-27,2755848.247103
0xc1c3b7a1836fad06430e1edf9f881151b480080c,2026-04-20,2120718.634116
0xc1c3b7a1836fad06430e1edf9f881151b480080c,2026-04-27,4910761.176517
0xc4926ab62d78f3a668bb4fd29ca04c06f8cd9f90,2026-04-20,1779339.710713
0xc4926ab62d78f3a668bb4fd29ca04c06f8cd9f90,2026-04-27,5066511.906732
0xc4dae4a52f975147b7048222602b5ec9e0947236,2026-04-20,1615283.393998
0xc4dae4a52f975147b7048222602b5ec9e0947236,2026-04-27,3096487.248997
0xc70b8ea6483ad00d24b48f96ae157b096becfe7d,2026-04-20,1845851.5860000001
0xc70b8ea6483ad00d24b48f96ae157b096becfe7d,2026-04-27,2454386.7509999997
0xd31553c7032edd6a1854653b4e7e752183f16a77,2026-04-20,2479448.067
0xd31553c7032edd6a1854653b4e7e752183f16a77,2026-04-27,2717506.476998
0xd83350c134341e83000d81da157a3f0861d4b729,2026-04-20,1741885.514
0xd83350c134341e83000d81da157a3f0861d4b729,2026-04-27,2500620.586
0xd953c6c2c8220393667fc950daa29da2d031a7ec,2026-04-20,2289466.8079009997
0xd953c6c2c8220393667fc950daa29da2d031a7ec,2026-04-27,3479542.7972979997
0xe90312437def98daccd661e2756f260361d42da4,2026-04-20,2593129.0930000003
0xe90312437def98daccd661e2756f260361d42da4,2026-04-27,3127973.929158
0xe9c4f09513a211d341c28c3c102106bf0979c60f,2026-04-20,1592220.6949979998
0xe9c4f09513a211d341c28c3c102106bf0979c60f,2026-04-27,3139423.915
0xea5c69cf7d8b71cd4644d089649f946d9ec30b2a,2026-04-20,2470757.981028
0xea5c69cf7d8b71cd4644d089649f946d9ec30b2a,2026-04-27,4319898.151000001
0xfa2c55ba9ab39a08a2699fdb1b48432fc4a88ff8,2026-04-20,2367762.4245990003
0xfa2c55ba9ab39a08a2699fdb1b48432fc4a88ff8,2026-04-27,2036007.3309999998
0xfa41cd7c7f68200270349ea2e8d3e847d9314a78,2026-04-20,2022501.3691739999
0xfa41cd7c7f68200270349ea2e8d3e847d9314a78,2026-04-27,2104585.221498
0xfa86d8e80bd69bd974992db158784b1236337bfe,2026-04-20,2658138.103
0xfa86d8e80bd69bd974992db158784b1236337bfe,2026-04-27,2650855.814799
0xfcfe488c68fad72b25241391e52116aaceeb9766,2026-04-20,2817509.141729
0xfcfe488c68fad72b25241391e52116aaceeb9766,2026-04-27,3462259.460992
0x03502e2b26a9c4f16d0da5f988c055282eb870e2,2026-05-04,879737.048
0x04e9d1fc471f17037aa069976cfc6da1f11d1438,2026-05-04,1255144.990885
0x04e9d1fc471f17037aa069976cfc6da1f11d1438,2026-05-11,2616.6279999999997
0x0791641813feda20d23f4d7dc6a00643a31880b0,2026-05-04,271841.19999500003
0x0791641813feda20d23f4d7dc6a00643a31880b0,2026-05-11,1212.037
0x0abc68da6dff164e95ee5ee0ff9ef68bd08a9482,2026-05-04,655872.212584
0x0c05403dbc8cd7558a0907292c8d5f6c032df157,2026-05-04,1242800.821994
0x0c05403dbc8cd7558a0907292c8d5f6c032df157,2026-05-11,2380.913
0x0ec5f85aa1985c1d4113eaf84aff31d9377f3708,2026-05-11,1767073.690715
0x106f90adb6ec8eacd2dffbfb1ca937bf8dc16bac,2026-05-11,1581903.366
0x15b3176ee08c799b5eaad507127455b832596073,2026-05-11,1428285.193
0x16b8766e6b52bb0113213ad2d4987ec1e9b99e13,2026-05-11,1000326.5430000001
0x1743146e23ebe5cd02dfa795a095b77c6f200ac9,2026-05-04,383925.98653
0x1841444288cc042213741268edae89ab0a0a44f4,2026-05-04,358560.436
0x191351eec6a09bdae423438edba0f4bf1d95207d,2026-05-04,973134.5560620001
0x191351eec6a09bdae423438edba0f4bf1d95207d,2026-05-11,4777.575
0x1d1f3206e671fd2a67c943d93163e6bddfb4262f,2026-05-11,2137100.614
0x1e945453fcb562c562b72582d7254f58324b764a,2026-05-11,1568369.758993
0x23a51a2507f6db2efab5093c08e35e718925dca3,2026-05-11,2109040.0219960003
0x24098eb6e196a8b94b42bd46fdcbf507af651df6,2026-05-04,1239966.8221959998
0x2488df29756354c1a334e767325266bfe7b1ef22,2026-05-04,1026696.244
0x29bc885242f5c3c0bf1ff352598caf9bb503044d,2026-05-11,1203897.117
0x29dd54f3dd1491d1e2bc69944b5983e211f58aaf,2026-05-11,1748003.047
0x2c18e153217b1b1c84a57588073a4fa915116c5c,2026-05-04,562857.4392
0x305512f530792f0815c1ff12d6dfed2901dd5273,2026-05-04,346218.782998
0x305512f530792f0815c1ff12d6dfed2901dd5273,2026-05-11,2831.998
0x35d20e20fe638705ea620cc434a61e6c857e51b8,2026-05-04,423777.269
0x3e02ca4daf734bca12a033bfff07f2075ee103a8,2026-05-11,1694752.596
0x40506462296f3e4ba0d2877d3df5024c3a555b99,2026-05-04,403579.03019900003
0x44a55e4a7c8fac2d285224da96419ff31607bc03,2026-05-04,701827.6193
0x44bf102ac4ce55a0d57e59f7d5f9828b38be6250,2026-05-04,213343.04499999998
0x4651f69873f1be6c94890d79e945b80ec9dd4fd3,2026-05-11,1741003.24
0x467cd02aaf670d67d92f6aaf2bbcf9c2ecc73ba9,2026-05-11,1689461.8080000002
0x4745872ee8e2feca6f1358a72ce79440e79b8172,2026-05-04,297241.72699999996
0x4745872ee8e2feca6f1358a72ce79440e79b8172,2026-05-11,1505.297
0x48b573ab7bec10728141ed8e5c0f7cd2e88708a4,2026-05-04,49122.880000000005
0x4928a1640bb2b21272a0b713582e69e893a51fee,2026-05-04,1435024.422
0x4c57d4d6313fa0b4470679dbbf5eb3db63b3a916,2026-05-04,430565.75
0x4c57d4d6313fa0b4470679dbbf5eb3db63b3a916,2026-05-11,3009.608
0x4c7b7f67104195d35b5537348512fe1c1f15d85b,2026-05-11,2208173.2299999995
0x4cddee9263161003af7f20f919181fff14713d8e,2026-05-04,235341.56999699998
0x4cddee9263161003af7f20f919181fff14713d8e,2026-05-11,483.864
0x4eb14aed5077c93f720b98e9c512cdbe757ff3b3,2026-05-11,1600468.518
0x5179c31d12ebf80beb716f19f59c10db3c5dccab,2026-05-04,426942.169549
0x5179c31d12ebf80beb716f19f59c10db3c5dccab,2026-05-11,2164.017
0x51ba3d50c5b80070de3419157fce0eb46afcfa69,2026-05-04,761204.125996
0x51c8ad3fc12a10ebe225a0e66ea69288503ad739,2026-05-04,389096.122
0x51c8ad3fc12a10ebe225a0e66ea69288503ad739,2026-05-11,393.997
0x578451b97342c6917b979fff91485cb42e7af9ec,2026-05-11,1383833.1089999997
0x578c31a7a005b03cdd8b23671dd58d5310fcc8c1,2026-05-11,2105238.665
0x58085d4b6662bbd2acdd99dffe3c78b8661422ec,2026-05-11,1614170.141
0x599870cc3752511dad8eca6980e861bcca53c768,2026-05-04,1092442.293643
0x599870cc3752511dad8eca6980e861bcca53c768,2026-05-11,548.148
0x5a6b5352f46c07da306c60926b78e53e67e061ca,2026-05-04,138161.166
0x5aa76047cafc5650dceac42089f3590538cc8550,2026-05-11,1181544.3229999999
0x5d5df741182561e9e2e3e1a143082daacff3795a,2026-05-11,1707874.9780000001
0x5dd1eb898cb24e00a0575d95afcb4f2d22410f9a,2026-05-11,1326187.296997
0x606471f4b185ff414872a86874cde680d25b4a0d,2026-05-04,237519.027
0x606471f4b185ff414872a86874cde680d25b4a0d,2026-05-11,950.711
0x696ec0da3a4c332694d66c6941e4383646bfae3f,2026-05-11,1006424.6680000001
0x6d4500900a402d39c3b954dbb01d2f41b363973f,2026-05-04,1098601.926
0x6d4500900a402d39c3b954dbb01d2f41b363973f,2026-05-11,1183.7920000000001
0x737b4edd8a4bb12fb9f199956a3c8768e7f74f11,2026-05-04,433876.31700000004
0x77035c0745c7d90ce232ca731b3261d94b70f427,2026-05-04,836928.85
0x77035c0745c7d90ce232ca731b3261d94b70f427,2026-05-11,1710.5520000000001
0x7836f635e86b548bd1b245cd159f9318b79b0983,2026-05-04,1197929.887996
0x78da84f0d52ea2f80dc122b881be29542680a629,2026-05-04,181571.52899999998
0x78da84f0d52ea2f80dc122b881be29542680a629,2026-05-11,2589.696
0x78dccf7272a7895137606413ed740665f5e652c8,2026-05-04,797481.2481760001
0x7a9813714db9f2042cf7bdea4421c954d79243e6,2026-05-11,2128695.858
0x81801025871ee73ac195edd2ffb4b3353b765e00,2026-05-11,1538790.9510000001
0x888635c2c0193371e22c7362083adf19f30b0b3b,2026-05-04,213216.645736
0x888635c2c0193371e22c7362083adf19f30b0b3b,2026-05-11,1464.3580000000002
0x8d6dee7ecf3a4776bcd9dd895e8e23efde4816a4,2026-05-11,1066482.673
0x93a0a3600e0bfb1bf482d9a43e002c1206c3435d,2026-05-04,723135.645646
0x93a0a3600e0bfb1bf482d9a43e002c1206c3435d,2026-05-11,2687.759
0x9477eb4970dde9e51bf2eddfa78fd3791b0135bf,2026-05-04,128123.503
0x9f997f7c146fbc311aa5c1d0fd01b19b814277a5,2026-05-04,439338.21099199995
0x9f997f7c146fbc311aa5c1d0fd01b19b814277a5,2026-05-11,682.373
0xa38510261297a9a3d519d36c6566dae7065c4ff4,2026-05-04,366165.25100000005
0xa38510261297a9a3d519d36c6566dae7065c4ff4,2026-05-11,3617.2269999999994
0xa6ca7bae9aa52bc783c11cfbabb241e3bc361947,2026-05-04,869918.853197
0xaec221ee2291af1ea41afa7b4d09a339622ed152,2026-05-04,168341.086
0xaec221ee2291af1ea41afa7b4d09a339622ed152,2026-05-11,1287.952
0xb14bb6f254574edd63173672c4237ca5c874725d,2026-05-04,173317.15399999998
0xb14bb6f254574edd63173672c4237ca5c874725d,2026-05-11,269.36
0xb5b66a7af26744f0431a37eb7772a6f50f174e0e,2026-05-04,634560.239695
0xb5b66a7af26744f0431a37eb7772a6f50f174e0e,2026-05-11,1370.687
0xbb5370334f2a3eeef4c419fb57a0b24bca3cf263,2026-05-04,392614.74199999997
0xbb5370334f2a3eeef4c419fb57a0b24bca3cf263,2026-05-11,764.015
0xbb6bd94a674260815f9af84cf392b19214b4e023,2026-05-11,1697508.1600000001
0xbb7e70cf7874379fc4f91ceb2bd3160b98c5da16,2026-05-04,1028293.015
0xbb7e70cf7874379fc4f91ceb2bd3160b98c5da16,2026-05-11,5734.022
0xbbffac15080d30594edef134010864fba725477c,2026-05-04,271263.665
0xbc3fa7e33842a9804c08a52da7e395e6f95378f0,2026-05-04,555546.9669979999
0xc1c3b7a1836fad06430e1edf9f881151b480080c,2026-05-04,901775.287306
0xc1c3b7a1836fad06430e1edf9f881151b480080c,2026-05-11,669.0810000000001
0xc4926ab62d78f3a668bb4fd29ca04c06f8cd9f90,2026-05-04,1029245.635339
0xc4926ab62d78f3a668bb4fd29ca04c06f8cd9f90,2026-05-11,2179.181
0xc4dae4a52f975147b7048222602b5ec9e0947236,2026-05-04,291924.604
0xc4dae4a52f975147b7048222602b5ec9e0947236,2026-05-11,508.324
0xc70b8ea6483ad00d24b48f96ae157b096becfe7d,2026-05-04,478720.326
0xc70b8ea6483ad00d24b48f96ae157b096becfe7d,2026-05-11,1255.306
0xcf186e0d509c32402f869bafb690286c75d9c2ae,2026-05-11,1978488.565
0xd31553c7032edd6a1854653b4e7e752183f16a77,2026-05-04,617861.566703
0xd6c696526a2f64cfdf08341ee819bf127b9135a1,2026-05-11,2066825.369
0xd70ceccf2ef3462078984cac81336327707290af,2026-05-11,1131218.01004
0xd83350c134341e83000d81da157a3f0861d4b729,2026-05-04,97779.606384
0xd953c6c2c8220393667fc950daa29da2d031a7ec,2026-05-04,530843.137399
0xd953c6c2c8220393667fc950daa29da2d031a7ec,2026-05-11,1220.177
0xddde391c2544b526c7481543e577dad6423edede,2026-05-11,1724897.497
0xe55c7154097f8832be1e3d83d0e7be49c704830e,2026-05-11,1427062.634
0xe7c1c5522eda5ae252b0574f7a642ae74f8af3a3,2026-05-11,2106749.6440000003
0xe90312437def98daccd661e2756f260361d42da4,2026-05-04,221992.01
0xe90312437def98daccd661e2756f260361d42da4,2026-05-11,2397.938
0xe9c4f09513a211d341c28c3c102106bf0979c60f,2026-05-04,1071753.121688
0xe9c4f09513a211d341c28c3c102106bf0979c60f,2026-05-11,2623.877
0xea5c69cf7d8b71cd4644d089649f946d9ec30b2a,2026-05-04,1150835.0908050002
0xea5c69cf7d8b71cd4644d089649f946d9ec30b2a,2026-05-11,918.567
0xeb010bace7dbedb1a20d33f28de070367ccc8e46,2026-05-11,1912696.296075
0xf007a22e23fa36e641cb3fc5c9d543476f9737ae,2026-05-11,2121028.936
0xf2127bcb896968cffd1d2e656c1b0cd5868eaf6d,2026-05-11,1607510.502
0xf32b50d6526d4741629461ce436bf7a79fb8e188,2026-05-11,1552718.741997
0xf3f56bf1914c904b37fffcef5f13d6343438cf36,2026-05-11,2133440.845996
0xf9e019b835590f11e8b7279141fce5f07320a4c9,2026-05-11,2302499.5650000004
0xfa2c55ba9ab39a08a2699fdb1b48432fc4a88ff8,2026-05-04,279732.06
0xfa41cd7c7f68200270349ea2e8d3e847d9314a78,2026-05-04,269625.448
0xfa86d8e80bd69bd974992db158784b1236337bfe,2026-05-04,316308.74951899995
0xfad5b1f2d7f59bde91dd7e2c0b170be6101ae97a,2026-05-11,1138936.815
0xfc5d6ef1ebdead2a79633dbbeb1392fafee264df,2026-05-11,908672.607995
0xfcfe488c68fad72b25241391e52116aaceeb9766,2026-05-04,291248.382922
0xfcfe488c68fad72b25241391e52116aaceeb9766,2026-05-11,1991.206
0xff3de15715fe508970c31824ddb455cf61e2ed99,2026-05-11,1620525.27
0x03502e2b26a9c4f16d0da5f988c055282eb870e2,2026-05-11,659.346
0x0abc68da6dff164e95ee5ee0ff9ef68bd08a9482,2026-05-11,841.356
0x1841444288cc042213741268edae89ab0a0a44f4,2026-05-11,2204.044
0x2488df29756354c1a334e767325266bfe7b1ef22,2026-05-11,2349.945
0x2c18e153217b1b1c84a57588073a4fa915116c5c,2026-05-11,1016.4860000000001
0x40506462296f3e4ba0d2877d3df5024c3a555b99,2026-05-11,899.8399999999999
0x48b573ab7bec10728141ed8e5c0f7cd2e88708a4,2026-05-11,795.588
0x737b4edd8a4bb12fb9f199956a3c8768e7f74f11,2026-05-11,653.625
0x78dccf7272a7895137606413ed740665f5e652c8,2026-05-11,1101.115
0x9477eb4970dde9e51bf2eddfa78fd3791b0135bf,2026-05-11,744.958
0xd83350c134341e83000d81da157a3f0861d4b729,2026-05-11,1679.764
0x03502e2b26a9c4f16d0da5f988c055282eb870e2,2026-05-18,5486.164
0x04e9d1fc471f17037aa069976cfc6da1f11d1438,2026-05-18,5033.534
0x0791641813feda20d23f4d7dc6a00643a31880b0,2026-05-18,3137.767
0x0abc68da6dff164e95ee5ee0ff9ef68bd08a9482,2026-05-18,2713.627
0x0c05403dbc8cd7558a0907292c8d5f6c032df157,2026-05-18,8349.241
0x0ec5f85aa1985c1d4113eaf84aff31d9377f3708,2026-05-18,5386974.541
0x106f90adb6ec8eacd2dffbfb1ca937bf8dc16bac,2026-05-18,5997307.421999999
0x15b3176ee08c799b5eaad507127455b832596073,2026-05-18,5656834.666
0x16b8766e6b52bb0113213ad2d4987ec1e9b99e13,2026-05-18,4836469.13
0x1743146e23ebe5cd02dfa795a095b77c6f200ac9,2026-05-11,1058.23
0x1743146e23ebe5cd02dfa795a095b77c6f200ac9,2026-05-18,809.944
0x1841444288cc042213741268edae89ab0a0a44f4,2026-05-18,5579.689
0x191351eec6a09bdae423438edba0f4bf1d95207d,2026-05-18,1635.24
0x196c747e02635b3de6d3f67580ba62ed482fc864,2026-05-11,351164.644
0x196c747e02635b3de6d3f67580ba62ed482fc864,2026-05-18,4715498.408
0x1d1f3206e671fd2a67c943d93163e6bddfb4262f,2026-05-18,4667302.332
0x1e945453fcb562c562b72582d7254f58324b764a,2026-05-18,5125875.4459999995
0x20e8f154a877034dd0145b304d90b99bbd8d558d,2026-05-11,365985.163
0x20e8f154a877034dd0145b304d90b99bbd8d558d,2026-05-18,6030576.044
0x21ea7251a8368ce69c06b81f45f6ff3147feea36,2026-05-11,537498.527
0x21ea7251a8368ce69c06b81f45f6ff3147feea36,2026-05-18,4377629.433
0x23a51a2507f6db2efab5093c08e35e718925dca3,2026-05-18,5682766.376
0x24098eb6e196a8b94b42bd46fdcbf507af651df6,2026-05-11,658.451
0x24098eb6e196a8b94b42bd46fdcbf507af651df6,2026-05-18,4499.214
0x2488df29756354c1a334e767325266bfe7b1ef22,2026-05-18,6065.876
0x29bc885242f5c3c0bf1ff352598caf9bb503044d,2026-05-18,4853358.429
0x29dd54f3dd1491d1e2bc69944b5983e211f58aaf,2026-05-18,4939408.101
0x2a0a7cab60677aaa6706cc0f4ce76665dae69fa3,2026-05-11,603498.432976
0x2a0a7cab60677aaa6706cc0f4ce76665dae69fa3,2026-05-18,4986631.949
0x2c18e153217b1b1c84a57588073a4fa915116c5c,2026-05-18,5221.179
0x305512f530792f0815c1ff12d6dfed2901dd5273,2026-05-18,6018.466
0x35d20e20fe638705ea620cc434a61e6c857e51b8,2026-05-11,2713.6629999999996
0x35d20e20fe638705ea620cc434a61e6c857e51b8,2026-05-18,6946.018997
0x3e02ca4daf734bca12a033bfff07f2075ee103a8,2026-05-18,4805977.201
0x40506462296f3e4ba0d2877d3df5024c3a555b99,2026-05-18,1178.1109999999999
0x44a55e4a7c8fac2d285224da96419ff31607bc03,2026-05-11,1261.904
0x44a55e4a7c8fac2d285224da96419ff31607bc03,2026-05-18,4609.0
0x44bf102ac4ce55a0d57e59f7d5f9828b38be6250,2026-05-18,7864.397
0x4651f69873f1be6c94890d79e945b80ec9dd4fd3,2026-05-18,5513945.483999999
0x467cd02aaf670d67d92f6aaf2bbcf9c2ecc73ba9,2026-05-18,5767223.2469999995
0x46ee7d5fb144f76aac5f9214528f30a91450c501,2026-05-11,583448.13
0x46ee7d5fb144f76aac5f9214528f30a91450c501,2026-05-18,5011603.261
0x4745872ee8e2feca6f1358a72ce79440e79b8172,2026-05-18,3161.1059999999998
0x48b573ab7bec10728141ed8e5c0f7cd2e88708a4,2026-05-18,932.989
0x4928a1640bb2b21272a0b713582e69e893a51fee,2026-05-11,2420.739
0x4928a1640bb2b21272a0b713582e69e893a51fee,2026-05-18,5091.451999999999
0x4c57d4d6313fa0b4470679dbbf5eb3db63b3a916,2026-05-18,5618.744000000001
0x4c7b7f67104195d35b5537348512fe1c1f15d85b,2026-05-18,5028730.306
0x4cddee9263161003af7f20f919181fff14713d8e,2026-05-18,3720.8799999999997
0x4eb14aed5077c93f720b98e9c512cdbe757ff3b3,2026-05-18,4691886.595
0x5179c31d12ebf80beb716f19f59c10db3c5dccab,2026-05-18,381.802
0x51ba3d50c5b80070de3419157fce0eb46afcfa69,2026-05-11,2060.059
0x51ba3d50c5b80070de3419157fce0eb46afcfa69,2026-05-18,6443.447999999999
0x51c8ad3fc12a10ebe225a0e66ea69288503ad739,2026-05-18,4479.11
0x578451b97342c6917b979fff91485cb42e7af9ec,2026-05-18,4699168.913000001
0x578c31a7a005b03cdd8b23671dd58d5310fcc8c1,2026-05-18,4927342.857
0x58085d4b6662bbd2acdd99dffe3c78b8661422ec,2026-05-18,5876239.6110000005
0x599870cc3752511dad8eca6980e861bcca53c768,2026-05-18,3390.124
0x5a6b5352f46c07da306c60926b78e53e67e061ca,2026-05-11,2027.538
0x5a6b5352f46c07da306c60926b78e53e67e061ca,2026-05-18,3894.562
0x5aa76047cafc5650dceac42089f3590538cc8550,2026-05-18,5473807.422
0x5bf481a94e1fcadf9db3d73b97c4b799272115ce,2026-05-11,883978.977
0x5bf481a94e1fcadf9db3d73b97c4b799272115ce,2026-05-18,6039535.609
0x5d5df741182561e9e2e3e1a143082daacff3795a,2026-05-18,3868636.4469999997
0x5dd1eb898cb24e00a0575d95afcb4f2d22410f9a,2026-05-18,5144063.6850000005
0x696ec0da3a4c332694d66c6941e4383646bfae3f,2026-05-18,5339367.31
0x6d4500900a402d39c3b954dbb01d2f41b363973f,2026-05-18,4704.415
0x6fc5910e7227e206cef2ed20737680becaa9d2bd,2026-05-11,426458.207994
0x6fc5910e7227e206cef2ed20737680becaa9d2bd,2026-05-18,5711773.132
0x7116b11588a6e204b5ed94fd7c2c5020578dd83c,2026-05-11,738900.912
0x7116b11588a6e204b5ed94fd7c2c5020578dd83c,2026-05-18,5108043.358073
0x737b4edd8a4bb12fb9f199956a3c8768e7f74f11,2026-05-18,3247.514
0x77035c0745c7d90ce232ca731b3261d94b70f427,2026-05-18,5238.619000000001
0x7836f635e86b548bd1b245cd159f9318b79b0983,2026-05-11,3033.3329999999996
0x7836f635e86b548bd1b245cd159f9318b79b0983,2026-05-18,6957.859
0x78da84f0d52ea2f80dc122b881be29542680a629,2026-05-18,2490.338
0x78dccf7272a7895137606413ed740665f5e652c8,2026-05-18,3387.138
0x7a9813714db9f2042cf7bdea4421c954d79243e6,2026-05-18,4345804.5309999995
0x81801025871ee73ac195edd2ffb4b3353b765e00,2026-05-18,6322386.421
0x888635c2c0193371e22c7362083adf19f30b0b3b,2026-05-18,2452.632
0x8d6dee7ecf3a4776bcd9dd895e8e23efde4816a4,2026-05-18,5764965.211999999
0x93a0a3600e0bfb1bf482d9a43e002c1206c3435d,2026-05-18,6413.76
0x9477eb4970dde9e51bf2eddfa78fd3791b0135bf,2026-05-18,3816.0919999999996
0x97acc627ca2d37320ff1b6daa8d024eccde95336,2026-05-11,492012.256
0x97acc627ca2d37320ff1b6daa8d024eccde95336,2026-05-18,6267918.682981
0x9c44b10f39e6a07889ed3d821669565fb11409b3,2026-05-11,423633.024
0x9c44b10f39e6a07889ed3d821669565fb11409b3,2026-05-18,5230284.359
0x9f997f7c146fbc311aa5c1d0fd01b19b814277a5,2026-05-18,4975.517
0xa38510261297a9a3d519d36c6566dae7065c4ff4,2026-05-18,4081.661
0xa6ca7bae9aa52bc783c11cfbabb241e3bc361947,2026-05-11,1626.925
0xa6ca7bae9aa52bc783c11cfbabb241e3bc361947,2026-05-18,6375.325
0xaec221ee2291af1ea41afa7b4d09a339622ed152,2026-05-18,679.191
0xb5b66a7af26744f0431a37eb7772a6f50f174e0e,2026-05-18,4155.077
0xbb5370334f2a3eeef4c419fb57a0b24bca3cf263,2026-05-18,4644.69
0xbb6bd94a674260815f9af84cf392b19214b4e023,2026-05-18,5889506.7809999995
0xbb7e70cf7874379fc4f91ceb2bd3160b98c5da16,2026-05-18,2071.616
0xbbffac15080d30594edef134010864fba725477c,2026-05-11,757.1610000000001
0xbbffac15080d30594edef134010864fba725477c,2026-05-18,3042.7349999999997
0xbc3fa7e33842a9804c08a52da7e395e6f95378f0,2026-05-11,1457.526
0xbc3fa7e33842a9804c08a52da7e395e6f95378f0,2026-05-18,5733.311000000001
0xc1c3b7a1836fad06430e1edf9f881151b480080c,2026-05-18,5155.486999999999
0xc2752b98d8241473addccc6e80c3b2b40b5da901,2026-05-11,482877.889
0xc2752b98d8241473addccc6e80c3b2b40b5da901,2026-05-18,4870446.995999999
0xc4926ab62d78f3a668bb4fd29ca04c06f8cd9f90,2026-05-18,6271.356
0xc70b8ea6483ad00d24b48f96ae157b096becfe7d,2026-05-18,5570.317000000001
0xc78c9c0ace0e8a3c84d906be1cde374ea9e45962,2026-05-11,679231.917
0xc78c9c0ace0e8a3c84d906be1cde374ea9e45962,2026-05-18,4491069.567
0xcab263f601d7d58ebd4544c3701d2d5c2f7f477c,2026-05-11,433799.104
0xcab263f601d7d58ebd4544c3701d2d5c2f7f477c,2026-05-18,5311950.481000001
0xcf186e0d509c32402f869bafb690286c75d9c2ae,2026-05-18,5189646.277
0xcf7d452632551dc67b321a0bad2db0cd0ccf01db,2026-05-11,231849.274
0xcf7d452632551dc67b321a0bad2db0cd0ccf01db,2026-05-18,5790012.1790000005
0xd31553c7032edd6a1854653b4e7e752183f16a77,2026-05-11,928.936
0xd31553c7032edd6a1854653b4e7e752183f16a77,2026-05-18,3548.0339999999997
0xd3abc6684aae3c47b44ecad5f8ce43ad578b861c,2026-05-11,539215.615
0xd3abc6684aae3c47b44ecad5f8ce43ad578b861c,2026-05-18,5082681.690041
0xd6c696526a2f64cfdf08341ee819bf127b9135a1,2026-05-18,4652880.822
0xd70ceccf2ef3462078984cac81336327707290af,2026-05-18,4907043.546
0xd83350c134341e83000d81da157a3f0861d4b729,2026-05-18,5943.117
0xd953c6c2c8220393667fc950daa29da2d031a7ec,2026-05-18,6678.691
0xd96155cc52ad7d3ff7a39c95fa515b965e358af8,2026-05-11,646912.7069999999
0xd96155cc52ad7d3ff7a39c95fa515b965e358af8,2026-05-18,4620387.461
0xddde391c2544b526c7481543e577dad6423edede,2026-05-18,5038583.957
0xe2867815c595a0b889570f03f01f369b3406470f,2026-05-11,899953.29
0xe2867815c595a0b889570f03f01f369b3406470f,2026-05-18,5622443.85
0xe55c7154097f8832be1e3d83d0e7be49c704830e,2026-05-18,5586473.973999999
0xe7c1c5522eda5ae252b0574f7a642ae74f8af3a3,2026-05-18,4977338.809
0xe9c4f09513a211d341c28c3c102106bf0979c60f,2026-05-18,6489.532
0xea5c69cf7d8b71cd4644d089649f946d9ec30b2a,2026-05-18,4439.651000000001
0xeb010bace7dbedb1a20d33f28de070367ccc8e46,2026-05-18,4542193.167848
0xf007a22e23fa36e641cb3fc5c9d543476f9737ae,2026-05-18,4592640.296
0xf2127bcb896968cffd1d2e656c1b0cd5868eaf6d,2026-05-18,5825759.125
0xf32b50d6526d4741629461ce436bf7a79fb8e188,2026-05-18,5801160.65278
0xf3f56bf1914c904b37fffcef5f13d6343438cf36,2026-05-18,6392110.32099
0xf46b6d0c6dd31ac12f260732940f16b41ebd8737,2026-05-11,575116.987
0xf46b6d0c6dd31ac12f260732940f16b41ebd8737,2026-05-18,4455101.655
0xf9e019b835590f11e8b7279141fce5f07320a4c9,2026-05-18,5883138.833000001
0xfa040f8b4f5a81abe71591c14b304ab2db19d5cf,2026-05-11,802016.632
0xfa040f8b4f5a81abe71591c14b304ab2db19d5cf,2026-05-18,4022387.7550000004
0xfa2c55ba9ab39a08a2699fdb1b48432fc4a88ff8,2026-05-11,572.197
0xfa2c55ba9ab39a08a2699fdb1b48432fc4a88ff8,2026-05-18,2651.611
0xfa41cd7c7f68200270349ea2e8d3e847d9314a78,2026-05-11,1675.083
0xfa41cd7c7f68200270349ea2e8d3e847d9314a78,2026-05-18,4105.338
0xfa86d8e80bd69bd974992db158784b1236337bfe,2026-05-11,1053.308
0xfa86d8e80bd69bd974992db158784b1236337bfe,2026-05-18,1160.339
0xfad5b1f2d7f59bde91dd7e2c0b170be6101ae97a,2026-05-18,3841878.9560000002
0xfc5d6ef1ebdead2a79633dbbeb1392fafee264df,2026-05-18,4947359.216
0xfcddeea788a40bfd216af7097fbf386282fb6653,2026-05-11,614973.6070000001
0xfcddeea788a40bfd216af7097fbf386282fb6653,2026-05-18,4997307.611
0xfcfe488c68fad72b25241391e52116aaceeb9766,2026-05-18,3790.6639999999998
0xff3de15715fe508970c31824ddb455cf61e2ed99,2026-05-18,4958496.226
0x44bf102ac4ce55a0d57e59f7d5f9828b38be6250,2026-05-11,385.23400000000004
0x03502e2b26a9c4f16d0da5f988c055282eb870e2,2026-05-25,124673.758
0x04e9d1fc471f17037aa069976cfc6da1f11d1438,2026-05-25,129574.45000000001
0x0791641813feda20d23f4d7dc6a00643a31880b0,2026-05-25,77117.02
0x0abc68da6dff164e95ee5ee0ff9ef68bd08a9482,2026-05-25,51413.661
0x0c05403dbc8cd7558a0907292c8d5f6c032df157,2026-05-25,107569.057
0x0ec5f85aa1985c1d4113eaf84aff31d9377f3708,2026-05-25,11942401.318
0x106f90adb6ec8eacd2dffbfb1ca937bf8dc16bac,2026-05-25,9690086.329
0x15b3176ee08c799b5eaad507127455b832596073,2026-05-25,10716026.743697999
0x16b8766e6b52bb0113213ad2d4987ec1e9b99e13,2026-05-25,12298491.734
0x1841444288cc042213741268edae89ab0a0a44f4,2026-05-25,101877.638
0x191351eec6a09bdae423438edba0f4bf1d95207d,2026-05-25,110403.418
0x196c747e02635b3de6d3f67580ba62ed482fc864,2026-05-25,10487547.346901
0x1d1f3206e671fd2a67c943d93163e6bddfb4262f,2026-05-25,13008081.137594001
0x1e945453fcb562c562b72582d7254f58324b764a,2026-05-25,11846824.245
0x20e8f154a877034dd0145b304d90b99bbd8d558d,2026-05-25,11118620.368
0x21ea7251a8368ce69c06b81f45f6ff3147feea36,2026-05-25,12683556.196999999
0x23a51a2507f6db2efab5093c08e35e718925dca3,2026-05-25,10637043.109000001
0x24098eb6e196a8b94b42bd46fdcbf507af651df6,2026-05-25,123167.699
0x2488df29756354c1a334e767325266bfe7b1ef22,2026-05-25,169986.155
0x29bc885242f5c3c0bf1ff352598caf9bb503044d,2026-05-25,10342276.528689
0x29dd54f3dd1491d1e2bc69944b5983e211f58aaf,2026-05-25,9955554.888
0x2a0a7cab60677aaa6706cc0f4ce76665dae69fa3,2026-05-25,9344423.446103
0x305512f530792f0815c1ff12d6dfed2901dd5273,2026-05-25,145827.21899999998
0x35d20e20fe638705ea620cc434a61e6c857e51b8,2026-05-25,10847.784
0x3e02ca4daf734bca12a033bfff07f2075ee103a8,2026-05-25,11648848.199000001
0x44a55e4a7c8fac2d285224da96419ff31607bc03,2026-05-25,132074.885
0x44bf102ac4ce55a0d57e59f7d5f9828b38be6250,2026-05-25,7641.223
0x4651f69873f1be6c94890d79e945b80ec9dd4fd3,2026-05-25,11658671.074809998
0x467cd02aaf670d67d92f6aaf2bbcf9c2ecc73ba9,2026-05-25,12032984.103205
0x46ee7d5fb144f76aac5f9214528f30a91450c501,2026-05-25,11013043.665165
0x4928a1640bb2b21272a0b713582e69e893a51fee,2026-05-25,137753.31100000002
0x4c57d4d6313fa0b4470679dbbf5eb3db63b3a916,2026-05-25,179763.71399999998
0x4c7b7f67104195d35b5537348512fe1c1f15d85b,2026-05-25,8822973.83
0x4cddee9263161003af7f20f919181fff14713d8e,2026-05-25,7516.3369999999995
0x4eb14aed5077c93f720b98e9c512cdbe757ff3b3,2026-05-25,9783111.461996
0x51ba3d50c5b80070de3419157fce0eb46afcfa69,2026-05-25,156475.549
0x51c8ad3fc12a10ebe225a0e66ea69288503ad739,2026-05-25,93233.74100000001
0x578451b97342c6917b979fff91485cb42e7af9ec,2026-05-25,9530769.336
0x578c31a7a005b03cdd8b23671dd58d5310fcc8c1,2026-05-25,9499138.309
0x58085d4b6662bbd2acdd99dffe3c78b8661422ec,2026-05-25,11563724.079997001
0x599870cc3752511dad8eca6980e861bcca53c768,2026-05-25,130727.486
0x5a6b5352f46c07da306c60926b78e53e67e061ca,2026-05-25,54140.781
0x5aa76047cafc5650dceac42089f3590538cc8550,2026-05-25,10936906.76444
0x5bf481a94e1fcadf9db3d73b97c4b799272115ce,2026-05-25,10685778.943
0x5d5df741182561e9e2e3e1a143082daacff3795a,2026-05-25,10311688.384
0x5dd1eb898cb24e00a0575d95afcb4f2d22410f9a,2026-05-25,11695749.2058
0x696ec0da3a4c332694d66c6941e4383646bfae3f,2026-05-25,11460910.632000001
0x6d4500900a402d39c3b954dbb01d2f41b363973f,2026-05-25,149149.31100000002
0x6fc5910e7227e206cef2ed20737680becaa9d2bd,2026-05-25,8488117.059
0x7116b11588a6e204b5ed94fd7c2c5020578dd83c,2026-05-25,9510025.063154
0x77035c0745c7d90ce232ca731b3261d94b70f427,2026-05-25,203547.98699999996
0x7836f635e86b548bd1b245cd159f9318b79b0983,2026-05-25,103229.413
0x78da84f0d52ea2f80dc122b881be29542680a629,2026-05-25,113151.407
0x78dccf7272a7895137606413ed740665f5e652c8,2026-05-25,34041.955
0x7a9813714db9f2042cf7bdea4421c954d79243e6,2026-05-25,10589325.0975
0x81801025871ee73ac195edd2ffb4b3353b765e00,2026-05-25,11410322.937997
0x888635c2c0193371e22c7362083adf19f30b0b3b,2026-05-25,58333.701
0x8d6dee7ecf3a4776bcd9dd895e8e23efde4816a4,2026-05-25,10756783.143000001
0x93a0a3600e0bfb1bf482d9a43e002c1206c3435d,2026-05-25,142276.688
0x9477eb4970dde9e51bf2eddfa78fd3791b0135bf,2026-05-25,1771.318
0x97acc627ca2d37320ff1b6daa8d024eccde95336,2026-05-25,8939101.808
0x9c44b10f39e6a07889ed3d821669565fb11409b3,2026-05-25,11063311.029
0x9f997f7c146fbc311aa5c1d0fd01b19b814277a5,2026-05-25,96598.487
0xa38510261297a9a3d519d36c6566dae7065c4ff4,2026-05-25,98528.685
0xa6ca7bae9aa52bc783c11cfbabb241e3bc361947,2026-05-25,180163.47100000002
0xb5b66a7af26744f0431a37eb7772a6f50f174e0e,2026-05-25,110490.484
0xbb5370334f2a3eeef4c419fb57a0b24bca3cf263,2026-05-25,76895.07
0xbb6bd94a674260815f9af84cf392b19214b4e023,2026-05-25,10941498.563685998
0xbb7e70cf7874379fc4f91ceb2bd3160b98c5da16,2026-05-25,118109.857
0xbbffac15080d30594edef134010864fba725477c,2026-05-25,364.673
0xbc3fa7e33842a9804c08a52da7e395e6f95378f0,2026-05-25,136766.36000000002
0xc1c3b7a1836fad06430e1edf9f881151b480080c,2026-05-25,85735.86
0xc2752b98d8241473addccc6e80c3b2b40b5da901,2026-05-25,11648794.892315999
0xc4926ab62d78f3a668bb4fd29ca04c06f8cd9f90,2026-05-25,138980.76
0xc4dae4a52f975147b7048222602b5ec9e0947236,2026-05-25,70991.684
0xc70b8ea6483ad00d24b48f96ae157b096becfe7d,2026-05-25,159913.202
0xc78c9c0ace0e8a3c84d906be1cde374ea9e45962,2026-05-25,8974203.527
0xcab263f601d7d58ebd4544c3701d2d5c2f7f477c,2026-05-25,11340259.846854001
0xcf186e0d509c32402f869bafb690286c75d9c2ae,2026-05-25,9159541.055
0xcf7d452632551dc67b321a0bad2db0cd0ccf01db,2026-05-25,10248667.855
0xd31553c7032edd6a1854653b4e7e752183f16a77,2026-05-25,132539.44
0xd3abc6684aae3c47b44ecad5f8ce43ad578b861c,2026-05-25,11822591.213307
0xd6c696526a2f64cfdf08341ee819bf127b9135a1,2026-05-25,9101568.23
0xd70ceccf2ef3462078984cac81336327707290af,2026-05-25,9666446.774
0xd83350c134341e83000d81da157a3f0861d4b729,2026-05-25,142748.633
0xd96155cc52ad7d3ff7a39c95fa515b965e358af8,2026-05-25,10107254.271000002
0xddde391c2544b526c7481543e577dad6423edede,2026-05-25,9511057.848000001
0xe2867815c595a0b889570f03f01f369b3406470f,2026-05-25,10570870.355405
0xe55c7154097f8832be1e3d83d0e7be49c704830e,2026-05-25,11277423.164
0xe7c1c5522eda5ae252b0574f7a642ae74f8af3a3,2026-05-25,9609982.313
0xe90312437def98daccd661e2756f260361d42da4,2026-05-25,79708.74
0xe9c4f09513a211d341c28c3c102106bf0979c60f,2026-05-25,143860.457
0xea5c69cf7d8b71cd4644d089649f946d9ec30b2a,2026-05-25,87253.74399999999
0xeb010bace7dbedb1a20d33f28de070367ccc8e46,2026-05-25,9151462.269000001
0xf007a22e23fa36e641cb3fc5c9d543476f9737ae,2026-05-25,10801411.612999998
0xf2127bcb896968cffd1d2e656c1b0cd5868eaf6d,2026-05-25,11461307.744
0xf32b50d6526d4741629461ce436bf7a79fb8e188,2026-05-25,11855332.134
0xf3f56bf1914c904b37fffcef5f13d6343438cf36,2026-05-25,10194816.642
0xf46b6d0c6dd31ac12f260732940f16b41ebd8737,2026-05-25,9687264.033
0xf9e019b835590f11e8b7279141fce5f07320a4c9,2026-05-25,11731255.015999999
0xfa040f8b4f5a81abe71591c14b304ab2db19d5cf,2026-05-25,10558000.316
0xfa41cd7c7f68200270349ea2e8d3e847d9314a78,2026-05-25,166208.524
0xfad5b1f2d7f59bde91dd7e2c0b170be6101ae97a,2026-05-25,10003583.762
0xfc5d6ef1ebdead2a79633dbbeb1392fafee264df,2026-05-25,10059223.254996002
0xfcddeea788a40bfd216af7097fbf386282fb6653,2026-05-25,9691443.118
0xff3de15715fe508970c31824ddb455cf61e2ed99,2026-05-25,9720737.467
0xd953c6c2c8220393667fc950daa29da2d031a7ec,2026-05-25,122.832
0x0ec5f85aa1985c1d4113eaf84aff31d9377f3708,2026-06-01,8410563.363
0x106f90adb6ec8eacd2dffbfb1ca937bf8dc16bac,2026-06-01,6410355.079894001
0x15b3176ee08c799b5eaad507127455b832596073,2026-06-01,6233876.023
0x16b8766e6b52bb0113213ad2d4987ec1e9b99e13,2026-06-01,8081129.323355
0x196c747e02635b3de6d3f67580ba62ed482fc864,2026-06-01,6827983.187994
0x1d1f3206e671fd2a67c943d93163e6bddfb4262f,2026-06-01,7480206.772
0x1e945453fcb562c562b72582d7254f58324b764a,2026-06-01,6967569.108997
0x20e8f154a877034dd0145b304d90b99bbd8d558d,2026-06-01,7673216.146996999
0x21ea7251a8368ce69c06b81f45f6ff3147feea36,2026-06-01,7241924.694545
0x23a51a2507f6db2efab5093c08e35e718925dca3,2026-06-01,6490357.4071349995
0x29bc885242f5c3c0bf1ff352598caf9bb503044d,2026-06-01,6902375.498000001
0x29dd54f3dd1491d1e2bc69944b5983e211f58aaf,2026-06-01,7159286.624985999
0x2a0a7cab60677aaa6706cc0f4ce76665dae69fa3,2026-06-01,8313722.576356
0x3e02ca4daf734bca12a033bfff07f2075ee103a8,2026-06-01,6760998.995997
0x4651f69873f1be6c94890d79e945b80ec9dd4fd3,2026-06-01,7507209.834
0x467cd02aaf670d67d92f6aaf2bbcf9c2ecc73ba9,2026-06-01,7334010.985
0x46ee7d5fb144f76aac5f9214528f30a91450c501,2026-06-01,7251841.375
0x4c7b7f67104195d35b5537348512fe1c1f15d85b,2026-06-01,6692235.7049940005
0x4eb14aed5077c93f720b98e9c512cdbe757ff3b3,2026-06-01,7723603.8780000005
0x578451b97342c6917b979fff91485cb42e7af9ec,2026-06-01,6889068.191986
0x578c31a7a005b03cdd8b23671dd58d5310fcc8c1,2026-06-01,7600225.142999999
0x58085d4b6662bbd2acdd99dffe3c78b8661422ec,2026-06-01,7041714.2499979995
0x5aa76047cafc5650dceac42089f3590538cc8550,2026-06-01,6939761.799997
0x5bf481a94e1fcadf9db3d73b97c4b799272115ce,2026-06-01,8066521.387461999
0x5d5df741182561e9e2e3e1a143082daacff3795a,2026-06-01,7412076.729
0x5dd1eb898cb24e00a0575d95afcb4f2d22410f9a,2026-06-01,7276469.875833
0x696ec0da3a4c332694d66c6941e4383646bfae3f,2026-06-01,7190965.083996999
0x6fc5910e7227e206cef2ed20737680becaa9d2bd,2026-06-01,6939462.45584
0x7116b11588a6e204b5ed94fd7c2c5020578dd83c,2026-06-01,7658007.715000001
0x7a9813714db9f2042cf7bdea4421c954d79243e6,2026-06-01,7603249.968
0x81801025871ee73ac195edd2ffb4b3353b765e00,2026-06-01,7636614.745035999
0x8d6dee7ecf3a4776bcd9dd895e8e23efde4816a4,2026-06-01,6348801.211269001
0x97acc627ca2d37320ff1b6daa8d024eccde95336,2026-06-01,5656302.088994999
0x9c44b10f39e6a07889ed3d821669565fb11409b3,2026-06-01,6736324.268992
0xbb6bd94a674260815f9af84cf392b19214b4e023,2026-06-01,7127226.252
0xc2752b98d8241473addccc6e80c3b2b40b5da901,2026-06-01,6241902.624997
0xc78c9c0ace0e8a3c84d906be1cde374ea9e45962,2026-06-01,5848025.676
0xcab263f601d7d58ebd4544c3701d2d5c2f7f477c,2026-06-01,7993799.147995001
0xcf186e0d509c32402f869bafb690286c75d9c2ae,2026-06-01,7026689.952973
0xcf7d452632551dc67b321a0bad2db0cd0ccf01db,2026-06-01,8115455.321362
0xd3abc6684aae3c47b44ecad5f8ce43ad578b861c,2026-06-01,7443599.756999999
0xd6c696526a2f64cfdf08341ee819bf127b9135a1,2026-06-01,6709838.817996999
0xd70ceccf2ef3462078984cac81336327707290af,2026-06-01,6976606.681446
0xd96155cc52ad7d3ff7a39c95fa515b965e358af8,2026-06-01,6074387.6653930005
0xddde391c2544b526c7481543e577dad6423edede,2026-06-01,6356520.178648
0xe2867815c595a0b889570f03f01f369b3406470f,2026-06-01,8234826.877997
0xe55c7154097f8832be1e3d83d0e7be49c704830e,2026-06-01,6605115.973997999
0xe7c1c5522eda5ae252b0574f7a642ae74f8af3a3,2026-06-01,7417024.365993001
0xeb010bace7dbedb1a20d33f28de070367ccc8e46,2026-06-01,6824832.523
0xf007a22e23fa36e641cb3fc5c9d543476f9737ae,2026-06-01,7520118.102
0xf2127bcb896968cffd1d2e656c1b0cd5868eaf6d,2026-06-01,7194583.623
0xf32b50d6526d4741629461ce436bf7a79fb8e188,2026-06-01,7647051.27
0xf3f56bf1914c904b37fffcef5f13d6343438cf36,2026-06-01,8285290.88164
0xf46b6d0c6dd31ac12f260732940f16b41ebd8737,2026-06-01,7162749.791999999
0xf9e019b835590f11e8b7279141fce5f07320a4c9,2026-06-01,6765680.9769979995
0xfa040f8b4f5a81abe71591c14b304ab2db19d5cf,2026-06-01,6431164.07
0xfad5b1f2d7f59bde91dd7e2c0b170be6101ae97a,2026-06-01,7820776.16
0xfc5d6ef1ebdead2a79633dbbeb1392fafee264df,2026-06-01,6527373.243000001
0xfcddeea788a40bfd216af7097fbf386282fb6653,2026-06-01,7154448.793
0xff3de15715fe508970c31824ddb455cf61e2ed99,2026-06-01,6578577.648626
0x03502e2b26a9c4f16d0da5f988c055282eb870e2,2026-06-01,582604.801997
0x04e9d1fc471f17037aa069976cfc6da1f11d1438,2026-06-01,621410.421
0x04e9d1fc471f17037aa069976cfc6da1f11d1438,2026-06-08,442302.86100000003
0x0791641813feda20d23f4d7dc6a00643a31880b0,2026-06-01,498976.93299999996
0x0791641813feda20d23f4d7dc6a00643a31880b0,2026-06-08,131896.905
0x0ec5f85aa1985c1d4113eaf84aff31d9377f3708,2026-06-08,2857080.557
0x106f90adb6ec8eacd2dffbfb1ca937bf8dc16bac,2026-06-08,2317464.944
0x15b3176ee08c799b5eaad507127455b832596073,2026-06-08,1838962.2559999998
0x16b8766e6b52bb0113213ad2d4987ec1e9b99e13,2026-06-08,2454021.633
0x191351eec6a09bdae423438edba0f4bf1d95207d,2026-06-01,576829.723
0x191351eec6a09bdae423438edba0f4bf1d95207d,2026-06-08,129439.394
0x196c747e02635b3de6d3f67580ba62ed482fc864,2026-06-08,2294016.294
0x1d1f3206e671fd2a67c943d93163e6bddfb4262f,2026-06-08,2318076.638
0x1e945453fcb562c562b72582d7254f58324b764a,2026-06-08,2047957.5699999998
0x20e8f154a877034dd0145b304d90b99bbd8d558d,2026-06-08,2653966.4168330003
0x21ea7251a8368ce69c06b81f45f6ff3147feea36,2026-06-08,2618704.749
0x23a51a2507f6db2efab5093c08e35e718925dca3,2026-06-08,2348862.079
0x24098eb6e196a8b94b42bd46fdcbf507af651df6,2026-06-01,522217.614
0x24098eb6e196a8b94b42bd46fdcbf507af651df6,2026-06-08,328478.952
0x2488df29756354c1a334e767325266bfe7b1ef22,2026-06-01,652780.192
0x2488df29756354c1a334e767325266bfe7b1ef22,2026-06-08,210701.408
0x29bc885242f5c3c0bf1ff352598caf9bb503044d,2026-06-08,1249963.706
0x29dd54f3dd1491d1e2bc69944b5983e211f58aaf,2026-06-08,2818288.5859999997
0x2a0a7cab60677aaa6706cc0f4ce76665dae69fa3,2026-06-08,2500043.1226
0x305512f530792f0815c1ff12d6dfed2901dd5273,2026-06-01,573297.779
0x305512f530792f0815c1ff12d6dfed2901dd5273,2026-06-08,269454.22900000005
0x3e02ca4daf734bca12a033bfff07f2075ee103a8,2026-06-08,2224416.881
0x44a55e4a7c8fac2d285224da96419ff31607bc03,2026-06-01,543488.542
0x44a55e4a7c8fac2d285224da96419ff31607bc03,2026-06-08,304899.194
0x4651f69873f1be6c94890d79e945b80ec9dd4fd3,2026-06-08,2539758.702
0x467cd02aaf670d67d92f6aaf2bbcf9c2ecc73ba9,2026-06-08,2824986.438996
0x46ee7d5fb144f76aac5f9214528f30a91450c501,2026-06-08,3072461.1649970002
0x4928a1640bb2b21272a0b713582e69e893a51fee,2026-06-01,787802.1399999999
0x4928a1640bb2b21272a0b713582e69e893a51fee,2026-06-08,358916.34500000003
0x4c57d4d6313fa0b4470679dbbf5eb3db63b3a916,2026-06-01,743633.019
0x4c57d4d6313fa0b4470679dbbf5eb3db63b3a916,2026-06-08,310610.459
0x4c7b7f67104195d35b5537348512fe1c1f15d85b,2026-06-08,2028745.999995
0x4eb14aed5077c93f720b98e9c512cdbe757ff3b3,2026-06-08,3185721.042
0x51ba3d50c5b80070de3419157fce0eb46afcfa69,2026-06-01,614029.946996
0x51ba3d50c5b80070de3419157fce0eb46afcfa69,2026-06-08,297536.308
0x51c8ad3fc12a10ebe225a0e66ea69288503ad739,2026-06-01,664755.1799979999
0x51c8ad3fc12a10ebe225a0e66ea69288503ad739,2026-06-08,336417.755
0x578451b97342c6917b979fff91485cb42e7af9ec,2026-06-08,2540735.467
0x578c31a7a005b03cdd8b23671dd58d5310fcc8c1,2026-06-08,1743616.529997
0x58085d4b6662bbd2acdd99dffe3c78b8661422ec,2026-06-08,2363431.3030000003
0x599870cc3752511dad8eca6980e861bcca53c768,2026-06-01,432699.25403199997
0x599870cc3752511dad8eca6980e861bcca53c768,2026-06-08,95818.08499999999
0x5aa76047cafc5650dceac42089f3590538cc8550,2026-06-08,2043177.439
0x5bf481a94e1fcadf9db3d73b97c4b799272115ce,2026-06-08,3173405.578
0x5d5df741182561e9e2e3e1a143082daacff3795a,2026-06-08,1572444.773
0x5dd1eb898cb24e00a0575d95afcb4f2d22410f9a,2026-06-08,2588338.227
0x696ec0da3a4c332694d66c6941e4383646bfae3f,2026-06-08,2111205.9959960002
0x6d4500900a402d39c3b954dbb01d2f41b363973f,2026-06-01,654135.732126
0x6d4500900a402d39c3b954dbb01d2f41b363973f,2026-06-08,354811.427
0x6fc5910e7227e206cef2ed20737680becaa9d2bd,2026-06-08,1906484.6279999998
0x7116b11588a6e204b5ed94fd7c2c5020578dd83c,2026-06-08,2794888.943997
0x77035c0745c7d90ce232ca731b3261d94b70f427,2026-06-01,847741.027
0x77035c0745c7d90ce232ca731b3261d94b70f427,2026-06-08,245339.74800000002
0x78da84f0d52ea2f80dc122b881be29542680a629,2026-06-01,594267.224
0x78da84f0d52ea2f80dc122b881be29542680a629,2026-06-08,263211.652
0x7a9813714db9f2042cf7bdea4421c954d79243e6,2026-06-08,2178455.395
0x81801025871ee73ac195edd2ffb4b3353b765e00,2026-06-08,2763790.391
0x8d6dee7ecf3a4776bcd9dd895e8e23efde4816a4,2026-06-08,2150399.9516120004
0x93a0a3600e0bfb1bf482d9a43e002c1206c3435d,2026-06-01,652265.2230430001
0x93a0a3600e0bfb1bf482d9a43e002c1206c3435d,2026-06-08,274353.55100000004
0x97acc627ca2d37320ff1b6daa8d024eccde95336,2026-06-08,2402627.802
0x9c44b10f39e6a07889ed3d821669565fb11409b3,2026-06-08,2392088.947
0x9f997f7c146fbc311aa5c1d0fd01b19b814277a5,2026-06-01,673257.511784
0x9f997f7c146fbc311aa5c1d0fd01b19b814277a5,2026-06-08,410018.13300000003
0xa38510261297a9a3d519d36c6566dae7065c4ff4,2026-06-01,401198.885
0xa38510261297a9a3d519d36c6566dae7065c4ff4,2026-06-08,246988.603
0xa6ca7bae9aa52bc783c11cfbabb241e3bc361947,2026-06-01,581883.8008290001
0xa6ca7bae9aa52bc783c11cfbabb241e3bc361947,2026-06-08,345922.94
0xb5b66a7af26744f0431a37eb7772a6f50f174e0e,2026-06-01,554574.666
0xb5b66a7af26744f0431a37eb7772a6f50f174e0e,2026-06-08,248034.902
0xbb6bd94a674260815f9af84cf392b19214b4e023,2026-06-08,1459896.5440000002
0xbb7e70cf7874379fc4f91ceb2bd3160b98c5da16,2026-06-01,275111.594
0xbb7e70cf7874379fc4f91ceb2bd3160b98c5da16,2026-06-08,139097.491
0xbc3fa7e33842a9804c08a52da7e395e6f95378f0,2026-06-01,696308.223
0xbc3fa7e33842a9804c08a52da7e395e6f95378f0,2026-06-08,108448.78700000001
0xc1c3b7a1836fad06430e1edf9f881151b480080c,2026-06-01,5444.794
0xc2752b98d8241473addccc6e80c3b2b40b5da901,2026-06-08,2350029.334
0xc4926ab62d78f3a668bb4fd29ca04c06f8cd9f90,2026-06-01,605569.481
0xc4926ab62d78f3a668bb4fd29ca04c06f8cd9f90,2026-06-08,270597.314
0xc70b8ea6483ad00d24b48f96ae157b096becfe7d,2026-06-01,461871.37875400006
0xc70b8ea6483ad00d24b48f96ae157b096becfe7d,2026-06-08,220342.68
0xc78c9c0ace0e8a3c84d906be1cde374ea9e45962,2026-06-08,3023157.0834530005
0xcab263f601d7d58ebd4544c3701d2d5c2f7f477c,2026-06-08,2687058.7939999998
0xcf186e0d509c32402f869bafb690286c75d9c2ae,2026-06-08,2283200.4117
0xcf7d452632551dc67b321a0bad2db0cd0ccf01db,2026-06-08,2434953.057995
0xd3abc6684aae3c47b44ecad5f8ce43ad578b861c,2026-06-08,2003319.3280000002
0xd6c696526a2f64cfdf08341ee819bf127b9135a1,2026-06-08,2681812.992
0xd70ceccf2ef3462078984cac81336327707290af,2026-06-08,2663087.845
0xd96155cc52ad7d3ff7a39c95fa515b965e358af8,2026-06-08,2868672.05
0xddde391c2544b526c7481543e577dad6423edede,2026-06-08,2825896.844
0xe2867815c595a0b889570f03f01f369b3406470f,2026-06-08,1481604.4770000002
0xe55c7154097f8832be1e3d83d0e7be49c704830e,2026-06-08,2344832.903
0xe7c1c5522eda5ae252b0574f7a642ae74f8af3a3,2026-06-08,3182494.984285
0xe90312437def98daccd661e2756f260361d42da4,2026-06-01,430802.907
0xe90312437def98daccd661e2756f260361d42da4,2026-06-08,247459.647
0xe9c4f09513a211d341c28c3c102106bf0979c60f,2026-06-01,634224.468
0xe9c4f09513a211d341c28c3c102106bf0979c60f,2026-06-08,220652.462
0xea5c69cf7d8b71cd4644d089649f946d9ec30b2a,2026-06-01,684380.673
0xea5c69cf7d8b71cd4644d089649f946d9ec30b2a,2026-06-08,268460.995
0xeb010bace7dbedb1a20d33f28de070367ccc8e46,2026-06-08,1195229.704
0xf007a22e23fa36e641cb3fc5c9d543476f9737ae,2026-06-08,2153422.418
0xf2127bcb896968cffd1d2e656c1b0cd5868eaf6d,2026-06-08,2048229.0359969998
0xf32b50d6526d4741629461ce436bf7a79fb8e188,2026-06-08,1875702.9880000001
0xf3f56bf1914c904b37fffcef5f13d6343438cf36,2026-06-08,2048158.553
0xf46b6d0c6dd31ac12f260732940f16b41ebd8737,2026-06-08,2117199.136
0xf9e019b835590f11e8b7279141fce5f07320a4c9,2026-06-08,2120728.109
0xfa040f8b4f5a81abe71591c14b304ab2db19d5cf,2026-06-08,1522866.336
0xfad5b1f2d7f59bde91dd7e2c0b170be6101ae97a,2026-06-08,2635508.3540000003
0xfc5d6ef1ebdead2a79633dbbeb1392fafee264df,2026-06-08,1763356.0729969998
0xfcddeea788a40bfd216af7097fbf386282fb6653,2026-06-08,1551649.253
0xff3de15715fe508970c31824ddb455cf61e2ed99,2026-06-08,2405132.975
0x03502e2b26a9c4f16d0da5f988c055282eb870e2,2026-06-08,7487.936000000001
0x04e9d1fc471f17037aa069976cfc6da1f11d1438,2026-06-15,2623.085
0x0ec5f85aa1985c1d4113eaf84aff31d9377f3708,2026-06-15,2239569.694
0x106f90adb6ec8eacd2dffbfb1ca937bf8dc16bac,2026-06-15,2197453.38
0x15b3176ee08c799b5eaad507127455b832596073,2026-06-15,2198194.154
0x16b8766e6b52bb0113213ad2d4987ec1e9b99e13,2026-06-15,2247718.995
0x196c747e02635b3de6d3f67580ba62ed482fc864,2026-06-15,2433157.34
0x1d1f3206e671fd2a67c943d93163e6bddfb4262f,2026-06-15,2415916.04
0x1e945453fcb562c562b72582d7254f58324b764a,2026-06-15,2061610.445997
0x20e8f154a877034dd0145b304d90b99bbd8d558d,2026-06-15,1730225.989
0x21ea7251a8368ce69c06b81f45f6ff3147feea36,2026-06-15,2572956.275998
0x23a51a2507f6db2efab5093c08e35e718925dca3,2026-06-15,2498821.634
0x24098eb6e196a8b94b42bd46fdcbf507af651df6,2026-06-15,6385.749
0x29bc885242f5c3c0bf1ff352598caf9bb503044d,2026-06-15,2466595.882098
0x29dd54f3dd1491d1e2bc69944b5983e211f58aaf,2026-06-15,1958718.9239979999
0x2a0a7cab60677aaa6706cc0f4ce76665dae69fa3,2026-06-15,2052020.3260000001
0x3e02ca4daf734bca12a033bfff07f2075ee103a8,2026-06-15,1662741.885449
0x44a55e4a7c8fac2d285224da96419ff31607bc03,2026-06-15,6385.749
0x4651f69873f1be6c94890d79e945b80ec9dd4fd3,2026-06-15,1829466.3793400002
0x467cd02aaf670d67d92f6aaf2bbcf9c2ecc73ba9,2026-06-15,1857846.306997
0x46ee7d5fb144f76aac5f9214528f30a91450c501,2026-06-15,2275549.153
0x4c7b7f67104195d35b5537348512fe1c1f15d85b,2026-06-15,2528663.062643
0x4eb14aed5077c93f720b98e9c512cdbe757ff3b3,2026-06-15,2319683.589
0x578451b97342c6917b979fff91485cb42e7af9ec,2026-06-15,1457933.674
0x578c31a7a005b03cdd8b23671dd58d5310fcc8c1,2026-06-15,2047232.19
0x58085d4b6662bbd2acdd99dffe3c78b8661422ec,2026-06-15,1699099.0489999999
0x5aa76047cafc5650dceac42089f3590538cc8550,2026-06-15,2047676.0519970001
0x5bf481a94e1fcadf9db3d73b97c4b799272115ce,2026-06-15,2239783.452
0x5d5df741182561e9e2e3e1a143082daacff3795a,2026-06-15,2073123.119
0x5dd1eb898cb24e00a0575d95afcb4f2d22410f9a,2026-06-15,1887762.822
0x696ec0da3a4c332694d66c6941e4383646bfae3f,2026-06-15,1789561.843997
0x6fc5910e7227e206cef2ed20737680becaa9d2bd,2026-06-15,2187196.6879620003
0x7116b11588a6e204b5ed94fd7c2c5020578dd83c,2026-06-15,2417534.3400000003
0x7a9813714db9f2042cf7bdea4421c954d79243e6,2026-06-15,2938659.777
0x81801025871ee73ac195edd2ffb4b3353b765e00,2026-06-15,2620964.841
0x8d6dee7ecf3a4776bcd9dd895e8e23efde4816a4,2026-06-15,2343170.024786
0x93a0a3600e0bfb1bf482d9a43e002c1206c3435d,2026-06-15,2635.085
0x97acc627ca2d37320ff1b6daa8d024eccde95336,2026-06-15,1847355.236663
0x9c44b10f39e6a07889ed3d821669565fb11409b3,2026-06-15,1489085.211
0xbb6bd94a674260815f9af84cf392b19214b4e023,2026-06-15,2126202.586997
0xc2752b98d8241473addccc6e80c3b2b40b5da901,2026-06-15,2387644.7090000003
0xc78c9c0ace0e8a3c84d906be1cde374ea9e45962,2026-06-15,2484185.452997
0xcab263f601d7d58ebd4544c3701d2d5c2f7f477c,2026-06-15,2269972.977993
0xcf186e0d509c32402f869bafb690286c75d9c2ae,2026-06-15,1980524.7619999999
0xcf7d452632551dc67b321a0bad2db0cd0ccf01db,2026-06-15,2168526.8929999997
0xd3abc6684aae3c47b44ecad5f8ce43ad578b861c,2026-06-15,2028578.3169979998
0xd6c696526a2f64cfdf08341ee819bf127b9135a1,2026-06-15,1942200.455
0xd70ceccf2ef3462078984cac81336327707290af,2026-06-15,2591345.6080000005
0xd96155cc52ad7d3ff7a39c95fa515b965e358af8,2026-06-15,2223787.3379
0xddde391c2544b526c7481543e577dad6423edede,2026-06-15,1739607.9440000001
0xe2867815c595a0b889570f03f01f369b3406470f,2026-06-15,2498820.187
0xe55c7154097f8832be1e3d83d0e7be49c704830e,2026-06-15,2481587.03
0xe7c1c5522eda5ae252b0574f7a642ae74f8af3a3,2026-06-15,2493024.525996
0xeb010bace7dbedb1a20d33f28de070367ccc8e46,2026-06-15,1835583.599
0xf007a22e23fa36e641cb3fc5c9d543476f9737ae,2026-06-15,2121294.5069950004
0xf2127bcb896968cffd1d2e656c1b0cd5868eaf6d,2026-06-15,1814316.1630000002
0xf32b50d6526d4741629461ce436bf7a79fb8e188,2026-06-15,2122335.975997
0xf3f56bf1914c904b37fffcef5f13d6343438cf36,2026-06-15,1764796.138
0xf46b6d0c6dd31ac12f260732940f16b41ebd8737,2026-06-15,1992048.564307
0xf9e019b835590f11e8b7279141fce5f07320a4c9,2026-06-15,2246489.138351
0xfa040f8b4f5a81abe71591c14b304ab2db19d5cf,2026-06-15,1588064.640997
0xfad5b1f2d7f59bde91dd7e2c0b170be6101ae97a,2026-06-15,2655952.432
0xfc5d6ef1ebdead2a79633dbbeb1392fafee264df,2026-06-15,1716175.282
0xfcddeea788a40bfd216af7097fbf386282fb6653,2026-06-15,2120109.337994
0xff3de15715fe508970c31824ddb455cf61e2ed99,2026-06-15,2306197.758
0x4928a1640bb2b21272a0b713582e69e893a51fee,2026-06-15,12.0
0x03502e2b26a9c4f16d0da5f988c055282eb870e2,2026-07-06,3617.697
0x04e9d1fc471f17037aa069976cfc6da1f11d1438,2026-07-06,148952.705996
0x0791641813feda20d23f4d7dc6a00643a31880b0,2026-07-06,124654.11388799999
0x0ec5f85aa1985c1d4113eaf84aff31d9377f3708,2026-06-22,2024689.522993
0x0ec5f85aa1985c1d4113eaf84aff31d9377f3708,2026-06-29,1331419.773
0x0ec5f85aa1985c1d4113eaf84aff31d9377f3708,2026-07-06,942378.455
0x106f90adb6ec8eacd2dffbfb1ca937bf8dc16bac,2026-06-22,1904393.4852
0x106f90adb6ec8eacd2dffbfb1ca937bf8dc16bac,2026-06-29,1217908.558
0x15b3176ee08c799b5eaad507127455b832596073,2026-06-22,1144779.466308
0x15b3176ee08c799b5eaad507127455b832596073,2026-06-29,1403398.727
0x15b3176ee08c799b5eaad507127455b832596073,2026-07-06,885395.0659970001
0x16b8766e6b52bb0113213ad2d4987ec1e9b99e13,2026-06-22,1659229.387
0x16b8766e6b52bb0113213ad2d4987ec1e9b99e13,2026-06-29,1514788.976
0x16b8766e6b52bb0113213ad2d4987ec1e9b99e13,2026-07-06,1711390.681
0x191351eec6a09bdae423438edba0f4bf1d95207d,2026-07-06,52334.43
0x196c747e02635b3de6d3f67580ba62ed482fc864,2026-06-22,1072917.497
0x196c747e02635b3de6d3f67580ba62ed482fc864,2026-06-29,1264246.438
0x196c747e02635b3de6d3f67580ba62ed482fc864,2026-07-06,867849.5550000002
0x1d1f3206e671fd2a67c943d93163e6bddfb4262f,2026-06-22,1159314.222
0x1d1f3206e671fd2a67c943d93163e6bddfb4262f,2026-06-29,2072090.322
0x1d1f3206e671fd2a67c943d93163e6bddfb4262f,2026-07-06,874903.087
0x1e945453fcb562c562b72582d7254f58324b764a,2026-06-22,928489.259
0x1e945453fcb562c562b72582d7254f58324b764a,2026-06-29,1642716.899
0x1e945453fcb562c562b72582d7254f58324b764a,2026-07-06,737544.157
0x20e8f154a877034dd0145b304d90b99bbd8d558d,2026-06-22,1103025.946024
0x20e8f154a877034dd0145b304d90b99bbd8d558d,2026-06-29,1536653.1949999998
0x20e8f154a877034dd0145b304d90b99bbd8d558d,2026-07-06,815865.983
0x21ea7251a8368ce69c06b81f45f6ff3147feea36,2026-06-22,1975144.119
0x21ea7251a8368ce69c06b81f45f6ff3147feea36,2026-06-29,1621002.2110000001
0x21ea7251a8368ce69c06b81f45f6ff3147feea36,2026-07-06,462305.365
0x23a51a2507f6db2efab5093c08e35e718925dca3,2026-06-22,1694059.2629999998
0x23a51a2507f6db2efab5093c08e35e718925dca3,2026-06-29,2316408.307
0x23a51a2507f6db2efab5093c08e35e718925dca3,2026-07-06,426487.83800000005
0x24098eb6e196a8b94b42bd46fdcbf507af651df6,2026-07-06,269587.65799599997
0x2488df29756354c1a334e767325266bfe7b1ef22,2026-07-06,208257.246369
0x29bc885242f5c3c0bf1ff352598caf9bb503044d,2026-06-22,1548943.999
0x29bc885242f5c3c0bf1ff352598caf9bb503044d,2026-06-29,1876374.1970000002
0x29bc885242f5c3c0bf1ff352598caf9bb503044d,2026-07-06,652856.645
0x29dd54f3dd1491d1e2bc69944b5983e211f58aaf,2026-06-22,1301547.14066
0x29dd54f3dd1491d1e2bc69944b5983e211f58aaf,2026-06-29,1537170.851
0x29dd54f3dd1491d1e2bc69944b5983e211f58aaf,2026-07-06,630810.252
0x2a0a7cab60677aaa6706cc0f4ce76665dae69fa3,2026-06-22,1014392.419
0x2a0a7cab60677aaa6706cc0f4ce76665dae69fa3,2026-06-29,1673789.778
0x2a0a7cab60677aaa6706cc0f4ce76665dae69fa3,2026-07-06,600123.048
0x305512f530792f0815c1ff12d6dfed2901dd5273,2026-07-06,338207.062991
0x3e02ca4daf734bca12a033bfff07f2075ee103a8,2026-06-22,1166472.1749999998
0x3e02ca4daf734bca12a033bfff07f2075ee103a8,2026-06-29,877437.366996
0x3e02ca4daf734bca12a033bfff07f2075ee103a8,2026-07-06,1064909.8
0x44a55e4a7c8fac2d285224da96419ff31607bc03,2026-07-06,232601.18381
0x4651f69873f1be6c94890d79e945b80ec9dd4fd3,2026-06-22,3038593.9590000003
0x4651f69873f1be6c94890d79e945b80ec9dd4fd3,2026-06-29,1791254.846
0x4651f69873f1be6c94890d79e945b80ec9dd4fd3,2026-07-06,798441.4870000001
0x467cd02aaf670d67d92f6aaf2bbcf9c2ecc73ba9,2026-06-22,1726989.808635
0x467cd02aaf670d67d92f6aaf2bbcf9c2ecc73ba9,2026-06-29,1879911.7179999999
0x467cd02aaf670d67d92f6aaf2bbcf9c2ecc73ba9,2026-07-06,1347838.603047
0x46ee7d5fb144f76aac5f9214528f30a91450c501,2026-06-22,1530882.037187
0x46ee7d5fb144f76aac5f9214528f30a91450c501,2026-06-29,1467415.584
0x46ee7d5fb144f76aac5f9214528f30a91450c501,2026-07-06,738161.638
0x4928a1640bb2b21272a0b713582e69e893a51fee,2026-07-06,334197.066
0x4c57d4d6313fa0b4470679dbbf5eb3db63b3a916,2026-07-06,213740.864
0x4c7b7f67104195d35b5537348512fe1c1f15d85b,2026-06-22,2079830.15
0x4c7b7f67104195d35b5537348512fe1c1f15d85b,2026-06-29,1577298.722
0x4c7b7f67104195d35b5537348512fe1c1f15d85b,2026-07-06,712127.909
0x4eb14aed5077c93f720b98e9c512cdbe757ff3b3,2026-06-22,1808128.376568
0x4eb14aed5077c93f720b98e9c512cdbe757ff3b3,2026-06-29,1491218.926
0x4eb14aed5077c93f720b98e9c512cdbe757ff3b3,2026-07-06,793997.1140000001
0x51ba3d50c5b80070de3419157fce0eb46afcfa69,2026-07-06,263796.14099999995
0x51c8ad3fc12a10ebe225a0e66ea69288503ad739,2026-07-06,280253.213
0x578451b97342c6917b979fff91485cb42e7af9ec,2026-06-22,1410170.05
0x578451b97342c6917b979fff91485cb42e7af9ec,2026-06-29,812744.676
0x578451b97342c6917b979fff91485cb42e7af9ec,2026-07-06,795612.793098
0x578c31a7a005b03cdd8b23671dd58d5310fcc8c1,2026-06-22,1404801.876026
0x578c31a7a005b03cdd8b23671dd58d5310fcc8c1,2026-06-29,1454541.065
0x578c31a7a005b03cdd8b23671dd58d5310fcc8c1,2026-07-06,642482.016
0x58085d4b6662bbd2acdd99dffe3c78b8661422ec,2026-06-22,807258.0719999999
0x58085d4b6662bbd2acdd99dffe3c78b8661422ec,2026-06-29,1764274.2859999998
0x58085d4b6662bbd2acdd99dffe3c78b8661422ec,2026-07-06,1501487.744
0x599870cc3752511dad8eca6980e861bcca53c768,2026-07-06,181354.554
0x5aa76047cafc5650dceac42089f3590538cc8550,2026-06-22,1151125.034
0x5aa76047cafc5650dceac42089f3590538cc8550,2026-06-29,1322681.278
0x5aa76047cafc5650dceac42089f3590538cc8550,2026-07-06,679114.577
0x5bf481a94e1fcadf9db3d73b97c4b799272115ce,2026-06-22,1270707.15
0x5bf481a94e1fcadf9db3d73b97c4b799272115ce,2026-06-29,2442780.912
0x5bf481a94e1fcadf9db3d73b97c4b799272115ce,2026-07-06,967681.433885
0x5d5df741182561e9e2e3e1a143082daacff3795a,2026-06-22,1187366.1234
0x5d5df741182561e9e2e3e1a143082daacff3795a,2026-06-29,1898985.0929999999
0x5d5df741182561e9e2e3e1a143082daacff3795a,2026-07-06,1372955.030998
0x5dd1eb898cb24e00a0575d95afcb4f2d22410f9a,2026-06-22,1528620.037
0x5dd1eb898cb24e00a0575d95afcb4f2d22410f9a,2026-06-29,1309916.0019999999
0x5dd1eb898cb24e00a0575d95afcb4f2d22410f9a,2026-07-06,180799.486
0x696ec0da3a4c332694d66c6941e4383646bfae3f,2026-06-22,593928.131
0x696ec0da3a4c332694d66c6941e4383646bfae3f,2026-06-29,1634761.310997
0x696ec0da3a4c332694d66c6941e4383646bfae3f,2026-07-06,620171.689
0x6d4500900a402d39c3b954dbb01d2f41b363973f,2026-07-06,220798.916
0x6fc5910e7227e206cef2ed20737680becaa9d2bd,2026-06-22,2027197.634
0x6fc5910e7227e206cef2ed20737680becaa9d2bd,2026-06-29,1497917.372
0x6fc5910e7227e206cef2ed20737680becaa9d2bd,2026-07-06,820726.6059969999
0x7116b11588a6e204b5ed94fd7c2c5020578dd83c,2026-06-22,1318741.147416
0x7116b11588a6e204b5ed94fd7c2c5020578dd83c,2026-06-29,1875181.779
0x7116b11588a6e204b5ed94fd7c2c5020578dd83c,2026-07-06,937232.229
0x77035c0745c7d90ce232ca731b3261d94b70f427,2026-07-06,227599.026
0x78da84f0d52ea2f80dc122b881be29542680a629,2026-07-06,236800.339
0x7a9813714db9f2042cf7bdea4421c954d79243e6,2026-06-22,1419004.923798
0x7a9813714db9f2042cf7bdea4421c954d79243e6,2026-06-29,1849187.1430000002
0x7a9813714db9f2042cf7bdea4421c954d79243e6,2026-07-06,1089222.2910099998
0x81801025871ee73ac195edd2ffb4b3353b765e00,2026-06-22,1843282.674
0x81801025871ee73ac195edd2ffb4b3353b765e00,2026-06-29,1802022.815
0x81801025871ee73ac195edd2ffb4b3353b765e00,2026-07-06,1124195.972
0x8d6dee7ecf3a4776bcd9dd895e8e23efde4816a4,2026-06-22,1305733.007
0x8d6dee7ecf3a4776bcd9dd895e8e23efde4816a4,2026-06-29,1659763.871708
0x8d6dee7ecf3a4776bcd9dd895e8e23efde4816a4,2026-07-06,517424.21400000004
0x93a0a3600e0bfb1bf482d9a43e002c1206c3435d,2026-07-06,284515.637096
0x97acc627ca2d37320ff1b6daa8d024eccde95336,2026-06-22,2124259.349146
0x97acc627ca2d37320ff1b6daa8d024eccde95336,2026-06-29,1585801.74511
0x97acc627ca2d37320ff1b6daa8d024eccde95336,2026-07-06,571060.518
0x9c44b10f39e6a07889ed3d821669565fb11409b3,2026-06-22,1460366.2280000001
0x9c44b10f39e6a07889ed3d821669565fb11409b3,2026-06-29,1717907.987
0x9c44b10f39e6a07889ed3d821669565fb11409b3,2026-07-06,1039433.3530000001
0x9f997f7c146fbc311aa5c1d0fd01b19b814277a5,2026-07-06,217822.384
0xa38510261297a9a3d519d36c6566dae7065c4ff4,2026-07-06,273649.820934
0xa6ca7bae9aa52bc783c11cfbabb241e3bc361947,2026-07-06,203734.93699999998
0xb5b66a7af26744f0431a37eb7772a6f50f174e0e,2026-07-06,168558.59300000002
0xbb6bd94a674260815f9af84cf392b19214b4e023,2026-06-22,574206.061
0xbb6bd94a674260815f9af84cf392b19214b4e023,2026-06-29,1794959.043
0xbb6bd94a674260815f9af84cf392b19214b4e023,2026-07-06,1202269.992
0xbb7e70cf7874379fc4f91ceb2bd3160b98c5da16,2026-07-06,136218.23116099997
0xbc3fa7e33842a9804c08a52da7e395e6f95378f0,2026-07-06,118636.96800000001
0xc2752b98d8241473addccc6e80c3b2b40b5da901,2026-06-22,1563116.7739880001
0xc2752b98d8241473addccc6e80c3b2b40b5da901,2026-06-29,1549197.368
0xc2752b98d8241473addccc6e80c3b2b40b5da901,2026-07-06,837053.163
0xc4926ab62d78f3a668bb4fd29ca04c06f8cd9f90,2026-07-06,245116.231
0xc70b8ea6483ad00d24b48f96ae157b096becfe7d,2026-07-06,34315.373999999996
0xc78c9c0ace0e8a3c84d906be1cde374ea9e45962,2026-06-22,1100059.575106
0xc78c9c0ace0e8a3c84d906be1cde374ea9e45962,2026-06-29,1868994.793
0xc78c9c0ace0e8a3c84d906be1cde374ea9e45962,2026-07-06,1296827.407998
0xcab263f601d7d58ebd4544c3701d2d5c2f7f477c,2026-06-22,1309201.9026970002
0xcab263f601d7d58ebd4544c3701d2d5c2f7f477c,2026-06-29,1241356.885
0xcab263f601d7d58ebd4544c3701d2d5c2f7f477c,2026-07-06,937616.364997
0xcf186e0d509c32402f869bafb690286c75d9c2ae,2026-06-22,794779.996
0xcf186e0d509c32402f869bafb690286c75d9c2ae,2026-06-29,1464240.3059999999
0xcf186e0d509c32402f869bafb690286c75d9c2ae,2026-07-06,592948.853
0xcf7d452632551dc67b321a0bad2db0cd0ccf01db,2026-06-22,1742249.6433120002
0xcf7d452632551dc67b321a0bad2db0cd0ccf01db,2026-06-29,1639803.6847
0xcf7d452632551dc67b321a0bad2db0cd0ccf01db,2026-07-06,590191.616
0xd3abc6684aae3c47b44ecad5f8ce43ad578b861c,2026-06-22,1159623.923
0xd3abc6684aae3c47b44ecad5f8ce43ad578b861c,2026-06-29,2144166.2939999998
0xd3abc6684aae3c47b44ecad5f8ce43ad578b861c,2026-07-06,347578.227
0xd6c696526a2f64cfdf08341ee819bf127b9135a1,2026-06-22,1596268.79
0xd6c696526a2f64cfdf08341ee819bf127b9135a1,2026-06-29,1781935.8589970001
0xd6c696526a2f64cfdf08341ee819bf127b9135a1,2026-07-06,810440.9079999999
0xd70ceccf2ef3462078984cac81336327707290af,2026-06-22,858919.664997
0xd70ceccf2ef3462078984cac81336327707290af,2026-06-29,2427297.3600000003
0xd70ceccf2ef3462078984cac81336327707290af,2026-07-06,661568.1
0xd96155cc52ad7d3ff7a39c95fa515b965e358af8,2026-06-22,1783082.809452
0xd96155cc52ad7d3ff7a39c95fa515b965e358af8,2026-06-29,2057720.8235479998
0xd96155cc52ad7d3ff7a39c95fa515b965e358af8,2026-07-06,1125491.35
0xddde391c2544b526c7481543e577dad6423edede,2026-06-22,884348.492233
0xddde391c2544b526c7481543e577dad6423edede,2026-06-29,1970350.464
0xddde391c2544b526c7481543e577dad6423edede,2026-07-06,393924.204997
0xe2867815c595a0b889570f03f01f369b3406470f,2026-06-22,1512028.574
0xe2867815c595a0b889570f03f01f369b3406470f,2026-06-29,1708610.834
0xe2867815c595a0b889570f03f01f369b3406470f,2026-07-06,1264955.123
0xe55c7154097f8832be1e3d83d0e7be49c704830e,2026-06-22,496907.805899
0xe55c7154097f8832be1e3d83d0e7be49c704830e,2026-06-29,967056.035
0xe55c7154097f8832be1e3d83d0e7be49c704830e,2026-07-06,411651.091427
0xe7c1c5522eda5ae252b0574f7a642ae74f8af3a3,2026-06-22,1232859.9621970002
0xe7c1c5522eda5ae252b0574f7a642ae74f8af3a3,2026-06-29,1771530.532998
0xe7c1c5522eda5ae252b0574f7a642ae74f8af3a3,2026-07-06,1036461.6094
0xe90312437def98daccd661e2756f260361d42da4,2026-07-06,201401.31499999997
0xe9c4f09513a211d341c28c3c102106bf0979c60f,2026-07-06,243801.00900000002
0xea5c69cf7d8b71cd4644d089649f946d9ec30b2a,2026-07-06,244462.740817
0xeb010bace7dbedb1a20d33f28de070367ccc8e46,2026-06-22,1262186.812
0xeb010bace7dbedb1a20d33f28de070367ccc8e46,2026-06-29,1629566.682
0xeb010bace7dbedb1a20d33f28de070367ccc8e46,2026-07-06,1119291.296
0xf007a22e23fa36e641cb3fc5c9d543476f9737ae,2026-06-22,964664.0423270001
0xf007a22e23fa36e641cb3fc5c9d543476f9737ae,2026-06-29,1829849.2179999999
0xf007a22e23fa36e641cb3fc5c9d543476f9737ae,2026-07-06,770994.909588
0xf2127bcb896968cffd1d2e656c1b0cd5868eaf6d,2026-06-22,718228.28
0xf2127bcb896968cffd1d2e656c1b0cd5868eaf6d,2026-06-29,1961973.531
0xf2127bcb896968cffd1d2e656c1b0cd5868eaf6d,2026-07-06,456240.80700000003
0xf32b50d6526d4741629461ce436bf7a79fb8e188,2026-06-22,1935918.379
0xf32b50d6526d4741629461ce436bf7a79fb8e188,2026-06-29,1751047.3709999998
0xf32b50d6526d4741629461ce436bf7a79fb8e188,2026-07-06,457101.811
0xf3f56bf1914c904b37fffcef5f13d6343438cf36,2026-06-22,2061765.3059999999
0xf3f56bf1914c904b37fffcef5f13d6343438cf36,2026-06-29,1852594.5070000002
0xf3f56bf1914c904b37fffcef5f13d6343438cf36,2026-07-06,984889.622997
0xf46b6d0c6dd31ac12f260732940f16b41ebd8737,2026-06-22,890276.298
0xf46b6d0c6dd31ac12f260732940f16b41ebd8737,2026-06-29,626600.143
0xf9e019b835590f11e8b7279141fce5f07320a4c9,2026-06-22,1273318.899257
0xf9e019b835590f11e8b7279141fce5f07320a4c9,2026-06-29,1197447.291
0xf9e019b835590f11e8b7279141fce5f07320a4c9,2026-07-06,902980.084
0xfa040f8b4f5a81abe71591c14b304ab2db19d5cf,2026-06-22,1540950.608
0xfa040f8b4f5a81abe71591c14b304ab2db19d5cf,2026-06-29,1802329.708997
0xfa040f8b4f5a81abe71591c14b304ab2db19d5cf,2026-07-06,933018.284
0xfad5b1f2d7f59bde91dd7e2c0b170be6101ae97a,2026-06-22,1549433.646
0xfad5b1f2d7f59bde91dd7e2c0b170be6101ae97a,2026-06-29,1436301.037
0xfc5d6ef1ebdead2a79633dbbeb1392fafee264df,2026-06-22,1785511.095
0xfc5d6ef1ebdead2a79633dbbeb1392fafee264df,2026-06-29,1616749.170998
0xfc5d6ef1ebdead2a79633dbbeb1392fafee264df,2026-07-06,832695.588
0xfcddeea788a40bfd216af7097fbf386282fb6653,2026-06-22,1147912.308
0xfcddeea788a40bfd216af7097fbf386282fb6653,2026-06-29,1483527.125
0xfcddeea788a40bfd216af7097fbf386282fb6653,2026-07-06,1069291.542
0xff3de15715fe508970c31824ddb455cf61e2ed99,2026-06-22,1283295.3730000001
0xff3de15715fe508970c31824ddb455cf61e2ed99,2026-06-29,1961084.807
0xff3de15715fe508970c31824ddb455cf61e2ed99,2026-07-06,1197620.196
0x00b6704b6f1341d9b74d1481ceeddc7a45b2f999,2026-07-13,302015.589
0x00b6704b6f1341d9b74d1481ceeddc7a45b2f999,2026-07-20,237966.050998
0x0151b900b8c27b02cbe4e85f325db56e81ba86e0,2026-07-13,505087.649
0x0151b900b8c27b02cbe4e85f325db56e81ba86e0,2026-07-20,169054.508
0x04e9d1fc471f17037aa069976cfc6da1f11d1438,2026-07-13,96567.712
0x04e9d1fc471f17037aa069976cfc6da1f11d1438,2026-07-20,139282.918
0x0791641813feda20d23f4d7dc6a00643a31880b0,2026-07-13,92096.35399999999
0x0791641813feda20d23f4d7dc6a00643a31880b0,2026-07-20,99436.028
0x08e3f66278cb41267bc27c5c5233352fdb071146,2026-07-13,276751.261
0x08e3f66278cb41267bc27c5c5233352fdb071146,2026-07-20,328069.10099999997
0x08f5169f7e20bc92064666d63f0d18f03c945c5b,2026-07-13,364859.435
0x08f5169f7e20bc92064666d63f0d18f03c945c5b,2026-07-20,252290.718
0x0ec5f85aa1985c1d4113eaf84aff31d9377f3708,2026-07-13,771145.199
0x0ec5f85aa1985c1d4113eaf84aff31d9377f3708,2026-07-20,1178339.169
0x106f90adb6ec8eacd2dffbfb1ca937bf8dc16bac,2026-07-06,580947.255997
0x106f90adb6ec8eacd2dffbfb1ca937bf8dc16bac,2026-07-13,529414.5920000001
0x106f90adb6ec8eacd2dffbfb1ca937bf8dc16bac,2026-07-20,1203394.9189940002
0x122868469f5bbcf6d9b90758867aaa2157c62546,2026-07-13,424654.079662
0x122868469f5bbcf6d9b90758867aaa2157c62546,2026-07-20,489199.557
0x15b3176ee08c799b5eaad507127455b832596073,2026-07-13,548691.771
0x15b3176ee08c799b5eaad507127455b832596073,2026-07-20,775896.095
0x16b8766e6b52bb0113213ad2d4987ec1e9b99e13,2026-07-13,376215.968
0x16b8766e6b52bb0113213ad2d4987ec1e9b99e13,2026-07-20,1044182.088
0x171a375e12fb7e948f89d39a5d2fb13e34b2cf12,2026-07-13,301329.646
0x171a375e12fb7e948f89d39a5d2fb13e34b2cf12,2026-07-20,234974.752997
0x179544126baff9a885620c72d011916492c58766,2026-07-13,549103.158
0x179544126baff9a885620c72d011916492c58766,2026-07-20,242990.487822
0x191351eec6a09bdae423438edba0f4bf1d95207d,2026-07-20,22990.981344000003
0x196c747e02635b3de6d3f67580ba62ed482fc864,2026-07-13,298245.912
0x196c747e02635b3de6d3f67580ba62ed482fc864,2026-07-20,688236.109
0x1d1f3206e671fd2a67c943d93163e6bddfb4262f,2026-07-13,495821.44700000004
0x1d1f3206e671fd2a67c943d93163e6bddfb4262f,2026-07-20,985398.864
0x1e945453fcb562c562b72582d7254f58324b764a,2026-07-13,606368.6440000001
0x1e945453fcb562c562b72582d7254f58324b764a,2026-07-20,791909.6470000001
0x20e8f154a877034dd0145b304d90b99bbd8d558d,2026-07-13,563129.528503
0x20e8f154a877034dd0145b304d90b99bbd8d558d,2026-07-20,767379.1163959999
0x21ea7251a8368ce69c06b81f45f6ff3147feea36,2026-07-13,115688.37299999999
0x21ea7251a8368ce69c06b81f45f6ff3147feea36,2026-07-20,396048.28
0x23a51a2507f6db2efab5093c08e35e718925dca3,2026-07-13,261910.56
0x23a51a2507f6db2efab5093c08e35e718925dca3,2026-07-20,1037114.357
0x24098eb6e196a8b94b42bd46fdcbf507af651df6,2026-07-13,40447.210999999996
0x24098eb6e196a8b94b42bd46fdcbf507af651df6,2026-07-20,135561.739
0x2488df29756354c1a334e767325266bfe7b1ef22,2026-07-13,45840.539000000004
0x2488df29756354c1a334e767325266bfe7b1ef22,2026-07-20,211009.41999999998
0x29bc885242f5c3c0bf1ff352598caf9bb503044d,2026-07-13,722893.738
0x29bc885242f5c3c0bf1ff352598caf9bb503044d,2026-07-20,1110497.0880000002
0x29dd54f3dd1491d1e2bc69944b5983e211f58aaf,2026-07-13,636551.81
0x29dd54f3dd1491d1e2bc69944b5983e211f58aaf,2026-07-20,790408.6726579999
0x2a0a7cab60677aaa6706cc0f4ce76665dae69fa3,2026-07-13,404859.647
0x2a0a7cab60677aaa6706cc0f4ce76665dae69fa3,2026-07-20,914057.9879999999
0x2c866bd6d068390feb7e3245b518d664b11815d5,2026-07-13,507159.52299800003
0x2c866bd6d068390feb7e3245b518d664b11815d5,2026-07-20,398790.161998
0x2e9d47a26e9a679e44a8037e270d626f6b5704dd,2026-07-13,416939.24
0x2e9d47a26e9a679e44a8037e270d626f6b5704dd,2026-07-20,395338.297
0x305512f530792f0815c1ff12d6dfed2901dd5273,2026-07-13,528.815
0x305512f530792f0815c1ff12d6dfed2901dd5273,2026-07-20,161767.79599999997
0x3096d9f9a99138569ff618e0f295b2605858c789,2026-07-13,453549.779
0x3096d9f9a99138569ff618e0f295b2605858c789,2026-07-20,362994.65499999997
0x3a1ef7b849f7808e27f431e58b241f4e0ec45f08,2026-07-13,506392.29133
0x3a1ef7b849f7808e27f431e58b241f4e0ec45f08,2026-07-20,182099.843
0x3bb56317de58b1e410b2f3659f8ff8b4b6b25303,2026-07-13,237143.951
0x3bb56317de58b1e410b2f3659f8ff8b4b6b25303,2026-07-20,244228.28699999998
0x3e02ca4daf734bca12a033bfff07f2075ee103a8,2026-07-13,662928.1810000001
0x3e02ca4daf734bca12a033bfff07f2075ee103a8,2026-07-20,730928.9689999999
0x40b2ab179322ff3fbbee44a39be3e1e110e057b1,2026-07-13,491364.515
0x40b2ab179322ff3fbbee44a39be3e1e110e057b1,2026-07-20,463993.537
0x43e74a8d2b4492a89862e6a748c7308d1cf24a04,2026-07-13,244385.973
0x43e74a8d2b4492a89862e6a748c7308d1cf24a04,2026-07-20,243118.38099999996
0x443c3153efd15c1b16e75e7c6a9bd6554da05d05,2026-07-13,499353.605
0x443c3153efd15c1b16e75e7c6a9bd6554da05d05,2026-07-20,504016.576
0x44a55e4a7c8fac2d285224da96419ff31607bc03,2026-07-13,44995.448505
0x44a55e4a7c8fac2d285224da96419ff31607bc03,2026-07-20,134673.194
0x4651f69873f1be6c94890d79e945b80ec9dd4fd3,2026-07-13,934048.3570000001
0x4651f69873f1be6c94890d79e945b80ec9dd4fd3,2026-07-20,1472797.6465699999
0x467cd02aaf670d67d92f6aaf2bbcf9c2ecc73ba9,2026-07-13,647589.925
0x467cd02aaf670d67d92f6aaf2bbcf9c2ecc73ba9,2026-07-20,1214112.5744069999
0x46ee7d5fb144f76aac5f9214528f30a91450c501,2026-07-13,490379.06200000003
0x46ee7d5fb144f76aac5f9214528f30a91450c501,2026-07-20,848467.4519999999
0x48853fbba65055666a7960508302c891ce8f39fd,2026-07-13,373943.792
0x48853fbba65055666a7960508302c891ce8f39fd,2026-07-20,269536.525
0x4928a1640bb2b21272a0b713582e69e893a51fee,2026-07-13,111542.95000000001
0x4928a1640bb2b21272a0b713582e69e893a51fee,2026-07-20,189641.567032
0x4c57d4d6313fa0b4470679dbbf5eb3db63b3a916,2026-07-13,80909.511
0x4c57d4d6313fa0b4470679dbbf5eb3db63b3a916,2026-07-20,149444.535
0x4c7b7f67104195d35b5537348512fe1c1f15d85b,2026-07-13,465839.68299999996
0x4c7b7f67104195d35b5537348512fe1c1f15d85b,2026-07-20,701731.054997
0x4eb14aed5077c93f720b98e9c512cdbe757ff3b3,2026-07-13,459934.42500000005
0x4eb14aed5077c93f720b98e9c512cdbe757ff3b3,2026-07-20,879989.648943
0x4fdb57f71dfa37da7875b66a7210ce44a1862633,2026-07-13,372762.576
0x4fdb57f71dfa37da7875b66a7210ce44a1862633,2026-07-20,129047.486
0x50bd61726930c37f1b33a1603fc2e4f344bbc44c,2026-07-13,395388.662
0x50bd61726930c37f1b33a1603fc2e4f344bbc44c,2026-07-20,149844.729
0x51ba3d50c5b80070de3419157fce0eb46afcfa69,2026-07-13,1781.1200000000001
0x51ba3d50c5b80070de3419157fce0eb46afcfa69,2026-07-20,125293.91499800002
0x51c8ad3fc12a10ebe225a0e66ea69288503ad739,2026-07-13,10026.168
0x51c8ad3fc12a10ebe225a0e66ea69288503ad739,2026-07-20,131444.573209
0x5392a60b79f5a95b29a437e96070780a9c5a9fb7,2026-07-13,784047.882
0x5392a60b79f5a95b29a437e96070780a9c5a9fb7,2026-07-20,194534.413
0x53fe97c508b7e2cab76924eed510b2590366d8d2,2026-07-13,664575.758
0x53fe97c508b7e2cab76924eed510b2590366d8d2,2026-07-20,290740.582
0x540304b50b6498c60511bc2eda1dbbd7b6d4a3cb,2026-07-13,285186.673
0x540304b50b6498c60511bc2eda1dbbd7b6d4a3cb,2026-07-20,222397.381
0x548732577961b66afcda43d1c47db539915c17fb,2026-07-13,196586.00199999998
0x548732577961b66afcda43d1c47db539915c17fb,2026-07-20,567747.461
0x56a28e7efe62400968a927280362f84138b2466a,2026-07-13,416996.73
0x56a28e7efe62400968a927280362f84138b2466a,2026-07-20,464115.805
0x578451b97342c6917b979fff91485cb42e7af9ec,2026-07-13,267391.182
0x578451b97342c6917b979fff91485cb42e7af9ec,2026-07-20,473526.223998
0x578c31a7a005b03cdd8b23671dd58d5310fcc8c1,2026-07-13,274259.179
0x578c31a7a005b03cdd8b23671dd58d5310fcc8c1,2026-07-20,764749.642997
0x58085d4b6662bbd2acdd99dffe3c78b8661422ec,2026-07-13,644133.988
0x58085d4b6662bbd2acdd99dffe3c78b8661422ec,2026-07-20,853731.349
0x599870cc3752511dad8eca6980e861bcca53c768,2026-07-13,70754.791
0x599870cc3752511dad8eca6980e861bcca53c768,2026-07-20,118967.69999699999
0x5aa76047cafc5650dceac42089f3590538cc8550,2026-07-13,532753.405
0x5aa76047cafc5650dceac42089f3590538cc8550,2026-07-20,886425.0959949999
0x5bf481a94e1fcadf9db3d73b97c4b799272115ce,2026-07-13,696146.559154
0x5bf481a94e1fcadf9db3d73b97c4b799272115ce,2026-07-20,629780.504
0x5d5df741182561e9e2e3e1a143082daacff3795a,2026-07-13,270207.36
0x5d5df741182561e9e2e3e1a143082daacff3795a,2026-07-20,646806.1909969999
0x5dd1eb898cb24e00a0575d95afcb4f2d22410f9a,2026-07-13,432326.206
0x5dd1eb898cb24e00a0575d95afcb4f2d22410f9a,2026-07-20,688609.6008799999
0x65703f8f43ec2939de126938c82e4046d125ab44,2026-07-13,247038.152
0x65703f8f43ec2939de126938c82e4046d125ab44,2026-07-20,254068.347
0x696ec0da3a4c332694d66c6941e4383646bfae3f,2026-07-13,377616.70499999996
0x696ec0da3a4c332694d66c6941e4383646bfae3f,2026-07-20,755950.203997
0x6d4500900a402d39c3b954dbb01d2f41b363973f,2026-07-13,105759.379
0x6d4500900a402d39c3b954dbb01d2f41b363973f,2026-07-20,132028.124
0x6fc5910e7227e206cef2ed20737680becaa9d2bd,2026-07-13,476109.540996
0x6fc5910e7227e206cef2ed20737680becaa9d2bd,2026-07-20,599280.875
0x7116b11588a6e204b5ed94fd7c2c5020578dd83c,2026-07-13,590119.717
0x7116b11588a6e204b5ed94fd7c2c5020578dd83c,2026-07-20,969374.467
0x7236cec742d9cc4ae4f7e61417e2c08b0b1b1fdf,2026-07-13,484015.872998
0x7236cec742d9cc4ae4f7e61417e2c08b0b1b1fdf,2026-07-20,497157.347
0x74f6558bcbcd43b834c4bf1339dea6b98fce748f,2026-07-13,426015.695
0x74f6558bcbcd43b834c4bf1339dea6b98fce748f,2026-07-20,443752.31100000005
0x77035c0745c7d90ce232ca731b3261d94b70f427,2026-07-13,78483.074998
0x77035c0745c7d90ce232ca731b3261d94b70f427,2026-07-20,96681.20300000001
0x78da84f0d52ea2f80dc122b881be29542680a629,2026-07-13,106787.29817200001
0x78da84f0d52ea2f80dc122b881be29542680a629,2026-07-20,182282.01340700002
0x7a9813714db9f2042cf7bdea4421c954d79243e6,2026-07-13,699180.598
0x7a9813714db9f2042cf7bdea4421c954d79243e6,2026-07-20,1163821.3423370002
0x7ab8f48a40691049a6b16cecda05f320df5e0331,2026-07-13,233691.95
0x7ab8f48a40691049a6b16cecda05f320df5e0331,2026-07-20,343583.174
0x81801025871ee73ac195edd2ffb4b3353b765e00,2026-07-13,385330.723
0x81801025871ee73ac195edd2ffb4b3353b765e00,2026-07-20,945173.68
0x849a963fb6f23e37edfeba7174c8e92fcb54dca3,2026-07-13,296904.567
0x849a963fb6f23e37edfeba7174c8e92fcb54dca3,2026-07-20,401926.324
0x86e041e9cf500361a8be4357e928672d91ad910b,2026-07-13,237473.25699999998
0x86e041e9cf500361a8be4357e928672d91ad910b,2026-07-20,362273.033
0x8d6dee7ecf3a4776bcd9dd895e8e23efde4816a4,2026-07-13,592870.102
0x8d6dee7ecf3a4776bcd9dd895e8e23efde4816a4,2026-07-20,849632.090947
0x8dfbd3a6323a69ef7deea511aff87d930bc14360,2026-07-13,336049.801
0x8dfbd3a6323a69ef7deea511aff87d930bc14360,2026-07-20,351835.77900000004
0x93a0a3600e0bfb1bf482d9a43e002c1206c3435d,2026-07-13,57716.606
0x93a0a3600e0bfb1bf482d9a43e002c1206c3435d,2026-07-20,124274.716686
0x9720f27ee2bc9b47e1c0a9b3e6d362043e08fd31,2026-07-13,259567.251
0x9720f27ee2bc9b47e1c0a9b3e6d362043e08fd31,2026-07-20,371419.36100000003
0x97acc627ca2d37320ff1b6daa8d024eccde95336,2026-07-13,357198.07
0x97acc627ca2d37320ff1b6daa8d024eccde95336,2026-07-20,634500.398
0x9a7305fb47cc72d257da6e70b7ced9b754e6494f,2026-07-13,300303.308
0x9a7305fb47cc72d257da6e70b7ced9b754e6494f,2026-07-20,291636.82699999993
0x9b2d71a825fa72d8a112cf833a2822027440139c,2026-07-13,403835.283
0x9b2d71a825fa72d8a112cf833a2822027440139c,2026-07-20,306233.94
0x9c44b10f39e6a07889ed3d821669565fb11409b3,2026-07-13,170900.541
0x9c44b10f39e6a07889ed3d821669565fb11409b3,2026-07-20,656936.653
0x9c855bbe2da60429af1691b41e536d654def14d1,2026-07-13,254165.618
0x9c855bbe2da60429af1691b41e536d654def14d1,2026-07-20,320277.358
0x9f997f7c146fbc311aa5c1d0fd01b19b814277a5,2026-07-13,172694.807
0x9f997f7c146fbc311aa5c1d0fd01b19b814277a5,2026-07-20,153656.672997
0xa38510261297a9a3d519d36c6566dae7065c4ff4,2026-07-13,136101.367
0xa38510261297a9a3d519d36c6566dae7065c4ff4,2026-07-20,169235.952
0xa3c489d87bbbf5ed4eb36fc96d0e9477f7d586a0,2026-07-13,484476.287
0xa3c489d87bbbf5ed4eb36fc96d0e9477f7d586a0,2026-07-20,339783.11799999996
0xa572496db77fdf57624301bc88d434fec80c1e48,2026-07-13,493743.10970100004
0xa572496db77fdf57624301bc88d434fec80c1e48,2026-07-20,317154.822
0xa679301d0486238b0e4ce2c34e18190397f5f00e,2026-07-13,651342.52
0xa679301d0486238b0e4ce2c34e18190397f5f00e,2026-07-20,346750.159
0xa6ca7bae9aa52bc783c11cfbabb241e3bc361947,2026-07-13,56079.447
0xa6ca7bae9aa52bc783c11cfbabb241e3bc361947,2026-07-20,144396.325
0xa7c45c93e9ffdb17de1e74eda0916edef578c4e0,2026-07-13,423784.78099999996
0xa7c45c93e9ffdb17de1e74eda0916edef578c4e0,2026-07-20,404051.418
0xb5b66a7af26744f0431a37eb7772a6f50f174e0e,2026-07-13,11876.835
0xb5b66a7af26744f0431a37eb7772a6f50f174e0e,2026-07-20,82193.989998
0xbb6bd94a674260815f9af84cf392b19214b4e023,2026-07-13,535382.942
0xbb6bd94a674260815f9af84cf392b19214b4e023,2026-07-20,676405.0797700001
0xbb7e70cf7874379fc4f91ceb2bd3160b98c5da16,2026-07-13,63333.734836
0xbb7e70cf7874379fc4f91ceb2bd3160b98c5da16,2026-07-20,138527.277
0xbc3fa7e33842a9804c08a52da7e395e6f95378f0,2026-07-13,106740.37299999999
0xbc3fa7e33842a9804c08a52da7e395e6f95378f0,2026-07-20,127715.374
0xc2752b98d8241473addccc6e80c3b2b40b5da901,2026-07-13,433289.896
0xc2752b98d8241473addccc6e80c3b2b40b5da901,2026-07-20,911766.7819980001
0xc465e47676d4808e16c9d167b08a11aecce97a2b,2026-07-13,318919.435
0xc465e47676d4808e16c9d167b08a11aecce97a2b,2026-07-20,184080.669
0xc4926ab62d78f3a668bb4fd29ca04c06f8cd9f90,2026-07-13,50676.724
0xc4926ab62d78f3a668bb4fd29ca04c06f8cd9f90,2026-07-20,131313.607
0xc70b8ea6483ad00d24b48f96ae157b096becfe7d,2026-07-20,2152.226
0xc78c9c0ace0e8a3c84d906be1cde374ea9e45962,2026-07-13,649436.0549999999
0xc78c9c0ace0e8a3c84d906be1cde374ea9e45962,2026-07-20,778898.373639
0xc8e1c15ce5ae9d860a6a4093823f0a63adafc523,2026-07-13,296257.00800000003
0xc8e1c15ce5ae9d860a6a4093823f0a63adafc523,2026-07-20,453033.6663
0xcab263f601d7d58ebd4544c3701d2d5c2f7f477c,2026-07-13,583907.506
0xcab263f601d7d58ebd4544c3701d2d5c2f7f477c,2026-07-20,921604.5069970001
0xcf186e0d509c32402f869bafb690286c75d9c2ae,2026-07-13,445274.27
0xcf186e0d509c32402f869bafb690286c75d9c2ae,2026-07-20,661823.941
0xcf7d452632551dc67b321a0bad2db0cd0ccf01db,2026-07-13,335657.966
0xcf7d452632551dc67b321a0bad2db0cd0ccf01db,2026-07-20,855765.17762
0xd3abc6684aae3c47b44ecad5f8ce43ad578b861c,2026-07-13,387703.096
0xd3abc6684aae3c47b44ecad5f8ce43ad578b861c,2026-07-20,824294.5040000001
0xd6c696526a2f64cfdf08341ee819bf127b9135a1,2026-07-13,361990.03799999994
0xd6c696526a2f64cfdf08341ee819bf127b9135a1,2026-07-20,1179599.002391
0xd70ceccf2ef3462078984cac81336327707290af,2026-07-13,399722.894919
0xd70ceccf2ef3462078984cac81336327707290af,2026-07-20,703787.1869999999
0xd96155cc52ad7d3ff7a39c95fa515b965e358af8,2026-07-13,577598.981
0xd96155cc52ad7d3ff7a39c95fa515b965e358af8,2026-07-20,894329.724016
0xddde391c2544b526c7481543e577dad6423edede,2026-07-13,404175.502
0xddde391c2544b526c7481543e577dad6423edede,2026-07-20,676776.126
0xe246ba9c679fada74887f96fc48264a1519e3c72,2026-07-13,280698.352
0xe246ba9c679fada74887f96fc48264a1519e3c72,2026-07-20,402792.94
0xe2867815c595a0b889570f03f01f369b3406470f,2026-07-13,322715.4
0xe2867815c595a0b889570f03f01f369b3406470f,2026-07-20,929907.683
0xe3312316f7eb6d519f910be5c44555e03bc4e3e1,2026-07-13,516110.547
0xe3312316f7eb6d519f910be5c44555e03bc4e3e1,2026-07-20,228636.02800000002
0xe55c7154097f8832be1e3d83d0e7be49c704830e,2026-07-13,763893.905
0xe55c7154097f8832be1e3d83d0e7be49c704830e,2026-07-20,1021322.897976
0xe6668ccc790b0ae310d245c8b166bdd38227d362,2026-07-13,404187.436
0xe6668ccc790b0ae310d245c8b166bdd38227d362,2026-07-20,193862.24699999997
0xe7c1c5522eda5ae252b0574f7a642ae74f8af3a3,2026-07-13,578408.017
0xe7c1c5522eda5ae252b0574f7a642ae74f8af3a3,2026-07-20,1010380.3139999999
0xe90312437def98daccd661e2756f260361d42da4,2026-07-13,60607.103
0xe90312437def98daccd661e2756f260361d42da4,2026-07-20,102755.164
0xe9c4f09513a211d341c28c3c102106bf0979c60f,2026-07-13,126277.74799999999
0xe9c4f09513a211d341c28c3c102106bf0979c60f,2026-07-20,161120.734
0xe9fbcdf15540c9579e0923b54c411de196149311,2026-07-13,517670.31335199997
0xe9fbcdf15540c9579e0923b54c411de196149311,2026-07-20,409295.25299999997
0xea5c69cf7d8b71cd4644d089649f946d9ec30b2a,2026-07-13,170949.21899999998
0xea5c69cf7d8b71cd4644d089649f946d9ec30b2a,2026-07-20,237815.01099999997
0xeb010bace7dbedb1a20d33f28de070367ccc8e46,2026-07-13,591783.204
0xeb010bace7dbedb1a20d33f28de070367ccc8e46,2026-07-20,742749.091998
0xec097ecbd4de9bcb4a563dd253ad29276b608645,2026-07-13,262354.68299999996
0xec097ecbd4de9bcb4a563dd253ad29276b608645,2026-07-20,580186.842
0xee1461565dcdc125b8829c331bcee015c084c80d,2026-07-13,455592.671
0xee1461565dcdc125b8829c331bcee015c084c80d,2026-07-20,314198.63000000006
0xee9e27520a99c0b74596191798b21edd36c217fc,2026-07-13,231662.483
0xee9e27520a99c0b74596191798b21edd36c217fc,2026-07-20,362759.321
0xef5fd1dc06adc5ae89905071c0bf9a0dde5e3b17,2026-07-13,520309.559318
0xef5fd1dc06adc5ae89905071c0bf9a0dde5e3b17,2026-07-20,313176.318
0xf007a22e23fa36e641cb3fc5c9d543476f9737ae,2026-07-13,506804.259096
0xf007a22e23fa36e641cb3fc5c9d543476f9737ae,2026-07-20,852230.892
0xf2127bcb896968cffd1d2e656c1b0cd5868eaf6d,2026-07-13,458111.387
0xf2127bcb896968cffd1d2e656c1b0cd5868eaf6d,2026-07-20,936151.322759
0xf32b50d6526d4741629461ce436bf7a79fb8e188,2026-07-13,230936.64102500002
0xf32b50d6526d4741629461ce436bf7a79fb8e188,2026-07-20,912888.221
0xf3f56bf1914c904b37fffcef5f13d6343438cf36,2026-07-13,615634.023
0xf3f56bf1914c904b37fffcef5f13d6343438cf36,2026-07-20,998570.507
0xf46b6d0c6dd31ac12f260732940f16b41ebd8737,2026-07-06,267938.315
0xf46b6d0c6dd31ac12f260732940f16b41ebd8737,2026-07-13,624407.493
0xf46b6d0c6dd31ac12f260732940f16b41ebd8737,2026-07-20,930287.980684
0xf60ddf092eec6fccab4cd86ae7ec3a3916dab7b4,2026-07-13,241255.55299999999
0xf60ddf092eec6fccab4cd86ae7ec3a3916dab7b4,2026-07-20,280000.757
0xf9e019b835590f11e8b7279141fce5f07320a4c9,2026-07-13,333881.50800000003
0xf9e019b835590f11e8b7279141fce5f07320a4c9,2026-07-20,503271.49100000004
0xf9ec0eba794571dfd4debd024cd8a29fe1dbee74,2026-07-13,473883.804
0xf9ec0eba794571dfd4debd024cd8a29fe1dbee74,2026-07-20,549264.942
0xfa040f8b4f5a81abe71591c14b304ab2db19d5cf,2026-07-13,683308.544
0xfa040f8b4f5a81abe71591c14b304ab2db19d5cf,2026-07-20,996804.491943
0xfad5b1f2d7f59bde91dd7e2c0b170be6101ae97a,2026-07-06,261542.74200000003
0xfad5b1f2d7f59bde91dd7e2c0b170be6101ae97a,2026-07-13,403662.108
0xfad5b1f2d7f59bde91dd7e2c0b170be6101ae97a,2026-07-20,984590.4510000001
0xfc5d6ef1ebdead2a79633dbbeb1392fafee264df,2026-07-13,642119.601
0xfc5d6ef1ebdead2a79633dbbeb1392fafee264df,2026-07-20,826559.7370000001
0xfcddeea788a40bfd216af7097fbf386282fb6653,2026-07-13,154044.274
0xfcddeea788a40bfd216af7097fbf386282fb6653,2026-07-20,776008.177407
0xff3de15715fe508970c31824ddb455cf61e2ed99,2026-07-13,388973.11699999997
0xff3de15715fe508970c31824ddb455cf61e2ed99,2026-07-20,942181.453
0x00b6704b6f1341d9b74d1481ceeddc7a45b2f999,2026-07-27,17285.086
0x00b6704b6f1341d9b74d1481ceeddc7a45b2f999,2026-08-03,47763.768
0x00b6704b6f1341d9b74d1481ceeddc7a45b2f999,2026-08-10,70480.784
0x00b6704b6f1341d9b74d1481ceeddc7a45b2f999,2026-08-17,9057.517
0x0151b900b8c27b02cbe4e85f325db56e81ba86e0,2026-07-27,82742.794
0x0151b900b8c27b02cbe4e85f325db56e81ba86e0,2026-08-03,19838.286
0x04e9d1fc471f17037aa069976cfc6da1f11d1438,2026-07-27,75873.359
0x04e9d1fc471f17037aa069976cfc6da1f11d1438,2026-08-03,60424.316000000006
0x04e9d1fc471f17037aa069976cfc6da1f11d1438,2026-08-10,3809.848
0x0791641813feda20d23f4d7dc6a00643a31880b0,2026-07-27,13998.760999999999
0x0791641813feda20d23f4d7dc6a00643a31880b0,2026-08-03,6998.834000000001
0x08e3f66278cb41267bc27c5c5233352fdb071146,2026-07-27,162058.492
0x08e3f66278cb41267bc27c5c5233352fdb071146,2026-08-03,98816.12299999999
0x08e3f66278cb41267bc27c5c5233352fdb071146,2026-08-10,59315.044
0x08e3f66278cb41267bc27c5c5233352fdb071146,2026-08-17,16529.197999999997
0x08f5169f7e20bc92064666d63f0d18f03c945c5b,2026-07-27,123497.37700000001
0x08f5169f7e20bc92064666d63f0d18f03c945c5b,2026-08-03,69902.409
0x08f5169f7e20bc92064666d63f0d18f03c945c5b,2026-08-10,43556.024
0x0ec5f85aa1985c1d4113eaf84aff31d9377f3708,2026-07-27,984502.055124
0x0ec5f85aa1985c1d4113eaf84aff31d9377f3708,2026-08-03,854975.855618
0x0ec5f85aa1985c1d4113eaf84aff31d9377f3708,2026-08-10,763650.144
0x0ec5f85aa1985c1d4113eaf84aff31d9377f3708,2026-08-17,199162.559
0x106f90adb6ec8eacd2dffbfb1ca937bf8dc16bac,2026-07-27,776749.362
0x106f90adb6ec8eacd2dffbfb1ca937bf8dc16bac,2026-08-03,978168.894476
0x106f90adb6ec8eacd2dffbfb1ca937bf8dc16bac,2026-08-10,836233.265997
0x106f90adb6ec8eacd2dffbfb1ca937bf8dc16bac,2026-08-17,185218.962
0x122868469f5bbcf6d9b90758867aaa2157c62546,2026-07-27,161050.195
0x122868469f5bbcf6d9b90758867aaa2157c62546,2026-08-03,27075.566
0x15b3176ee08c799b5eaad507127455b832596073,2026-07-27,447316.229
0x15b3176ee08c799b5eaad507127455b832596073,2026-08-03,549696.306
0x15b3176ee08c799b5eaad507127455b832596073,2026-08-10,133680.23500000002
0x15b3176ee08c799b5eaad507127455b832596073,2026-08-17,46088.682
0x16b8766e6b52bb0113213ad2d4987ec1e9b99e13,2026-07-27,653181.252997
0x16b8766e6b52bb0113213ad2d4987ec1e9b99e13,2026-08-03,1100458.261
0x16b8766e6b52bb0113213ad2d4987ec1e9b99e13,2026-08-10,830758.2647490001
0x16b8766e6b52bb0113213ad2d4987ec1e9b99e13,2026-08-17,245770.148
0x171a375e12fb7e948f89d39a5d2fb13e34b2cf12,2026-07-27,84468.94099999999
0x171a375e12fb7e948f89d39a5d2fb13e34b2cf12,2026-08-03,68295.034
0x179544126baff9a885620c72d011916492c58766,2026-07-27,26723.789
0x179544126baff9a885620c72d011916492c58766,2026-08-03,2486.192
0x191351eec6a09bdae423438edba0f4bf1d95207d,2026-07-27,61066.359
0x191351eec6a09bdae423438edba0f4bf1d95207d,2026-08-03,49517.533
0x191351eec6a09bdae423438edba0f4bf1d95207d,2026-08-10,7041.888
0x191351eec6a09bdae423438edba0f4bf1d95207d,2026-08-17,535.098
0x196c747e02635b3de6d3f67580ba62ed482fc864,2026-07-27,545390.76316
0x196c747e02635b3de6d3f67580ba62ed482fc864,2026-08-03,742425.737997
0x196c747e02635b3de6d3f67580ba62ed482fc864,2026-08-10,428383.601997
0x196c747e02635b3de6d3f67580ba62ed482fc864,2026-08-17,77759.753
0x1d1f3206e671fd2a67c943d93163e6bddfb4262f,2026-07-27,805768.054
0x1d1f3206e671fd2a67c943d93163e6bddfb4262f,2026-08-03,727622.887675
0x1d1f3206e671fd2a67c943d93163e6bddfb4262f,2026-08-10,821702.614513
0x1d1f3206e671fd2a67c943d93163e6bddfb4262f,2026-08-17,309039.967
0x1e945453fcb562c562b72582d7254f58324b764a,2026-07-27,619393.3250000001
0x1e945453fcb562c562b72582d7254f58324b764a,2026-08-03,774171.661664
0x1e945453fcb562c562b72582d7254f58324b764a,2026-08-10,961338.8
0x1e945453fcb562c562b72582d7254f58324b764a,2026-08-17,342292.65599999996
0x20e8f154a877034dd0145b304d90b99bbd8d558d,2026-07-27,743914.238
0x20e8f154a877034dd0145b304d90b99bbd8d558d,2026-08-03,732443.975
0x20e8f154a877034dd0145b304d90b99bbd8d558d,2026-08-10,730025.649247
0x20e8f154a877034dd0145b304d90b99bbd8d558d,2026-08-17,366633.99600000004
0x21ea7251a8368ce69c06b81f45f6ff3147feea36,2026-07-27,547649.743
0x21ea7251a8368ce69c06b81f45f6ff3147feea36,2026-08-03,810616.8489999999
0x21ea7251a8368ce69c06b81f45f6ff3147feea36,2026-08-10,695327.910716
0x21ea7251a8368ce69c06b81f45f6ff3147feea36,2026-08-17,290996.189
0x23a51a2507f6db2efab5093c08e35e718925dca3,2026-07-27,640610.9110000001
0x23a51a2507f6db2efab5093c08e35e718925dca3,2026-08-03,621883.531998
0x23a51a2507f6db2efab5093c08e35e718925dca3,2026-08-10,735313.604529
0x23a51a2507f6db2efab5093c08e35e718925dca3,2026-08-17,180078.78899899998
0x24098eb6e196a8b94b42bd46fdcbf507af651df6,2026-07-27,68999.604
0x24098eb6e196a8b94b42bd46fdcbf507af651df6,2026-08-03,828.8009999999999
0x2488df29756354c1a334e767325266bfe7b1ef22,2026-07-27,79707.36489699999
0x2488df29756354c1a334e767325266bfe7b1ef22,2026-08-03,88153.3
0x2488df29756354c1a334e767325266bfe7b1ef22,2026-08-10,36395.676
0x29bc885242f5c3c0bf1ff352598caf9bb503044d,2026-07-27,957267.408791
0x29bc885242f5c3c0bf1ff352598caf9bb503044d,2026-08-03,993497.823973
0x29bc885242f5c3c0bf1ff352598caf9bb503044d,2026-08-10,634634.570974
0x29bc885242f5c3c0bf1ff352598caf9bb503044d,2026-08-17,226073.05812200002
0x29dd54f3dd1491d1e2bc69944b5983e211f58aaf,2026-07-27,730956.4269999999
0x29dd54f3dd1491d1e2bc69944b5983e211f58aaf,2026-08-03,730619.756
0x29dd54f3dd1491d1e2bc69944b5983e211f58aaf,2026-08-10,871400.616058
0x29dd54f3dd1491d1e2bc69944b5983e211f58aaf,2026-08-17,459266.173
0x2a0a7cab60677aaa6706cc0f4ce76665dae69fa3,2026-07-27,658607.838781
0x2a0a7cab60677aaa6706cc0f4ce76665dae69fa3,2026-08-03,802054.265357
0x2a0a7cab60677aaa6706cc0f4ce76665dae69fa3,2026-08-10,825621.221997
0x2a0a7cab60677aaa6706cc0f4ce76665dae69fa3,2026-08-17,169520.034
0x2c866bd6d068390feb7e3245b518d664b11815d5,2026-07-27,43712.683585000006
0x2c866bd6d068390feb7e3245b518d664b11815d5,2026-08-03,34855.175
0x2c866bd6d068390feb7e3245b518d664b11815d5,2026-08-10,15099.685
0x2e9d47a26e9a679e44a8037e270d626f6b5704dd,2026-07-27,70645.66399999999
0x2e9d47a26e9a679e44a8037e270d626f6b5704dd,2026-08-03,109155.688
0x2e9d47a26e9a679e44a8037e270d626f6b5704dd,2026-08-10,48730.778999999995
0x2e9d47a26e9a679e44a8037e270d626f6b5704dd,2026-08-17,13487.356
0x305512f530792f0815c1ff12d6dfed2901dd5273,2026-07-27,53366.713
0x305512f530792f0815c1ff12d6dfed2901dd5273,2026-08-03,12182.223
0x305512f530792f0815c1ff12d6dfed2901dd5273,2026-08-10,763.327
0x3096d9f9a99138569ff618e0f295b2605858c789,2026-07-27,90126.968
0x3096d9f9a99138569ff618e0f295b2605858c789,2026-08-03,88799.096
0x3096d9f9a99138569ff618e0f295b2605858c789,2026-08-10,78830.52387
0x3096d9f9a99138569ff618e0f295b2605858c789,2026-08-17,9057.517
0x3a1ef7b849f7808e27f431e58b241f4e0ec45f08,2026-07-27,106035.545
0x3a1ef7b849f7808e27f431e58b241f4e0ec45f08,2026-08-03,82029.369
0x3a1ef7b849f7808e27f431e58b241f4e0ec45f08,2026-08-10,39156.892
0x3a1ef7b849f7808e27f431e58b241f4e0ec45f08,2026-08-17,3959.3419999999996
0x3bb56317de58b1e410b2f3659f8ff8b4b6b25303,2026-07-27,105126.837
0x3bb56317de58b1e410b2f3659f8ff8b4b6b25303,2026-08-03,82245.26699999999
0x3bb56317de58b1e410b2f3659f8ff8b4b6b25303,2026-08-10,19199.956
0x3e02ca4daf734bca12a033bfff07f2075ee103a8,2026-07-27,738755.8720460001
0x3e02ca4daf734bca12a033bfff07f2075ee103a8,2026-08-03,867831.689
0x3e02ca4daf734bca12a033bfff07f2075ee103a8,2026-08-10,600030.966035
0x3e02ca4daf734bca12a033bfff07f2075ee103a8,2026-08-17,200707.962
0x40b2ab179322ff3fbbee44a39be3e1e110e057b1,2026-07-27,131080.541
0x40b2ab179322ff3fbbee44a39be3e1e110e057b1,2026-08-03,81597.731
0x40b2ab179322ff3fbbee44a39be3e1e110e057b1,2026-08-10,44129.235
0x43e74a8d2b4492a89862e6a748c7308d1cf24a04,2026-07-27,91385.70999999999
0x43e74a8d2b4492a89862e6a748c7308d1cf24a04,2026-08-03,154547.31699999998
0x43e74a8d2b4492a89862e6a748c7308d1cf24a04,2026-08-10,1583.167
0x443c3153efd15c1b16e75e7c6a9bd6554da05d05,2026-07-27,110796.801
0x443c3153efd15c1b16e75e7c6a9bd6554da05d05,2026-08-03,107860.587
0x443c3153efd15c1b16e75e7c6a9bd6554da05d05,2026-08-10,989.5219999999999
0x44a55e4a7c8fac2d285224da96419ff31607bc03,2026-07-27,76889.267
0x44a55e4a7c8fac2d285224da96419ff31607bc03,2026-08-03,60331.261
0x44a55e4a7c8fac2d285224da96419ff31607bc03,2026-08-10,28098.241
0x4651f69873f1be6c94890d79e945b80ec9dd4fd3,2026-07-27,584504.414996
0x4651f69873f1be6c94890d79e945b80ec9dd4fd3,2026-08-03,1160450.177189
0x4651f69873f1be6c94890d79e945b80ec9dd4fd3,2026-08-10,986327.070266
0x4651f69873f1be6c94890d79e945b80ec9dd4fd3,2026-08-17,467746.64
0x467cd02aaf670d67d92f6aaf2bbcf9c2ecc73ba9,2026-07-27,849520.066172
0x467cd02aaf670d67d92f6aaf2bbcf9c2ecc73ba9,2026-08-03,1129334.355
0x467cd02aaf670d67d92f6aaf2bbcf9c2ecc73ba9,2026-08-10,1064120.4481600001
0x467cd02aaf670d67d92f6aaf2bbcf9c2ecc73ba9,2026-08-17,394546.524
0x46ee7d5fb144f76aac5f9214528f30a91450c501,2026-07-27,651840.542759
0x46ee7d5fb144f76aac5f9214528f30a91450c501,2026-08-03,855094.527
0x46ee7d5fb144f76aac5f9214528f30a91450c501,2026-08-10,617243.865
0x46ee7d5fb144f76aac5f9214528f30a91450c501,2026-08-17,201780.763
0x48853fbba65055666a7960508302c891ce8f39fd,2026-07-27,77591.011
0x48853fbba65055666a7960508302c891ce8f39fd,2026-08-03,66450.42
0x4928a1640bb2b21272a0b713582e69e893a51fee,2026-07-27,29997.702
0x4928a1640bb2b21272a0b713582e69e893a51fee,2026-08-03,9134.556997
0x4c57d4d6313fa0b4470679dbbf5eb3db63b3a916,2026-07-27,100266.39199999999
0x4c57d4d6313fa0b4470679dbbf5eb3db63b3a916,2026-08-03,57124.259999999995
0x4c57d4d6313fa0b4470679dbbf5eb3db63b3a916,2026-08-10,55447.797999999995
0x4c57d4d6313fa0b4470679dbbf5eb3db63b3a916,2026-08-17,15823.222
0x4c7b7f67104195d35b5537348512fe1c1f15d85b,2026-07-27,261240.071
0x4c7b7f67104195d35b5537348512fe1c1f15d85b,2026-08-03,392009.82872600004
0x4c7b7f67104195d35b5537348512fe1c1f15d85b,2026-08-10,365151.813997
0x4c7b7f67104195d35b5537348512fe1c1f15d85b,2026-08-17,166202.493
0x4eb14aed5077c93f720b98e9c512cdbe757ff3b3,2026-07-27,651510.091
0x4eb14aed5077c93f720b98e9c512cdbe757ff3b3,2026-08-03,774104.428557
0x4eb14aed5077c93f720b98e9c512cdbe757ff3b3,2026-08-10,676657.683111
0x4eb14aed5077c93f720b98e9c512cdbe757ff3b3,2026-08-17,234024.957
0x4fdb57f71dfa37da7875b66a7210ce44a1862633,2026-07-27,96878.2
0x4fdb57f71dfa37da7875b66a7210ce44a1862633,2026-08-03,59121.458
0x50bd61726930c37f1b33a1603fc2e4f344bbc44c,2026-07-27,105003.89199999999
0x50bd61726930c37f1b33a1603fc2e4f344bbc44c,2026-08-03,103118.992
0x51ba3d50c5b80070de3419157fce0eb46afcfa69,2026-07-27,39145.072
0x51ba3d50c5b80070de3419157fce0eb46afcfa69,2026-08-03,74422.976
0x51ba3d50c5b80070de3419157fce0eb46afcfa69,2026-08-10,4128.353
0x51c8ad3fc12a10ebe225a0e66ea69288503ad739,2026-07-27,75630.74
0x51c8ad3fc12a10ebe225a0e66ea69288503ad739,2026-08-03,104656.774388
0x51c8ad3fc12a10ebe225a0e66ea69288503ad739,2026-08-10,107346.135998
0x51c8ad3fc12a10ebe225a0e66ea69288503ad739,2026-08-17,19562.797
0x5392a60b79f5a95b29a437e96070780a9c5a9fb7,2026-07-27,23828.097
0x5392a60b79f5a95b29a437e96070780a9c5a9fb7,2026-08-03,126631.155
0x53fe97c508b7e2cab76924eed510b2590366d8d2,2026-07-27,62928.059
0x53fe97c508b7e2cab76924eed510b2590366d8d2,2026-08-03,177743.287
0x53fe97c508b7e2cab76924eed510b2590366d8d2,2026-08-10,63265.919
0x53fe97c508b7e2cab76924eed510b2590366d8d2,2026-08-17,11536.614
0x540304b50b6498c60511bc2eda1dbbd7b6d4a3cb,2026-07-27,42975.156
0x540304b50b6498c60511bc2eda1dbbd7b6d4a3cb,2026-08-03,100929.761
0x540304b50b6498c60511bc2eda1dbbd7b6d4a3cb,2026-08-10,45158.644
0x548732577961b66afcda43d1c47db539915c17fb,2026-07-27,138520.791
0x548732577961b66afcda43d1c47db539915c17fb,2026-08-03,93584.305
0x548732577961b66afcda43d1c47db539915c17fb,2026-08-10,2969.169
0x56a28e7efe62400968a927280362f84138b2466a,2026-07-27,107061.814
0x56a28e7efe62400968a927280362f84138b2466a,2026-08-03,7064.210999999999
0x578451b97342c6917b979fff91485cb42e7af9ec,2026-07-27,291183.298421
0x578451b97342c6917b979fff91485cb42e7af9ec,2026-08-03,439903.949579
0x578451b97342c6917b979fff91485cb42e7af9ec,2026-08-10,281728.850997
0x578451b97342c6917b979fff91485cb42e7af9ec,2026-08-17,42051.839
0x578c31a7a005b03cdd8b23671dd58d5310fcc8c1,2026-07-27,259393.044997
0x578c31a7a005b03cdd8b23671dd58d5310fcc8c1,2026-08-03,327211.506
0x578c31a7a005b03cdd8b23671dd58d5310fcc8c1,2026-08-10,72572.738
0x578c31a7a005b03cdd8b23671dd58d5310fcc8c1,2026-08-17,986.622
0x58085d4b6662bbd2acdd99dffe3c78b8661422ec,2026-07-27,664497.296118
0x58085d4b6662bbd2acdd99dffe3c78b8661422ec,2026-08-03,938851.286573
0x58085d4b6662bbd2acdd99dffe3c78b8661422ec,2026-08-10,469423.357
0x58085d4b6662bbd2acdd99dffe3c78b8661422ec,2026-08-17,245439.989
0x599870cc3752511dad8eca6980e861bcca53c768,2026-07-27,53948.08
0x599870cc3752511dad8eca6980e861bcca53c768,2026-08-03,70275.694
0x599870cc3752511dad8eca6980e861bcca53c768,2026-08-10,18333.958
0x5aa76047cafc5650dceac42089f3590538cc8550,2026-07-27,577245.735
0x5aa76047cafc5650dceac42089f3590538cc8550,2026-08-03,802136.256967
0x5aa76047cafc5650dceac42089f3590538cc8550,2026-08-10,788702.9200240001
0x5aa76047cafc5650dceac42089f3590538cc8550,2026-08-17,321822.045
0x5bf481a94e1fcadf9db3d73b97c4b799272115ce,2026-07-27,340735.99600000004
0x5bf481a94e1fcadf9db3d73b97c4b799272115ce,2026-08-03,791932.933543
0x5bf481a94e1fcadf9db3d73b97c4b799272115ce,2026-08-10,591552.238935
0x5bf481a94e1fcadf9db3d73b97c4b799272115ce,2026-08-17,245543.176
0x5d5df741182561e9e2e3e1a143082daacff3795a,2026-07-27,791555.253
0x5d5df741182561e9e2e3e1a143082daacff3795a,2026-08-03,666997.7410810001
0x5d5df741182561e9e2e3e1a143082daacff3795a,2026-08-10,241328.774
0x5d5df741182561e9e2e3e1a143082daacff3795a,2026-08-17,327789.642
0x5dd1eb898cb24e00a0575d95afcb4f2d22410f9a,2026-07-27,454972.853
0x5dd1eb898cb24e00a0575d95afcb4f2d22410f9a,2026-08-03,295719.897189
0x5dd1eb898cb24e00a0575d95afcb4f2d22410f9a,2026-08-10,89073.548
0x5dd1eb898cb24e00a0575d95afcb4f2d22410f9a,2026-08-17,46718.255000000005
0x65703f8f43ec2939de126938c82e4046d125ab44,2026-07-27,27986.389451000003
0x65703f8f43ec2939de126938c82e4046d125ab44,2026-08-03,500.347
0x696ec0da3a4c332694d66c6941e4383646bfae3f,2026-07-27,569863.8670000001
0x696ec0da3a4c332694d66c6941e4383646bfae3f,2026-08-03,533059.282
0x696ec0da3a4c332694d66c6941e4383646bfae3f,2026-08-10,772547.98
0x696ec0da3a4c332694d66c6941e4383646bfae3f,2026-08-17,422942.097
0x6d4500900a402d39c3b954dbb01d2f41b363973f,2026-07-27,75542.803
0x6d4500900a402d39c3b954dbb01d2f41b363973f,2026-08-03,43873.3
0x6d4500900a402d39c3b954dbb01d2f41b363973f,2026-08-10,52594.678997
0x6d4500900a402d39c3b954dbb01d2f41b363973f,2026-08-17,15823.221999999998
0x6fc5910e7227e206cef2ed20737680becaa9d2bd,2026-07-27,708433.216
0x6fc5910e7227e206cef2ed20737680becaa9d2bd,2026-08-03,613870.1440000001
0x6fc5910e7227e206cef2ed20737680becaa9d2bd,2026-08-10,628174.731
0x6fc5910e7227e206cef2ed20737680becaa9d2bd,2026-08-17,262542.056
0x7116b11588a6e204b5ed94fd7c2c5020578dd83c,2026-07-27,554341.992
0x7116b11588a6e204b5ed94fd7c2c5020578dd83c,2026-08-03,771942.757951
0x7116b11588a6e204b5ed94fd7c2c5020578dd83c,2026-08-10,495044.525
0x7116b11588a6e204b5ed94fd7c2c5020578dd83c,2026-08-17,350546.556
0x7236cec742d9cc4ae4f7e61417e2c08b0b1b1fdf,2026-07-27,122346.44
0x7236cec742d9cc4ae4f7e61417e2c08b0b1b1fdf,2026-08-03,49752.251
0x7236cec742d9cc4ae4f7e61417e2c08b0b1b1fdf,2026-08-10,6973.379
0x74f6558bcbcd43b834c4bf1339dea6b98fce748f,2026-07-27,132146.381
0x74f6558bcbcd43b834c4bf1339dea6b98fce748f,2026-08-03,81356.159
0x74f6558bcbcd43b834c4bf1339dea6b98fce748f,2026-08-10,66216.595
0x74f6558bcbcd43b834c4bf1339dea6b98fce748f,2026-08-17,8436.961
0x77035c0745c7d90ce232ca731b3261d94b70f427,2026-07-27,41750.108
0x77035c0745c7d90ce232ca731b3261d94b70f427,2026-08-03,65913.054
0x78da84f0d52ea2f80dc122b881be29542680a629,2026-07-27,26378.929
0x7a9813714db9f2042cf7bdea4421c954d79243e6,2026-07-27,974543.102
0x7a9813714db9f2042cf7bdea4421c954d79243e6,2026-08-03,708246.469
0x7a9813714db9f2042cf7bdea4421c954d79243e6,2026-08-10,610267.321
0x7a9813714db9f2042cf7bdea4421c954d79243e6,2026-08-17,538126.4750000001
0x7ab8f48a40691049a6b16cecda05f320df5e0331,2026-07-27,177727.217
0x7ab8f48a40691049a6b16cecda05f320df5e0331,2026-08-03,74484.734
0x81801025871ee73ac195edd2ffb4b3353b765e00,2026-07-27,827757.73
0x81801025871ee73ac195edd2ffb4b3353b765e00,2026-08-03,1282610.668574
0x81801025871ee73ac195edd2ffb4b3353b765e00,2026-08-10,1222346.911994
0x81801025871ee73ac195edd2ffb4b3353b765e00,2026-08-17,430325.56600000005
0x849a963fb6f23e37edfeba7174c8e92fcb54dca3,2026-07-27,47680.257
0x849a963fb6f23e37edfeba7174c8e92fcb54dca3,2026-08-03,86415.869
0x86e041e9cf500361a8be4357e928672d91ad910b,2026-07-27,115691.871
0x86e041e9cf500361a8be4357e928672d91ad910b,2026-08-03,143148.315
0x86e041e9cf500361a8be4357e928672d91ad910b,2026-08-10,56015.788
0x8d6dee7ecf3a4776bcd9dd895e8e23efde4816a4,2026-07-27,292796.396
0x8d6dee7ecf3a4776bcd9dd895e8e23efde4816a4,2026-08-03,198654.265755
0x8d6dee7ecf3a4776bcd9dd895e8e23efde4816a4,2026-08-10,215071.183
0x8d6dee7ecf3a4776bcd9dd895e8e23efde4816a4,2026-08-17,53364.555
0x8dfbd3a6323a69ef7deea511aff87d930bc14360,2026-07-27,102150.76199999999
0x8dfbd3a6323a69ef7deea511aff87d930bc14360,2026-08-03,45236.756
0x8dfbd3a6323a69ef7deea511aff87d930bc14360,2026-08-10,10997.469
0x93a0a3600e0bfb1bf482d9a43e002c1206c3435d,2026-07-27,27348.307997
0x93a0a3600e0bfb1bf482d9a43e002c1206c3435d,2026-08-03,66534.395
0x9720f27ee2bc9b47e1c0a9b3e6d362043e08fd31,2026-07-27,27735.102
0x9720f27ee2bc9b47e1c0a9b3e6d362043e08fd31,2026-08-03,83214.827457
0x9720f27ee2bc9b47e1c0a9b3e6d362043e08fd31,2026-08-10,18122.45
0x97acc627ca2d37320ff1b6daa8d024eccde95336,2026-07-27,685683.165
0x97acc627ca2d37320ff1b6daa8d024eccde95336,2026-08-03,1072202.76
0x97acc627ca2d37320ff1b6daa8d024eccde95336,2026-08-10,854157.922042
0x97acc627ca2d37320ff1b6daa8d024eccde95336,2026-08-17,186793.93300000002
0x9a7305fb47cc72d257da6e70b7ced9b754e6494f,2026-07-27,54987.698000000004
0x9a7305fb47cc72d257da6e70b7ced9b754e6494f,2026-08-03,10513.327
0x9a7305fb47cc72d257da6e70b7ced9b754e6494f,2026-08-10,40052.45
0x9b2d71a825fa72d8a112cf833a2822027440139c,2026-07-27,97446.37
0x9b2d71a825fa72d8a112cf833a2822027440139c,2026-08-03,56666.929000000004
0x9c44b10f39e6a07889ed3d821669565fb11409b3,2026-07-27,440777.34664899996
0x9c44b10f39e6a07889ed3d821669565fb11409b3,2026-08-03,885061.449735
0x9c44b10f39e6a07889ed3d821669565fb11409b3,2026-08-10,529529.647
0x9c44b10f39e6a07889ed3d821669565fb11409b3,2026-08-17,233957.28100000002
0x9c855bbe2da60429af1691b41e536d654def14d1,2026-07-27,121399.39199999999
0x9c855bbe2da60429af1691b41e536d654def14d1,2026-08-03,108877.003
0x9c855bbe2da60429af1691b41e536d654def14d1,2026-08-10,492.457
0xa38510261297a9a3d519d36c6566dae7065c4ff4,2026-07-27,48868.499
0xa38510261297a9a3d519d36c6566dae7065c4ff4,2026-08-03,76793.243
0xa3c489d87bbbf5ed4eb36fc96d0e9477f7d586a0,2026-07-27,176356.41100000002
0xa3c489d87bbbf5ed4eb36fc96d0e9477f7d586a0,2026-08-03,73370.728
0xa572496db77fdf57624301bc88d434fec80c1e48,2026-07-27,48752.244
0xa572496db77fdf57624301bc88d434fec80c1e48,2026-08-03,101137.024
0xa572496db77fdf57624301bc88d434fec80c1e48,2026-08-10,43839.95
0xa572496db77fdf57624301bc88d434fec80c1e48,2026-08-17,9996.392
0xa679301d0486238b0e4ce2c34e18190397f5f00e,2026-07-27,135013.279
0xa679301d0486238b0e4ce2c34e18190397f5f00e,2026-08-03,67253.51000000001
0xa679301d0486238b0e4ce2c34e18190397f5f00e,2026-08-10,59224.575
0xa679301d0486238b0e4ce2c34e18190397f5f00e,2026-08-17,7984.557
0xa6ca7bae9aa52bc783c11cfbabb241e3bc361947,2026-07-27,3090.951
0xa6ca7bae9aa52bc783c11cfbabb241e3bc361947,2026-08-03,3449.6549999999997
0xa7c45c93e9ffdb17de1e74eda0916edef578c4e0,2026-07-27,70909.794
0xa7c45c93e9ffdb17de1e74eda0916edef578c4e0,2026-08-03,106682.714997
0xa7c45c93e9ffdb17de1e74eda0916edef578c4e0,2026-08-10,27156.587
0xb5b66a7af26744f0431a37eb7772a6f50f174e0e,2026-07-27,61959.438
0xb5b66a7af26744f0431a37eb7772a6f50f174e0e,2026-08-03,28458.972
0xbb6bd94a674260815f9af84cf392b19214b4e023,2026-07-27,179018.505
0xbb6bd94a674260815f9af84cf392b19214b4e023,2026-08-03,757185.886997
0xbb6bd94a674260815f9af84cf392b19214b4e023,2026-08-10,795314.4850000001
0xbb6bd94a674260815f9af84cf392b19214b4e023,2026-08-17,355602.432
0xbb7e70cf7874379fc4f91ceb2bd3160b98c5da16,2026-07-27,39012.062999999995
0xbb7e70cf7874379fc4f91ceb2bd3160b98c5da16,2026-08-03,37151.96
0xbb7e70cf7874379fc4f91ceb2bd3160b98c5da16,2026-08-10,7041.888
0xbb7e70cf7874379fc4f91ceb2bd3160b98c5da16,2026-08-17,535.098
0xbc3fa7e33842a9804c08a52da7e395e6f95378f0,2026-07-27,86209.946
0xbc3fa7e33842a9804c08a52da7e395e6f95378f0,2026-08-03,55705.213
0xbc3fa7e33842a9804c08a52da7e395e6f95378f0,2026-08-10,4713.175
0xc2752b98d8241473addccc6e80c3b2b40b5da901,2026-07-27,670741.115
0xc2752b98d8241473addccc6e80c3b2b40b5da901,2026-08-03,844767.9769959999
0xc2752b98d8241473addccc6e80c3b2b40b5da901,2026-08-10,872396.512
0xc2752b98d8241473addccc6e80c3b2b40b5da901,2026-08-17,302689.885
0xc465e47676d4808e16c9d167b08a11aecce97a2b,2026-07-27,14184.971
0xc465e47676d4808e16c9d167b08a11aecce97a2b,2026-08-03,26006.299
0xc4926ab62d78f3a668bb4fd29ca04c06f8cd9f90,2026-07-27,101316.187
0xc4926ab62d78f3a668bb4fd29ca04c06f8cd9f90,2026-08-03,28744.747
0xc4926ab62d78f3a668bb4fd29ca04c06f8cd9f90,2026-08-10,21468.485997
0xc78c9c0ace0e8a3c84d906be1cde374ea9e45962,2026-07-27,709825.931
0xc78c9c0ace0e8a3c84d906be1cde374ea9e45962,2026-08-03,836649.0120000001
0xc78c9c0ace0e8a3c84d906be1cde374ea9e45962,2026-08-10,633372.7579940001
0xc78c9c0ace0e8a3c84d906be1cde374ea9e45962,2026-08-17,376732.196
0xc8e1c15ce5ae9d860a6a4093823f0a63adafc523,2026-07-27,110790.381
0xc8e1c15ce5ae9d860a6a4093823f0a63adafc523,2026-08-03,45661.928
0xc8e1c15ce5ae9d860a6a4093823f0a63adafc523,2026-08-10,14050.312
0xcab263f601d7d58ebd4544c3701d2d5c2f7f477c,2026-07-27,575435.926
0xcab263f601d7d58ebd4544c3701d2d5c2f7f477c,2026-08-03,870244.69378
0xcab263f601d7d58ebd4544c3701d2d5c2f7f477c,2026-08-10,541073.7679999999
0xcab263f601d7d58ebd4544c3701d2d5c2f7f477c,2026-08-17,327703.24
0xcf186e0d509c32402f869bafb690286c75d9c2ae,2026-07-27,430133.925
0xcf186e0d509c32402f869bafb690286c75d9c2ae,2026-08-03,403302.78599999996
0xcf186e0d509c32402f869bafb690286c75d9c2ae,2026-08-10,322614.874
0xcf186e0d509c32402f869bafb690286c75d9c2ae,2026-08-17,58107.23700000001
0xcf7d452632551dc67b321a0bad2db0cd0ccf01db,2026-07-27,871533.54
0xcf7d452632551dc67b321a0bad2db0cd0ccf01db,2026-08-03,841292.293483
0xcf7d452632551dc67b321a0bad2db0cd0ccf01db,2026-08-10,672857.119958
0xcf7d452632551dc67b321a0bad2db0cd0ccf01db,2026-08-17,295884.05700000003
0xd3abc6684aae3c47b44ecad5f8ce43ad578b861c,2026-07-27,806625.708
0xd3abc6684aae3c47b44ecad5f8ce43ad578b861c,2026-08-03,704062.976977
0xd3abc6684aae3c47b44ecad5f8ce43ad578b861c,2026-08-10,429958.636623
0xd3abc6684aae3c47b44ecad5f8ce43ad578b861c,2026-08-17,389023.414
0xd6c696526a2f64cfdf08341ee819bf127b9135a1,2026-07-27,765096.3319999999
0xd6c696526a2f64cfdf08341ee819bf127b9135a1,2026-08-03,925608.171138
0xd6c696526a2f64cfdf08341ee819bf127b9135a1,2026-08-10,900984.443
0xd6c696526a2f64cfdf08341ee819bf127b9135a1,2026-08-17,455183.30700000003
0xd70ceccf2ef3462078984cac81336327707290af,2026-07-27,446081.983672
0xd70ceccf2ef3462078984cac81336327707290af,2026-08-03,894433.228101
0xd70ceccf2ef3462078984cac81336327707290af,2026-08-10,539150.544
0xd70ceccf2ef3462078984cac81336327707290af,2026-08-17,208719.459
0xd96155cc52ad7d3ff7a39c95fa515b965e358af8,2026-07-27,585451.185
0xd96155cc52ad7d3ff7a39c95fa515b965e358af8,2026-08-03,969765.6680000001
0xd96155cc52ad7d3ff7a39c95fa515b965e358af8,2026-08-10,491639.078
0xd96155cc52ad7d3ff7a39c95fa515b965e358af8,2026-08-17,251858.841
0xddde391c2544b526c7481543e577dad6423edede,2026-07-27,310393.68700000003
0xddde391c2544b526c7481543e577dad6423edede,2026-08-03,377982.25100000005
0xddde391c2544b526c7481543e577dad6423edede,2026-08-10,10614.45
0xe246ba9c679fada74887f96fc48264a1519e3c72,2026-07-27,153023.369
0xe246ba9c679fada74887f96fc48264a1519e3c72,2026-08-03,136754.56900000002
0xe246ba9c679fada74887f96fc48264a1519e3c72,2026-08-10,29453.598
0xe246ba9c679fada74887f96fc48264a1519e3c72,2026-08-17,6943.91
0xe2867815c595a0b889570f03f01f369b3406470f,2026-07-27,574379.326
0xe2867815c595a0b889570f03f01f369b3406470f,2026-08-03,923905.461386
0xe2867815c595a0b889570f03f01f369b3406470f,2026-08-10,682265.0789999999
0xe2867815c595a0b889570f03f01f369b3406470f,2026-08-17,348623.41599999997
0xe3312316f7eb6d519f910be5c44555e03bc4e3e1,2026-07-27,50975.986
0xe3312316f7eb6d519f910be5c44555e03bc4e3e1,2026-08-03,97278.012
0xe55c7154097f8832be1e3d83d0e7be49c704830e,2026-07-27,946166.145
0xe55c7154097f8832be1e3d83d0e7be49c704830e,2026-08-03,1181951.051
0xe55c7154097f8832be1e3d83d0e7be49c704830e,2026-08-10,513004.487
0xe55c7154097f8832be1e3d83d0e7be49c704830e,2026-08-17,322792.37
0xe6668ccc790b0ae310d245c8b166bdd38227d362,2026-07-27,102242.107
0xe6668ccc790b0ae310d245c8b166bdd38227d362,2026-08-03,96843.724
0xe6668ccc790b0ae310d245c8b166bdd38227d362,2026-08-10,57178.832
0xe6668ccc790b0ae310d245c8b166bdd38227d362,2026-08-17,1981.9279999999999
0xe7c1c5522eda5ae252b0574f7a642ae74f8af3a3,2026-07-27,707241.566
0xe7c1c5522eda5ae252b0574f7a642ae74f8af3a3,2026-08-03,1207129.591
0xe7c1c5522eda5ae252b0574f7a642ae74f8af3a3,2026-08-10,765875.412997
0xe7c1c5522eda5ae252b0574f7a642ae74f8af3a3,2026-08-17,268953.98699999996
0xe90312437def98daccd661e2756f260361d42da4,2026-08-03,40272.997
0xe90312437def98daccd661e2756f260361d42da4,2026-08-10,42086.311
0xe9c4f09513a211d341c28c3c102106bf0979c60f,2026-07-27,26127.654000000002
0xe9c4f09513a211d341c28c3c102106bf0979c60f,2026-08-03,53583.726
0xe9c4f09513a211d341c28c3c102106bf0979c60f,2026-08-10,26225.089999999997
0xe9fbcdf15540c9579e0923b54c411de196149311,2026-07-27,66057.677
0xe9fbcdf15540c9579e0923b54c411de196149311,2026-08-03,6565.974
0xea5c69cf7d8b71cd4644d089649f946d9ec30b2a,2026-07-27,75816.374
0xea5c69cf7d8b71cd4644d089649f946d9ec30b2a,2026-08-03,104658.911
0xea5c69cf7d8b71cd4644d089649f946d9ec30b2a,2026-08-10,107648.613092
0xea5c69cf7d8b71cd4644d089649f946d9ec30b2a,2026-08-17,19562.803
0xeb010bace7dbedb1a20d33f28de070367ccc8e46,2026-07-27,303682.06
0xeb010bace7dbedb1a20d33f28de070367ccc8e46,2026-08-03,420642.126
0xeb010bace7dbedb1a20d33f28de070367ccc8e46,2026-08-10,155020.413
0xeb010bace7dbedb1a20d33f28de070367ccc8e46,2026-08-17,43456.451
0xec097ecbd4de9bcb4a563dd253ad29276b608645,2026-07-27,93677.29699999999
0xec097ecbd4de9bcb4a563dd253ad29276b608645,2026-08-03,62520.299381
0xec097ecbd4de9bcb4a563dd253ad29276b608645,2026-08-10,11395.159
0xee1461565dcdc125b8829c331bcee015c084c80d,2026-07-27,108685.467
0xee1461565dcdc125b8829c331bcee015c084c80d,2026-08-03,109177.58799999999
0xee1461565dcdc125b8829c331bcee015c084c80d,2026-08-10,5305.496
0xee9e27520a99c0b74596191798b21edd36c217fc,2026-07-27,148211.616
0xee9e27520a99c0b74596191798b21edd36c217fc,2026-08-03,96380.911
0xef5fd1dc06adc5ae89905071c0bf9a0dde5e3b17,2026-07-27,111669.182
0xef5fd1dc06adc5ae89905071c0bf9a0dde5e3b17,2026-08-03,74361.59400000001
0xef5fd1dc06adc5ae89905071c0bf9a0dde5e3b17,2026-08-10,16015.047999999999
0xef5fd1dc06adc5ae89905071c0bf9a0dde5e3b17,2026-08-17,16544.606
0xf007a22e23fa36e641cb3fc5c9d543476f9737ae,2026-07-27,1042722.670011
0xf007a22e23fa36e641cb3fc5c9d543476f9737ae,2026-08-03,1107172.022227
0xf007a22e23fa36e641cb3fc5c9d543476f9737ae,2026-08-10,1019832.532998
0xf007a22e23fa36e641cb3fc5c9d543476f9737ae,2026-08-17,529919.854
0xf2127bcb896968cffd1d2e656c1b0cd5868eaf6d,2026-07-27,588198.283
0xf2127bcb896968cffd1d2e656c1b0cd5868eaf6d,2026-08-03,661008.5279999999
0xf2127bcb896968cffd1d2e656c1b0cd5868eaf6d,2026-08-10,909299.358997
0xf2127bcb896968cffd1d2e656c1b0cd5868eaf6d,2026-08-17,425716.09699999995
0xf32b50d6526d4741629461ce436bf7a79fb8e188,2026-07-27,695570.081037
0xf32b50d6526d4741629461ce436bf7a79fb8e188,2026-08-03,815435.657
0xf32b50d6526d4741629461ce436bf7a79fb8e188,2026-08-10,798263.801
0xf32b50d6526d4741629461ce436bf7a79fb8e188,2026-08-17,355412.68200000003
0xf3f56bf1914c904b37fffcef5f13d6343438cf36,2026-07-27,721072.8470000001
0xf3f56bf1914c904b37fffcef5f13d6343438cf36,2026-08-03,760690.242
0xf3f56bf1914c904b37fffcef5f13d6343438cf36,2026-08-10,789264.867
0xf3f56bf1914c904b37fffcef5f13d6343438cf36,2026-08-17,207676.09
0xf46b6d0c6dd31ac12f260732940f16b41ebd8737,2026-07-27,655195.926
0xf46b6d0c6dd31ac12f260732940f16b41ebd8737,2026-08-03,552107.789
0xf46b6d0c6dd31ac12f260732940f16b41ebd8737,2026-08-10,409166.428963
0xf46b6d0c6dd31ac12f260732940f16b41ebd8737,2026-08-17,237371.856
0xf60ddf092eec6fccab4cd86ae7ec3a3916dab7b4,2026-07-27,62618.584
0xf60ddf092eec6fccab4cd86ae7ec3a3916dab7b4,2026-08-03,172090.07
0xf60ddf092eec6fccab4cd86ae7ec3a3916dab7b4,2026-08-10,18202.456
0xf9e019b835590f11e8b7279141fce5f07320a4c9,2026-07-27,341215.06
0xf9e019b835590f11e8b7279141fce5f07320a4c9,2026-08-03,335124.503
0xf9e019b835590f11e8b7279141fce5f07320a4c9,2026-08-10,43840.561
0xf9e019b835590f11e8b7279141fce5f07320a4c9,2026-08-17,42232.530999999995
0xf9ec0eba794571dfd4debd024cd8a29fe1dbee74,2026-07-27,106628.41
0xf9ec0eba794571dfd4debd024cd8a29fe1dbee74,2026-08-03,53144.82399999999
0xf9ec0eba794571dfd4debd024cd8a29fe1dbee74,2026-08-10,22449.154000000002
0xfa040f8b4f5a81abe71591c14b304ab2db19d5cf,2026-07-27,729554.192642
0xfa040f8b4f5a81abe71591c14b304ab2db19d5cf,2026-08-03,713949.95
0xfa040f8b4f5a81abe71591c14b304ab2db19d5cf,2026-08-10,512728.11899900006
0xfa040f8b4f5a81abe71591c14b304ab2db19d5cf,2026-08-17,311185.711
0xfad5b1f2d7f59bde91dd7e2c0b170be6101ae97a,2026-07-27,1068037.354
0xfad5b1f2d7f59bde91dd7e2c0b170be6101ae97a,2026-08-03,1209211.703977
0xfad5b1f2d7f59bde91dd7e2c0b170be6101ae97a,2026-08-10,1126329.142997
0xfad5b1f2d7f59bde91dd7e2c0b170be6101ae97a,2026-08-17,704192.698
0xfc5d6ef1ebdead2a79633dbbeb1392fafee264df,2026-07-27,378147.637
0xfc5d6ef1ebdead2a79633dbbeb1392fafee264df,2026-08-03,261029.78100000002
0xfc5d6ef1ebdead2a79633dbbeb1392fafee264df,2026-08-10,291082.41599999997
0xfc5d6ef1ebdead2a79633dbbeb1392fafee264df,2026-08-17,35655.604
0xfcddeea788a40bfd216af7097fbf386282fb6653,2026-07-27,726653.039
0xfcddeea788a40bfd216af7097fbf386282fb6653,2026-08-03,748283.551
0xfcddeea788a40bfd216af7097fbf386282fb6653,2026-08-10,622133.805216
0xfcddeea788a40bfd216af7097fbf386282fb6653,2026-08-17,262747.728
0xff3de15715fe508970c31824ddb455cf61e2ed99,2026-07-27,677549.066
0xff3de15715fe508970c31824ddb455cf61e2ed99,2026-08-03,984398.671994
0xff3de15715fe508970c31824ddb455cf61e2ed99,2026-08-10,1230695.87
0xff3de15715fe508970c31824ddb455cf61e2ed99,2026-08-17,475647.711
0xc465e47676d4808e16c9d167b08a11aecce97a2b,2026-08-10,496.025
0xf9ec0eba794571dfd4debd024cd8a29fe1dbee74,2026-08-17,500.371
0x00b6704b6f1341d9b74d1481ceeddc7a45b2f999,2026-09-07,113051.809
0x00b6704b6f1341d9b74d1481ceeddc7a45b2f999,2026-09-14,15288.074
0x00b6704b6f1341d9b74d1481ceeddc7a45b2f999,2026-09-21,10814.332999999999
0x0151b900b8c27b02cbe4e85f325db56e81ba86e0,2026-09-07,144401.843
0x0151b900b8c27b02cbe4e85f325db56e81ba86e0,2026-09-14,8504.536
0x0151b900b8c27b02cbe4e85f325db56e81ba86e0,2026-09-21,11738.603
0x0151b900b8c27b02cbe4e85f325db56e81ba86e0,2026-09-28,1842.6779999999999
0x03502e2b26a9c4f16d0da5f988c055282eb870e2,2026-09-07,62649.159
0x03502e2b26a9c4f16d0da5f988c055282eb870e2,2026-09-14,35058.782999999996
0x03502e2b26a9c4f16d0da5f988c055282eb870e2,2026-09-21,6975.628000000001
0x04e9d1fc471f17037aa069976cfc6da1f11d1438,2026-09-07,20728.438000000002
0x0791641813feda20d23f4d7dc6a00643a31880b0,2026-09-07,84362.85
0x0791641813feda20d23f4d7dc6a00643a31880b0,2026-09-14,28784.016000000003
0x0791641813feda20d23f4d7dc6a00643a31880b0,2026-09-21,14154.897
0x0791641813feda20d23f4d7dc6a00643a31880b0,2026-09-28,886.0
0x08e3f66278cb41267bc27c5c5233352fdb071146,2026-08-24,12427.465
0x08e3f66278cb41267bc27c5c5233352fdb071146,2026-09-07,156956.933998
0x08e3f66278cb41267bc27c5c5233352fdb071146,2026-09-14,51863.69
0x08e3f66278cb41267bc27c5c5233352fdb071146,2026-09-21,17703.561
0x08e3f66278cb41267bc27c5c5233352fdb071146,2026-09-28,2153.558
0x08f5169f7e20bc92064666d63f0d18f03c945c5b,2026-09-07,98391.947
0x08f5169f7e20bc92064666d63f0d18f03c945c5b,2026-09-14,5798.023999999999
0x08f5169f7e20bc92064666d63f0d18f03c945c5b,2026-09-21,4918.0830000000005
0x0abc68da6dff164e95ee5ee0ff9ef68bd08a9482,2026-09-07,55170.713
0x0abc68da6dff164e95ee5ee0ff9ef68bd08a9482,2026-09-14,37754.123999999996
0x0abc68da6dff164e95ee5ee0ff9ef68bd08a9482,2026-09-21,19059.038
0x0abc68da6dff164e95ee5ee0ff9ef68bd08a9482,2026-09-28,591.0
0x0c05403dbc8cd7558a0907292c8d5f6c032df157,2026-09-07,30162.625
0x0ec5f85aa1985c1d4113eaf84aff31d9377f3708,2026-08-24,287772.832
0x0ec5f85aa1985c1d4113eaf84aff31d9377f3708,2026-08-31,83332.036
0x0ec5f85aa1985c1d4113eaf84aff31d9377f3708,2026-09-07,221541.194
0x0ec5f85aa1985c1d4113eaf84aff31d9377f3708,2026-09-14,169056.851
0x0ec5f85aa1985c1d4113eaf84aff31d9377f3708,2026-09-21,126899.359
0x0ec5f85aa1985c1d4113eaf84aff31d9377f3708,2026-09-28,3038.9130000000005
0x106f90adb6ec8eacd2dffbfb1ca937bf8dc16bac,2026-08-24,357128.483
0x106f90adb6ec8eacd2dffbfb1ca937bf8dc16bac,2026-08-31,198666.336
0x106f90adb6ec8eacd2dffbfb1ca937bf8dc16bac,2026-09-07,262323.652
0x106f90adb6ec8eacd2dffbfb1ca937bf8dc16bac,2026-09-14,180487.423
0x106f90adb6ec8eacd2dffbfb1ca937bf8dc16bac,2026-09-21,126785.48999999999
0x106f90adb6ec8eacd2dffbfb1ca937bf8dc16bac,2026-09-28,4156.391
0x122868469f5bbcf6d9b90758867aaa2157c62546,2026-09-07,153626.153
0x122868469f5bbcf6d9b90758867aaa2157c62546,2026-09-14,28305.777000000002
0x122868469f5bbcf6d9b90758867aaa2157c62546,2026-09-21,8109.994000000001
0x122868469f5bbcf6d9b90758867aaa2157c62546,2026-09-28,282.475
0x15b3176ee08c799b5eaad507127455b832596073,2026-08-24,37057.676
0x15b3176ee08c799b5eaad507127455b832596073,2026-08-31,22094.89
0x15b3176ee08c799b5eaad507127455b832596073,2026-09-07,146854.23500000002
0x15b3176ee08c799b5eaad507127455b832596073,2026-09-14,116803.921
0x15b3176ee08c799b5eaad507127455b832596073,2026-09-21,46749.458
0x15b3176ee08c799b5eaad507127455b832596073,2026-09-28,297.90700000000004
0x16b8766e6b52bb0113213ad2d4987ec1e9b99e13,2026-08-24,266066.168
0x16b8766e6b52bb0113213ad2d4987ec1e9b99e13,2026-08-31,110680.56599999999
0x16b8766e6b52bb0113213ad2d4987ec1e9b99e13,2026-09-07,266039.789
0x16b8766e6b52bb0113213ad2d4987ec1e9b99e13,2026-09-14,155342.912724
0x16b8766e6b52bb0113213ad2d4987ec1e9b99e13,2026-09-21,118413.793
0x16b8766e6b52bb0113213ad2d4987ec1e9b99e13,2026-09-28,3932.2110000000002
0x171a375e12fb7e948f89d39a5d2fb13e34b2cf12,2026-09-07,73856.36300000001
0x171a375e12fb7e948f89d39a5d2fb13e34b2cf12,2026-09-14,39495.269
0x171a375e12fb7e948f89d39a5d2fb13e34b2cf12,2026-09-21,28536.538
0x171a375e12fb7e948f89d39a5d2fb13e34b2cf12,2026-09-28,2184.365
0x1743146e23ebe5cd02dfa795a095b77c6f200ac9,2026-09-07,47493.325
0x1743146e23ebe5cd02dfa795a095b77c6f200ac9,2026-09-14,612.292
0x179544126baff9a885620c72d011916492c58766,2026-09-07,87002.11
0x1841444288cc042213741268edae89ab0a0a44f4,2026-09-07,53998.814
0x1841444288cc042213741268edae89ab0a0a44f4,2026-09-14,34703.641
0x1841444288cc042213741268edae89ab0a0a44f4,2026-09-21,5812.0830000000005
0x1841444288cc042213741268edae89ab0a0a44f4,2026-09-28,295.0
0x191351eec6a09bdae423438edba0f4bf1d95207d,2026-09-07,34511.932
0x196c747e02635b3de6d3f67580ba62ed482fc864,2026-08-24,116412.92799999999
0x196c747e02635b3de6d3f67580ba62ed482fc864,2026-08-31,101940.56700000001
0x196c747e02635b3de6d3f67580ba62ed482fc864,2026-09-07,253971.26400000002
0x196c747e02635b3de6d3f67580ba62ed482fc864,2026-09-14,81325.222
0x196c747e02635b3de6d3f67580ba62ed482fc864,2026-09-21,43473.687000000005
0x196c747e02635b3de6d3f67580ba62ed482fc864,2026-09-28,2544.274
0x1d1f3206e671fd2a67c943d93163e6bddfb4262f,2026-08-24,272906.52
0x1d1f3206e671fd2a67c943d93163e6bddfb4262f,2026-08-31,128267.70199999999
0x1d1f3206e671fd2a67c943d93163e6bddfb4262f,2026-09-07,381213.211
0x1d1f3206e671fd2a67c943d93163e6bddfb4262f,2026-09-14,268972.439
0x1d1f3206e671fd2a67c943d93163e6bddfb4262f,2026-09-21,112915.82500000001
0x1d1f3206e671fd2a67c943d93163e6bddfb4262f,2026-09-28,1914.451
0x1e945453fcb562c562b72582d7254f58324b764a,2026-08-24,258969.865
0x1e945453fcb562c562b72582d7254f58324b764a,2026-08-31,88904.82800000001
0x1e945453fcb562c562b72582d7254f58324b764a,2026-09-07,244751.667
0x1e945453fcb562c562b72582d7254f58324b764a,2026-09-14,116486.923
0x1e945453fcb562c562b72582d7254f58324b764a,2026-09-21,140063.915
0x1e945453fcb562c562b72582d7254f58324b764a,2026-09-28,6387.246999999999
0x20e8f154a877034dd0145b304d90b99bbd8d558d,2026-08-24,204515.874
0x20e8f154a877034dd0145b304d90b99bbd8d558d,2026-08-31,43152.922
0x20e8f154a877034dd0145b304d90b99bbd8d558d,2026-09-07,224895.546
0x20e8f154a877034dd0145b304d90b99bbd8d558d,2026-09-14,185484.73799599998
0x20e8f154a877034dd0145b304d90b99bbd8d558d,2026-09-21,144736.58299999998
0x20e8f154a877034dd0145b304d90b99bbd8d558d,2026-09-28,1747.446
0x21ea7251a8368ce69c06b81f45f6ff3147feea36,2026-08-24,178897.21
0x21ea7251a8368ce69c06b81f45f6ff3147feea36,2026-08-31,113816.804
0x21ea7251a8368ce69c06b81f45f6ff3147feea36,2026-09-07,252450.061
0x21ea7251a8368ce69c06b81f45f6ff3147feea36,2026-09-14,164497.95299999998
0x21ea7251a8368ce69c06b81f45f6ff3147feea36,2026-09-21,57968.631
0x21ea7251a8368ce69c06b81f45f6ff3147feea36,2026-09-28,2389.739
0x23a51a2507f6db2efab5093c08e35e718925dca3,2026-08-24,236099.057
0x23a51a2507f6db2efab5093c08e35e718925dca3,2026-08-31,126968.88
0x23a51a2507f6db2efab5093c08e35e718925dca3,2026-09-07,142492.014
0x23a51a2507f6db2efab5093c08e35e718925dca3,2026-09-14,131367.951
0x23a51a2507f6db2efab5093c08e35e718925dca3,2026-09-21,11642.546
0x24098eb6e196a8b94b42bd46fdcbf507af651df6,2026-09-07,63899.344
0x24098eb6e196a8b94b42bd46fdcbf507af651df6,2026-09-14,396.79200000000003
0x2488df29756354c1a334e767325266bfe7b1ef22,2026-09-07,73442.608995
0x2488df29756354c1a334e767325266bfe7b1ef22,2026-09-14,21155.43
0x2488df29756354c1a334e767325266bfe7b1ef22,2026-09-21,10199.064
0x29bc885242f5c3c0bf1ff352598caf9bb503044d,2026-08-24,149950.18300000002
0x29bc885242f5c3c0bf1ff352598caf9bb503044d,2026-08-31,61801.187999999995
0x29bc885242f5c3c0bf1ff352598caf9bb503044d,2026-09-07,193801.389
0x29bc885242f5c3c0bf1ff352598caf9bb503044d,2026-09-14,130969.231
0x29bc885242f5c3c0bf1ff352598caf9bb503044d,2026-09-21,123140.144
0x29bc885242f5c3c0bf1ff352598caf9bb503044d,2026-09-28,7929.97
0x29dd54f3dd1491d1e2bc69944b5983e211f58aaf,2026-08-24,256965.51333500003
0x29dd54f3dd1491d1e2bc69944b5983e211f58aaf,2026-08-31,88928.144
0x29dd54f3dd1491d1e2bc69944b5983e211f58aaf,2026-09-07,246699.177
0x29dd54f3dd1491d1e2bc69944b5983e211f58aaf,2026-09-14,175008.91899799998
0x29dd54f3dd1491d1e2bc69944b5983e211f58aaf,2026-09-21,166350.387
0x29dd54f3dd1491d1e2bc69944b5983e211f58aaf,2026-09-28,7166.209999999999
0x2a0a7cab60677aaa6706cc0f4ce76665dae69fa3,2026-08-24,203547.649
0x2a0a7cab60677aaa6706cc0f4ce76665dae69fa3,2026-08-31,7449.173000000001
0x2a0a7cab60677aaa6706cc0f4ce76665dae69fa3,2026-09-07,208163.456
0x2a0a7cab60677aaa6706cc0f4ce76665dae69fa3,2026-09-14,135712.428
0x2a0a7cab60677aaa6706cc0f4ce76665dae69fa3,2026-09-21,82733.216
0x2a0a7cab60677aaa6706cc0f4ce76665dae69fa3,2026-09-28,12921.188999999998
0x2c18e153217b1b1c84a57588073a4fa915116c5c,2026-09-07,63638.380000000005
0x2c866bd6d068390feb7e3245b518d664b11815d5,2026-09-07,135837.17200000002
0x2c866bd6d068390feb7e3245b518d664b11815d5,2026-09-14,21771.575
0x2c866bd6d068390feb7e3245b518d664b11815d5,2026-09-21,26645.767999999996
0x2c866bd6d068390feb7e3245b518d664b11815d5,2026-09-28,2168.303
0x2e9d47a26e9a679e44a8037e270d626f6b5704dd,2026-08-24,11430.673999999999
0x2e9d47a26e9a679e44a8037e270d626f6b5704dd,2026-09-07,147386.36599999998
0x2e9d47a26e9a679e44a8037e270d626f6b5704dd,2026-09-14,33448.024
0x2e9d47a26e9a679e44a8037e270d626f6b5704dd,2026-09-21,15644.772
0x305512f530792f0815c1ff12d6dfed2901dd5273,2026-09-07,68609.473
0x305512f530792f0815c1ff12d6dfed2901dd5273,2026-09-14,6075.353
0x305512f530792f0815c1ff12d6dfed2901dd5273,2026-09-21,2523.328
0x3096d9f9a99138569ff618e0f295b2605858c789,2026-09-07,2024.425
0x35d20e20fe638705ea620cc434a61e6c857e51b8,2026-09-07,78959.753
0x35d20e20fe638705ea620cc434a61e6c857e51b8,2026-09-14,11750.43
0x3a1ef7b849f7808e27f431e58b241f4e0ec45f08,2026-09-07,105777.93999700001
0x3a1ef7b849f7808e27f431e58b241f4e0ec45f08,2026-09-14,25400.468
0x3a1ef7b849f7808e27f431e58b241f4e0ec45f08,2026-09-21,14777.598
0x3bb56317de58b1e410b2f3659f8ff8b4b6b25303,2026-09-07,95431.546
0x3bb56317de58b1e410b2f3659f8ff8b4b6b25303,2026-09-14,40079.492
0x3bb56317de58b1e410b2f3659f8ff8b4b6b25303,2026-09-21,16807.665
0x3bb56317de58b1e410b2f3659f8ff8b4b6b25303,2026-09-28,1602.7350000000001
0x3e02ca4daf734bca12a033bfff07f2075ee103a8,2026-08-24,295012.829
0x3e02ca4daf734bca12a033bfff07f2075ee103a8,2026-08-31,96807.197
0x3e02ca4daf734bca12a033bfff07f2075ee103a8,2026-09-07,312032.56
0x3e02ca4daf734bca12a033bfff07f2075ee103a8,2026-09-21,17345.907
0x40506462296f3e4ba0d2877d3df5024c3a555b99,2026-09-07,36929.071
0x40b2ab179322ff3fbbee44a39be3e1e110e057b1,2026-09-07,140234.937
0x40b2ab179322ff3fbbee44a39be3e1e110e057b1,2026-09-14,39196.676999999996
0x40b2ab179322ff3fbbee44a39be3e1e110e057b1,2026-09-21,19476.904
0x40b2ab179322ff3fbbee44a39be3e1e110e057b1,2026-09-28,3368.075
0x43e74a8d2b4492a89862e6a748c7308d1cf24a04,2026-09-07,86910.85
0x43e74a8d2b4492a89862e6a748c7308d1cf24a04,2026-09-14,45680.068
0x43e74a8d2b4492a89862e6a748c7308d1cf24a04,2026-09-21,8195.447
0x43e74a8d2b4492a89862e6a748c7308d1cf24a04,2026-09-28,905.196
0x443c3153efd15c1b16e75e7c6a9bd6554da05d05,2026-09-07,132416.96000000002
0x443c3153efd15c1b16e75e7c6a9bd6554da05d05,2026-09-14,18982.516998
0x443c3153efd15c1b16e75e7c6a9bd6554da05d05,2026-09-21,11837.3
0x44bf102ac4ce55a0d57e59f7d5f9828b38be6250,2026-09-07,25219.012
0x4651f69873f1be6c94890d79e945b80ec9dd4fd3,2026-08-24,316610.694
0x4651f69873f1be6c94890d79e945b80ec9dd4fd3,2026-08-31,211015.04200000002
0x4651f69873f1be6c94890d79e945b80ec9dd4fd3,2026-09-07,269694.73699899996
0x4651f69873f1be6c94890d79e945b80ec9dd4fd3,2026-09-14,268093.668
0x4651f69873f1be6c94890d79e945b80ec9dd4fd3,2026-09-21,169607.687
0x4651f69873f1be6c94890d79e945b80ec9dd4fd3,2026-09-28,10449.308
0x467cd02aaf670d67d92f6aaf2bbcf9c2ecc73ba9,2026-08-24,352183.71400000004
0x467cd02aaf670d67d92f6aaf2bbcf9c2ecc73ba9,2026-08-31,90006.239
0x467cd02aaf670d67d92f6aaf2bbcf9c2ecc73ba9,2026-09-07,253400.832
0x467cd02aaf670d67d92f6aaf2bbcf9c2ecc73ba9,2026-09-14,128986.77100000001
0x467cd02aaf670d67d92f6aaf2bbcf9c2ecc73ba9,2026-09-21,163288.199
0x467cd02aaf670d67d92f6aaf2bbcf9c2ecc73ba9,2026-09-28,16427.769
0x46ee7d5fb144f76aac5f9214528f30a91450c501,2026-08-24,266413.218
0x46ee7d5fb144f76aac5f9214528f30a91450c501,2026-08-31,97976.128
0x46ee7d5fb144f76aac5f9214528f30a91450c501,2026-09-07,201445.472
0x46ee7d5fb144f76aac5f9214528f30a91450c501,2026-09-14,99564.74100000001
0x46ee7d5fb144f76aac5f9214528f30a91450c501,2026-09-21,45751.82
0x46ee7d5fb144f76aac5f9214528f30a91450c501,2026-09-28,296.78999999999996
0x4745872ee8e2feca6f1358a72ce79440e79b8172,2026-09-07,55018.253
0x4745872ee8e2feca6f1358a72ce79440e79b8172,2026-09-14,18056.685999999998
0x4745872ee8e2feca6f1358a72ce79440e79b8172,2026-09-21,14017.59
0x48853fbba65055666a7960508302c891ce8f39fd,2026-09-07,77001.155
0x48b573ab7bec10728141ed8e5c0f7cd2e88708a4,2026-09-07,16582.991
0x4928a1640bb2b21272a0b713582e69e893a51fee,2026-09-07,55283.775
0x4928a1640bb2b21272a0b713582e69e893a51fee,2026-09-14,4668.251
0x4928a1640bb2b21272a0b713582e69e893a51fee,2026-09-21,22029.567
0x4928a1640bb2b21272a0b713582e69e893a51fee,2026-09-28,886.0
0x4c57d4d6313fa0b4470679dbbf5eb3db63b3a916,2026-08-24,10607.458999999999
0x4c57d4d6313fa0b4470679dbbf5eb3db63b3a916,2026-09-07,23285.288
0x4c57d4d6313fa0b4470679dbbf5eb3db63b3a916,2026-09-14,197.214
0x4c7b7f67104195d35b5537348512fe1c1f15d85b,2026-08-24,200182.14299999998
0x4c7b7f67104195d35b5537348512fe1c1f15d85b,2026-08-31,55439.266
0x4c7b7f67104195d35b5537348512fe1c1f15d85b,2026-09-07,139098.864
0x4c7b7f67104195d35b5537348512fe1c1f15d85b,2026-09-14,45942.843
0x4c7b7f67104195d35b5537348512fe1c1f15d85b,2026-09-21,25667.879
0x4c7b7f67104195d35b5537348512fe1c1f15d85b,2026-09-28,3111.5600000000004
0x4cddee9263161003af7f20f919181fff14713d8e,2026-09-07,82823.53899999999
0x4cddee9263161003af7f20f919181fff14713d8e,2026-09-14,30392.979999999996
0x4cddee9263161003af7f20f919181fff14713d8e,2026-09-21,23769.254999999997
0x4cddee9263161003af7f20f919181fff14713d8e,2026-09-28,591.0
0x4eb14aed5077c93f720b98e9c512cdbe757ff3b3,2026-08-24,159647.847
0x4eb14aed5077c93f720b98e9c512cdbe757ff3b3,2026-08-31,67375.682
0x4eb14aed5077c93f720b98e9c512cdbe757ff3b3,2026-09-07,205407.475
0x4eb14aed5077c93f720b98e9c512cdbe757ff3b3,2026-09-14,126259.48999999999
0x4eb14aed5077c93f720b98e9c512cdbe757ff3b3,2026-09-21,60597.047999999995
0x4eb14aed5077c93f720b98e9c512cdbe757ff3b3,2026-09-28,11374.299
0x4fdb57f71dfa37da7875b66a7210ce44a1862633,2026-09-07,87174.97200000001
0x4fdb57f71dfa37da7875b66a7210ce44a1862633,2026-09-14,17163.306
0x4fdb57f71dfa37da7875b66a7210ce44a1862633,2026-09-21,1230.2559999999999
0x50bd61726930c37f1b33a1603fc2e4f344bbc44c,2026-09-07,81755.598
0x50bd61726930c37f1b33a1603fc2e4f344bbc44c,2026-09-14,45650.85
0x50bd61726930c37f1b33a1603fc2e4f344bbc44c,2026-09-21,4498.379
0x5179c31d12ebf80beb716f19f59c10db3c5dccab,2026-09-07,79555.558
0x5179c31d12ebf80beb716f19f59c10db3c5dccab,2026-09-14,16995.375
0x5179c31d12ebf80beb716f19f59c10db3c5dccab,2026-09-21,7680.464
0x51ba3d50c5b80070de3419157fce0eb46afcfa69,2026-09-07,60396.424
0x51c8ad3fc12a10ebe225a0e66ea69288503ad739,2026-08-24,12449.171999999999
0x51c8ad3fc12a10ebe225a0e66ea69288503ad739,2026-08-31,6861.744
0x51c8ad3fc12a10ebe225a0e66ea69288503ad739,2026-09-07,57458.557
0x51c8ad3fc12a10ebe225a0e66ea69288503ad739,2026-09-14,25290.84
0x51c8ad3fc12a10ebe225a0e66ea69288503ad739,2026-09-21,12449.559
0x51c8ad3fc12a10ebe225a0e66ea69288503ad739,2026-09-28,1182.0
0x5392a60b79f5a95b29a437e96070780a9c5a9fb7,2026-09-07,65087.891
0x53fe97c508b7e2cab76924eed510b2590366d8d2,2026-09-07,101713.365
0x540304b50b6498c60511bc2eda1dbbd7b6d4a3cb,2026-09-07,101277.55900000001
0x540304b50b6498c60511bc2eda1dbbd7b6d4a3cb,2026-09-14,50487.238
0x540304b50b6498c60511bc2eda1dbbd7b6d4a3cb,2026-09-21,10975.744999999999
0x540304b50b6498c60511bc2eda1dbbd7b6d4a3cb,2026-09-28,895.599
0x548732577961b66afcda43d1c47db539915c17fb,2026-09-07,105250.564
0x548732577961b66afcda43d1c47db539915c17fb,2026-09-14,60120.611000000004
0x548732577961b66afcda43d1c47db539915c17fb,2026-09-21,8122.179
0x56a28e7efe62400968a927280362f84138b2466a,2026-09-07,117881.454
0x56a28e7efe62400968a927280362f84138b2466a,2026-09-14,48637.449
0x56a28e7efe62400968a927280362f84138b2466a,2026-09-21,25324.697
0x578451b97342c6917b979fff91485cb42e7af9ec,2026-08-24,53856.157
0x578451b97342c6917b979fff91485cb42e7af9ec,2026-08-31,20111.348
0x578451b97342c6917b979fff91485cb42e7af9ec,2026-09-07,197554.657
0x578451b97342c6917b979fff91485cb42e7af9ec,2026-09-14,53141.229999999996
0x578451b97342c6917b979fff91485cb42e7af9ec,2026-09-21,48516.914000000004
0x578451b97342c6917b979fff91485cb42e7af9ec,2026-09-28,3899.335
0x578c31a7a005b03cdd8b23671dd58d5310fcc8c1,2026-09-07,130561.569
0x578c31a7a005b03cdd8b23671dd58d5310fcc8c1,2026-09-14,22632.193
0x578c31a7a005b03cdd8b23671dd58d5310fcc8c1,2026-09-21,10471.549
0x578c31a7a005b03cdd8b23671dd58d5310fcc8c1,2026-09-28,299.15999999999997
0x58085d4b6662bbd2acdd99dffe3c78b8661422ec,2026-08-24,159166.907
0x58085d4b6662bbd2acdd99dffe3c78b8661422ec,2026-08-31,136129.35
0x58085d4b6662bbd2acdd99dffe3c78b8661422ec,2026-09-07,274141.774
0x58085d4b6662bbd2acdd99dffe3c78b8661422ec,2026-09-14,128034.23999999999
0x58085d4b6662bbd2acdd99dffe3c78b8661422ec,2026-09-21,155868.153
0x58085d4b6662bbd2acdd99dffe3c78b8661422ec,2026-09-28,2655.923
0x599870cc3752511dad8eca6980e861bcca53c768,2026-09-07,71737.137
0x599870cc3752511dad8eca6980e861bcca53c768,2026-09-14,40466.622
0x599870cc3752511dad8eca6980e861bcca53c768,2026-09-21,18689.489
0x5a6b5352f46c07da306c60926b78e53e67e061ca,2026-09-07,35494.762
0x5a6b5352f46c07da306c60926b78e53e67e061ca,2026-09-14,4682.211
0x5a6b5352f46c07da306c60926b78e53e67e061ca,2026-09-21,11693.53
0x5a6b5352f46c07da306c60926b78e53e67e061ca,2026-09-28,445.0
0x5aa76047cafc5650dceac42089f3590538cc8550,2026-08-24,271186.476
0x5aa76047cafc5650dceac42089f3590538cc8550,2026-08-31,88215.72200000001
0x5aa76047cafc5650dceac42089f3590538cc8550,2026-09-07,214930.06
0x5aa76047cafc5650dceac42089f3590538cc8550,2026-09-14,114343.983
0x5aa76047cafc5650dceac42089f3590538cc8550,2026-09-21,81433.175
0x5aa76047cafc5650dceac42089f3590538cc8550,2026-09-28,2427.382
0x5bf481a94e1fcadf9db3d73b97c4b799272115ce,2026-08-24,359121.52098100004
0x5bf481a94e1fcadf9db3d73b97c4b799272115ce,2026-08-31,56818.318
0x5bf481a94e1fcadf9db3d73b97c4b799272115ce,2026-09-07,263329.975997
0x5bf481a94e1fcadf9db3d73b97c4b799272115ce,2026-09-14,134152.572
0x5bf481a94e1fcadf9db3d73b97c4b799272115ce,2026-09-21,133965.985
0x5bf481a94e1fcadf9db3d73b97c4b799272115ce,2026-09-28,10935.141
0x5d5df741182561e9e2e3e1a143082daacff3795a,2026-08-24,219814.81
0x5d5df741182561e9e2e3e1a143082daacff3795a,2026-08-31,89136.62
0x5d5df741182561e9e2e3e1a143082daacff3795a,2026-09-07,283035.70999999996
0x5d5df741182561e9e2e3e1a143082daacff3795a,2026-09-14,126053.439
0x5d5df741182561e9e2e3e1a143082daacff3795a,2026-09-21,103260.711
0x5d5df741182561e9e2e3e1a143082daacff3795a,2026-09-28,8983.54
0x5dd1eb898cb24e00a0575d95afcb4f2d22410f9a,2026-08-24,45144.72
0x5dd1eb898cb24e00a0575d95afcb4f2d22410f9a,2026-09-07,132412.888
0x5dd1eb898cb24e00a0575d95afcb4f2d22410f9a,2026-09-14,54772.653
0x5dd1eb898cb24e00a0575d95afcb4f2d22410f9a,2026-09-21,13596.8
0x5dd1eb898cb24e00a0575d95afcb4f2d22410f9a,2026-09-28,1847.022
0x606471f4b185ff414872a86874cde680d25b4a0d,2026-09-07,8228.659
0x606471f4b185ff414872a86874cde680d25b4a0d,2026-09-14,3685.304
0x606471f4b185ff414872a86874cde680d25b4a0d,2026-09-21,1221.741
0x65703f8f43ec2939de126938c82e4046d125ab44,2026-09-07,132394.242
0x65703f8f43ec2939de126938c82e4046d125ab44,2026-09-14,21793.717
0x65703f8f43ec2939de126938c82e4046d125ab44,2026-09-21,15880.689999999999
0x65703f8f43ec2939de126938c82e4046d125ab44,2026-09-28,1840.471
0x696ec0da3a4c332694d66c6941e4383646bfae3f,2026-08-24,198444.34000000003
0x696ec0da3a4c332694d66c6941e4383646bfae3f,2026-08-31,94813.523
0x696ec0da3a4c332694d66c6941e4383646bfae3f,2026-09-07,243771.24599999998
0x696ec0da3a4c332694d66c6941e4383646bfae3f,2026-09-14,118929.151
0x696ec0da3a4c332694d66c6941e4383646bfae3f,2026-09-21,59073.484
0x696ec0da3a4c332694d66c6941e4383646bfae3f,2026-09-28,2764.2830000000004
0x6d4500900a402d39c3b954dbb01d2f41b363973f,2026-08-24,10607.458999999999
0x6d4500900a402d39c3b954dbb01d2f41b363973f,2026-08-31,1066.016
0x6d4500900a402d39c3b954dbb01d2f41b363973f,2026-09-07,48355.626000000004
0x6d4500900a402d39c3b954dbb01d2f41b363973f,2026-09-14,23503.355
0x6d4500900a402d39c3b954dbb01d2f41b363973f,2026-09-21,40362.710999999996
0x6fc5910e7227e206cef2ed20737680becaa9d2bd,2026-08-24,179806.338
0x6fc5910e7227e206cef2ed20737680becaa9d2bd,2026-08-31,61795.119000000006
0x6fc5910e7227e206cef2ed20737680becaa9d2bd,2026-09-07,218680.334
0x6fc5910e7227e206cef2ed20737680becaa9d2bd,2026-09-14,65085.888999999996
0x6fc5910e7227e206cef2ed20737680becaa9d2bd,2026-09-21,58629.807
0x6fc5910e7227e206cef2ed20737680becaa9d2bd,2026-09-28,2834.952
0x7116b11588a6e204b5ed94fd7c2c5020578dd83c,2026-08-24,205992.111
0x7116b11588a6e204b5ed94fd7c2c5020578dd83c,2026-08-31,123930.481
0x7116b11588a6e204b5ed94fd7c2c5020578dd83c,2026-09-07,267211.513
0x7116b11588a6e204b5ed94fd7c2c5020578dd83c,2026-09-14,70685.85800000001
0x7116b11588a6e204b5ed94fd7c2c5020578dd83c,2026-09-21,98214.205
0x7116b11588a6e204b5ed94fd7c2c5020578dd83c,2026-09-28,5603.030000000001
0x7236cec742d9cc4ae4f7e61417e2c08b0b1b1fdf,2026-09-07,12599.822
0x737b4edd8a4bb12fb9f199956a3c8768e7f74f11,2026-09-07,18633.433
0x74f6558bcbcd43b834c4bf1339dea6b98fce748f,2026-08-24,2484.7439999999997
0x74f6558bcbcd43b834c4bf1339dea6b98fce748f,2026-09-07,121857.426
0x74f6558bcbcd43b834c4bf1339dea6b98fce748f,2026-09-14,7118.522000000001
0x74f6558bcbcd43b834c4bf1339dea6b98fce748f,2026-09-21,5716.536
0x74f6558bcbcd43b834c4bf1339dea6b98fce748f,2026-09-28,598.958
0x77035c0745c7d90ce232ca731b3261d94b70f427,2026-09-07,46221.503
0x77035c0745c7d90ce232ca731b3261d94b70f427,2026-09-14,16703.227
0x77035c0745c7d90ce232ca731b3261d94b70f427,2026-09-21,17686.597999999998
0x77035c0745c7d90ce232ca731b3261d94b70f427,2026-09-28,296.0
0x7836f635e86b548bd1b245cd159f9318b79b0983,2026-09-07,62103.344
0x7836f635e86b548bd1b245cd159f9318b79b0983,2026-09-14,48357.14
0x7836f635e86b548bd1b245cd159f9318b79b0983,2026-09-21,36081.747
0x7836f635e86b548bd1b245cd159f9318b79b0983,2026-09-28,295.0
0x78da84f0d52ea2f80dc122b881be29542680a629,2026-09-07,21085.915
0x78dccf7272a7895137606413ed740665f5e652c8,2026-09-07,80651.33
0x78dccf7272a7895137606413ed740665f5e652c8,2026-09-14,13968.934
0x78dccf7272a7895137606413ed740665f5e652c8,2026-09-21,600.15
0x7a9813714db9f2042cf7bdea4421c954d79243e6,2026-08-24,434834.66599999997
0x7a9813714db9f2042cf7bdea4421c954d79243e6,2026-08-31,239443.84399999998
0x7a9813714db9f2042cf7bdea4421c954d79243e6,2026-09-07,327635.262445
0x7a9813714db9f2042cf7bdea4421c954d79243e6,2026-09-14,125333.90100000001
0x7a9813714db9f2042cf7bdea4421c954d79243e6,2026-09-21,121221.674
0x7a9813714db9f2042cf7bdea4421c954d79243e6,2026-09-28,3997.126
0x7ab8f48a40691049a6b16cecda05f320df5e0331,2026-09-07,113587.601
0x7ab8f48a40691049a6b16cecda05f320df5e0331,2026-09-14,13329.741
0x7ab8f48a40691049a6b16cecda05f320df5e0331,2026-09-21,1178.109
0x81801025871ee73ac195edd2ffb4b3353b765e00,2026-08-24,358868.167
0x81801025871ee73ac195edd2ffb4b3353b765e00,2026-08-31,186753.983
0x81801025871ee73ac195edd2ffb4b3353b765e00,2026-09-07,232202.09100000001
0x81801025871ee73ac195edd2ffb4b3353b765e00,2026-09-14,176519.436
0x81801025871ee73ac195edd2ffb4b3353b765e00,2026-09-21,118889.42
0x81801025871ee73ac195edd2ffb4b3353b765e00,2026-09-28,2342.799
0x849a963fb6f23e37edfeba7174c8e92fcb54dca3,2026-09-07,103211.62
0x849a963fb6f23e37edfeba7174c8e92fcb54dca3,2026-09-14,30925.646936
0x849a963fb6f23e37edfeba7174c8e92fcb54dca3,2026-09-21,14157.933
0x849a963fb6f23e37edfeba7174c8e92fcb54dca3,2026-09-28,604.123
0x86e041e9cf500361a8be4357e928672d91ad910b,2026-09-07,74975.76800000001
0x86e041e9cf500361a8be4357e928672d91ad910b,2026-09-14,16056.803
0x86e041e9cf500361a8be4357e928672d91ad910b,2026-09-21,25961.792
0x86e041e9cf500361a8be4357e928672d91ad910b,2026-09-28,2481.056
0x888635c2c0193371e22c7362083adf19f30b0b3b,2026-09-07,51381.891
0x888635c2c0193371e22c7362083adf19f30b0b3b,2026-09-14,12158.746
0x888635c2c0193371e22c7362083adf19f30b0b3b,2026-09-21,2969.583
0x8d6dee7ecf3a4776bcd9dd895e8e23efde4816a4,2026-08-24,45424.882
0x8d6dee7ecf3a4776bcd9dd895e8e23efde4816a4,2026-08-31,5986.357
0x8d6dee7ecf3a4776bcd9dd895e8e23efde4816a4,2026-09-07,167653.602
0x8d6dee7ecf3a4776bcd9dd895e8e23efde4816a4,2026-09-14,4762.985000000001
0x8d6dee7ecf3a4776bcd9dd895e8e23efde4816a4,2026-09-21,7642.477000000001
0x8dfbd3a6323a69ef7deea511aff87d930bc14360,2026-09-07,122982.12099699999
0x8dfbd3a6323a69ef7deea511aff87d930bc14360,2026-09-14,21653.148
0x8dfbd3a6323a69ef7deea511aff87d930bc14360,2026-09-21,8121.062
0x8dfbd3a6323a69ef7deea511aff87d930bc14360,2026-09-28,296.69100000000003
0x93a0a3600e0bfb1bf482d9a43e002c1206c3435d,2026-09-07,51988.215
0x93a0a3600e0bfb1bf482d9a43e002c1206c3435d,2026-09-14,48088.906
0x9477eb4970dde9e51bf2eddfa78fd3791b0135bf,2026-09-07,54989.411
0x9720f27ee2bc9b47e1c0a9b3e6d362043e08fd31,2026-09-07,105247.259
0x9720f27ee2bc9b47e1c0a9b3e6d362043e08fd31,2026-09-14,43112.138999999996
0x9720f27ee2bc9b47e1c0a9b3e6d362043e08fd31,2026-09-21,14288.635999999999
0x9720f27ee2bc9b47e1c0a9b3e6d362043e08fd31,2026-09-28,1348.8200000000002
0x97acc627ca2d37320ff1b6daa8d024eccde95336,2026-08-24,134915.601
0x97acc627ca2d37320ff1b6daa8d024eccde95336,2026-08-31,47836.333
0x97acc627ca2d37320ff1b6daa8d024eccde95336,2026-09-07,185258.013
0x97acc627ca2d37320ff1b6daa8d024eccde95336,2026-09-14,110884.413
0x97acc627ca2d37320ff1b6daa8d024eccde95336,2026-09-21,116013.77900000001
0x97acc627ca2d37320ff1b6daa8d024eccde95336,2026-09-28,5057.839
0x9a7305fb47cc72d257da6e70b7ced9b754e6494f,2026-09-07,106369.23300000001
0x9a7305fb47cc72d257da6e70b7ced9b754e6494f,2026-09-14,53209.72
0x9a7305fb47cc72d257da6e70b7ced9b754e6494f,2026-09-21,22957.324
0x9b2d71a825fa72d8a112cf833a2822027440139c,2026-09-07,122514.096
0x9b2d71a825fa72d8a112cf833a2822027440139c,2026-09-14,57210.862
0x9b2d71a825fa72d8a112cf833a2822027440139c,2026-09-21,19001.596
0x9c44b10f39e6a07889ed3d821669565fb11409b3,2026-08-24,171469.503
0x9c44b10f39e6a07889ed3d821669565fb11409b3,2026-08-31,62859.161
0x9c44b10f39e6a07889ed3d821669565fb11409b3,2026-09-07,197396.965
0x9c44b10f39e6a07889ed3d821669565fb11409b3,2026-09-14,75530.86
0x9c44b10f39e6a07889ed3d821669565fb11409b3,2026-09-21,109587.77799999999
0x9c44b10f39e6a07889ed3d821669565fb11409b3,2026-09-28,2765.821
0x9c855bbe2da60429af1691b41e536d654def14d1,2026-09-07,96946.69200000001
0x9c855bbe2da60429af1691b41e536d654def14d1,2026-09-14,45628.974
0x9c855bbe2da60429af1691b41e536d654def14d1,2026-09-21,18037.429
0x9c855bbe2da60429af1691b41e536d654def14d1,2026-09-28,3049.067
0x9f997f7c146fbc311aa5c1d0fd01b19b814277a5,2026-09-07,75792.51699999999
0x9f997f7c146fbc311aa5c1d0fd01b19b814277a5,2026-09-14,5185.286
0x9f997f7c146fbc311aa5c1d0fd01b19b814277a5,2026-09-21,10257.519
0xa38510261297a9a3d519d36c6566dae7065c4ff4,2026-09-07,76246.558
0xa38510261297a9a3d519d36c6566dae7065c4ff4,2026-09-14,29195.317000000003
0xa38510261297a9a3d519d36c6566dae7065c4ff4,2026-09-21,12864.544000000002
0xa3c489d87bbbf5ed4eb36fc96d0e9477f7d586a0,2026-09-07,117105.469
0xa3c489d87bbbf5ed4eb36fc96d0e9477f7d586a0,2026-09-14,2827.1870000000004
0xa3c489d87bbbf5ed4eb36fc96d0e9477f7d586a0,2026-09-21,5233.564
0xa572496db77fdf57624301bc88d434fec80c1e48,2026-09-07,123252.187
0xa572496db77fdf57624301bc88d434fec80c1e48,2026-09-14,14712.384999999998
0xa572496db77fdf57624301bc88d434fec80c1e48,2026-09-21,11314.798999999999
0xa679301d0486238b0e4ce2c34e18190397f5f00e,2026-09-07,85228.636
0xa679301d0486238b0e4ce2c34e18190397f5f00e,2026-09-14,36992.324
0xa679301d0486238b0e4ce2c34e18190397f5f00e,2026-09-21,11130.349999999999
0xa6ca7bae9aa52bc783c11cfbabb241e3bc361947,2026-09-07,59016.85800000001
0xa7c45c93e9ffdb17de1e74eda0916edef578c4e0,2026-09-07,131700.338
0xa7c45c93e9ffdb17de1e74eda0916edef578c4e0,2026-09-14,25740.111
0xa7c45c93e9ffdb17de1e74eda0916edef578c4e0,2026-09-21,17540.659
0xa7c45c93e9ffdb17de1e74eda0916edef578c4e0,2026-09-28,914.003
0xaec221ee2291af1ea41afa7b4d09a339622ed152,2026-09-07,63132.364
0xaec221ee2291af1ea41afa7b4d09a339622ed152,2026-09-14,30151.605
0xaec221ee2291af1ea41afa7b4d09a339622ed152,2026-09-21,11719.832
0xb14bb6f254574edd63173672c4237ca5c874725d,2026-09-07,40932.248999999996
0xb14bb6f254574edd63173672c4237ca5c874725d,2026-09-14,33645.519
0xb14bb6f254574edd63173672c4237ca5c874725d,2026-09-21,8735.496000000001
0xb14bb6f254574edd63173672c4237ca5c874725d,2026-09-28,591.0
0xb5b66a7af26744f0431a37eb7772a6f50f174e0e,2026-09-07,24910.209
0xbb5370334f2a3eeef4c419fb57a0b24bca3cf263,2026-09-07,86268.696
0xbb5370334f2a3eeef4c419fb57a0b24bca3cf263,2026-09-14,24639.9
0xbb5370334f2a3eeef4c419fb57a0b24bca3cf263,2026-09-21,12885.371
0xbb5370334f2a3eeef4c419fb57a0b24bca3cf263,2026-09-28,590.0
0xbb6bd94a674260815f9af84cf392b19214b4e023,2026-08-24,235828.713
0xbb6bd94a674260815f9af84cf392b19214b4e023,2026-08-31,22684.594
0xbb6bd94a674260815f9af84cf392b19214b4e023,2026-09-07,160261.013
0xbb6bd94a674260815f9af84cf392b19214b4e023,2026-09-14,94272.18299999999
0xbb6bd94a674260815f9af84cf392b19214b4e023,2026-09-21,73471.966
0xbb6bd94a674260815f9af84cf392b19214b4e023,2026-09-28,5966.573
0xbb7e70cf7874379fc4f91ceb2bd3160b98c5da16,2026-09-07,48539.208
0xbbffac15080d30594edef134010864fba725477c,2026-09-07,14715.628
0xbc3fa7e33842a9804c08a52da7e395e6f95378f0,2026-09-07,42947.305
0xbc3fa7e33842a9804c08a52da7e395e6f95378f0,2026-09-14,22752.884
0xbc3fa7e33842a9804c08a52da7e395e6f95378f0,2026-09-21,32298.292
0xc1c3b7a1836fad06430e1edf9f881151b480080c,2026-09-07,77293.196
0xc1c3b7a1836fad06430e1edf9f881151b480080c,2026-09-14,47852.156
0xc1c3b7a1836fad06430e1edf9f881151b480080c,2026-09-21,14077.902
0xc1c3b7a1836fad06430e1edf9f881151b480080c,2026-09-28,590.0
0xc2752b98d8241473addccc6e80c3b2b40b5da901,2026-08-24,183401.391
0xc2752b98d8241473addccc6e80c3b2b40b5da901,2026-08-31,139022.762
0xc2752b98d8241473addccc6e80c3b2b40b5da901,2026-09-07,134498.805
0xc2752b98d8241473addccc6e80c3b2b40b5da901,2026-09-14,96772.88
0xc2752b98d8241473addccc6e80c3b2b40b5da901,2026-09-21,63921.572
0xc2752b98d8241473addccc6e80c3b2b40b5da901,2026-09-28,3080.8729999999996
0xc465e47676d4808e16c9d167b08a11aecce97a2b,2026-09-07,87630.348
0xc465e47676d4808e16c9d167b08a11aecce97a2b,2026-09-14,45982.667
0xc465e47676d4808e16c9d167b08a11aecce97a2b,2026-09-21,8183.454
0xc4926ab62d78f3a668bb4fd29ca04c06f8cd9f90,2026-09-07,2318.331
0xc4dae4a52f975147b7048222602b5ec9e0947236,2026-09-07,42662.755000000005
0xc4dae4a52f975147b7048222602b5ec9e0947236,2026-09-14,31815.137000000002
0xc4dae4a52f975147b7048222602b5ec9e0947236,2026-09-21,24490.737
0xc4dae4a52f975147b7048222602b5ec9e0947236,2026-09-28,886.0
0xc70b8ea6483ad00d24b48f96ae157b096becfe7d,2026-09-07,53286.248999999996
0xc70b8ea6483ad00d24b48f96ae157b096becfe7d,2026-09-14,394.776
0xc70b8ea6483ad00d24b48f96ae157b096becfe7d,2026-09-21,1205.22
0xc78c9c0ace0e8a3c84d906be1cde374ea9e45962,2026-08-24,221426.12699999998
0xc78c9c0ace0e8a3c84d906be1cde374ea9e45962,2026-08-31,30929.095
0xc78c9c0ace0e8a3c84d906be1cde374ea9e45962,2026-09-07,166883.752
0xc78c9c0ace0e8a3c84d906be1cde374ea9e45962,2026-09-14,59092.158181
0xc78c9c0ace0e8a3c84d906be1cde374ea9e45962,2026-09-21,98256.176
0xc78c9c0ace0e8a3c84d906be1cde374ea9e45962,2026-09-28,10903.362
0xc8e1c15ce5ae9d860a6a4093823f0a63adafc523,2026-09-07,95533.757
0xc8e1c15ce5ae9d860a6a4093823f0a63adafc523,2026-09-14,11637.823
0xc8e1c15ce5ae9d860a6a4093823f0a63adafc523,2026-09-21,394.978
0xcab263f601d7d58ebd4544c3701d2d5c2f7f477c,2026-08-24,268016.891
0xcab263f601d7d58ebd4544c3701d2d5c2f7f477c,2026-08-31,62824.05099999999
0xcab263f601d7d58ebd4544c3701d2d5c2f7f477c,2026-09-07,200267.46399999998
0xcab263f601d7d58ebd4544c3701d2d5c2f7f477c,2026-09-14,168521.678
0xcab263f601d7d58ebd4544c3701d2d5c2f7f477c,2026-09-21,37693.618
0xcab263f601d7d58ebd4544c3701d2d5c2f7f477c,2026-09-28,2591.288
0xcf186e0d509c32402f869bafb690286c75d9c2ae,2026-08-24,18043.434999999998
0xcf186e0d509c32402f869bafb690286c75d9c2ae,2026-08-31,29511.393
0xcf186e0d509c32402f869bafb690286c75d9c2ae,2026-09-07,150863.605
0xcf186e0d509c32402f869bafb690286c75d9c2ae,2026-09-14,77764.58799999999
0xcf186e0d509c32402f869bafb690286c75d9c2ae,2026-09-21,34447.737
0xcf186e0d509c32402f869bafb690286c75d9c2ae,2026-09-28,2170.081
0xcf7d452632551dc67b321a0bad2db0cd0ccf01db,2026-08-24,261797.31699999998
0xcf7d452632551dc67b321a0bad2db0cd0ccf01db,2026-08-31,125819.636
0xcf7d452632551dc67b321a0bad2db0cd0ccf01db,2026-09-07,283538.608
0xcf7d452632551dc67b321a0bad2db0cd0ccf01db,2026-09-14,131388.435
0xcf7d452632551dc67b321a0bad2db0cd0ccf01db,2026-09-21,10901.838
0xd31553c7032edd6a1854653b4e7e752183f16a77,2026-09-07,22740.597
0xd31553c7032edd6a1854653b4e7e752183f16a77,2026-09-14,29894.995000000003
0xd31553c7032edd6a1854653b4e7e752183f16a77,2026-09-21,10542.029999999999
0xd31553c7032edd6a1854653b4e7e752183f16a77,2026-09-28,590.0
0xd3abc6684aae3c47b44ecad5f8ce43ad578b861c,2026-08-24,165584.35499999998
0xd3abc6684aae3c47b44ecad5f8ce43ad578b861c,2026-08-31,45451.611
0xd3abc6684aae3c47b44ecad5f8ce43ad578b861c,2026-09-07,242123.374
0xd3abc6684aae3c47b44ecad5f8ce43ad578b861c,2026-09-14,120064.454
0xd3abc6684aae3c47b44ecad5f8ce43ad578b861c,2026-09-21,85521.079
0xd3abc6684aae3c47b44ecad5f8ce43ad578b861c,2026-09-28,2349.081
0xd6c696526a2f64cfdf08341ee819bf127b9135a1,2026-08-24,224031.412
0xd6c696526a2f64cfdf08341ee819bf127b9135a1,2026-08-31,95280.814
0xd6c696526a2f64cfdf08341ee819bf127b9135a1,2026-09-07,199169.028
0xd6c696526a2f64cfdf08341ee819bf127b9135a1,2026-09-14,114010.401998
0xd6c696526a2f64cfdf08341ee819bf127b9135a1,2026-09-21,52069.984
0xd6c696526a2f64cfdf08341ee819bf127b9135a1,2026-09-28,1566.748
0xd70ceccf2ef3462078984cac81336327707290af,2026-08-24,146189.86
0xd70ceccf2ef3462078984cac81336327707290af,2026-08-31,56258.012
0xd70ceccf2ef3462078984cac81336327707290af,2026-09-07,180423.359
0xd70ceccf2ef3462078984cac81336327707290af,2026-09-14,121432.87100000001
0xd70ceccf2ef3462078984cac81336327707290af,2026-09-21,115712.342
0xd70ceccf2ef3462078984cac81336327707290af,2026-09-28,2404.651
0xd83350c134341e83000d81da157a3f0861d4b729,2026-09-07,30362.610999999997
0xd953c6c2c8220393667fc950daa29da2d031a7ec,2026-09-07,22945.957
0xd96155cc52ad7d3ff7a39c95fa515b965e358af8,2026-08-24,174011.156
0xd96155cc52ad7d3ff7a39c95fa515b965e358af8,2026-08-31,59616.691999999995
0xd96155cc52ad7d3ff7a39c95fa515b965e358af8,2026-09-07,83123.696
0xd96155cc52ad7d3ff7a39c95fa515b965e358af8,2026-09-21,17686.971
0xddde391c2544b526c7481543e577dad6423edede,2026-09-07,128327.37700000001
0xddde391c2544b526c7481543e577dad6423edede,2026-09-14,54579.772803
0xddde391c2544b526c7481543e577dad6423edede,2026-09-21,27457.32
0xddde391c2544b526c7481543e577dad6423edede,2026-09-28,1929.602
0xe246ba9c679fada74887f96fc48264a1519e3c72,2026-08-24,2484.7439999999997
0xe246ba9c679fada74887f96fc48264a1519e3c72,2026-09-07,89294.111
0xe246ba9c679fada74887f96fc48264a1519e3c72,2026-09-14,9997.673999999999
0xe246ba9c679fada74887f96fc48264a1519e3c72,2026-09-21,20542.481
0xe246ba9c679fada74887f96fc48264a1519e3c72,2026-09-28,2807.588
0xe2867815c595a0b889570f03f01f369b3406470f,2026-08-24,230932.538
0xe2867815c595a0b889570f03f01f369b3406470f,2026-08-31,101053.927
0xe2867815c595a0b889570f03f01f369b3406470f,2026-09-07,178934.196
0xe2867815c595a0b889570f03f01f369b3406470f,2026-09-14,167377.089
0xe2867815c595a0b889570f03f01f369b3406470f,2026-09-21,82747.27600000001
0xe2867815c595a0b889570f03f01f369b3406470f,2026-09-28,2759.6580000000004
0xe3312316f7eb6d519f910be5c44555e03bc4e3e1,2026-09-07,107004.946
0xe3312316f7eb6d519f910be5c44555e03bc4e3e1,2026-09-14,21858.254999999997
0xe3312316f7eb6d519f910be5c44555e03bc4e3e1,2026-09-21,22936.481
0xe55c7154097f8832be1e3d83d0e7be49c704830e,2026-08-24,252209.27300000002
0xe55c7154097f8832be1e3d83d0e7be49c704830e,2026-08-31,35984.087
0xe55c7154097f8832be1e3d83d0e7be49c704830e,2026-09-07,296629.61663299997
0xe55c7154097f8832be1e3d83d0e7be49c704830e,2026-09-14,231820.189
0xe55c7154097f8832be1e3d83d0e7be49c704830e,2026-09-21,86773.201
0xe55c7154097f8832be1e3d83d0e7be49c704830e,2026-09-28,3146.361
0xe6668ccc790b0ae310d245c8b166bdd38227d362,2026-09-07,153244.71000000002
0xe6668ccc790b0ae310d245c8b166bdd38227d362,2026-09-14,49375.518
0xe6668ccc790b0ae310d245c8b166bdd38227d362,2026-09-21,9075.239000000001
0xe7c1c5522eda5ae252b0574f7a642ae74f8af3a3,2026-08-24,164050.947
0xe7c1c5522eda5ae252b0574f7a642ae74f8af3a3,2026-08-31,59867.195
0xe7c1c5522eda5ae252b0574f7a642ae74f8af3a3,2026-09-07,206876.802
0xe7c1c5522eda5ae252b0574f7a642ae74f8af3a3,2026-09-14,107658.786
0xe7c1c5522eda5ae252b0574f7a642ae74f8af3a3,2026-09-21,126375.701
0xe7c1c5522eda5ae252b0574f7a642ae74f8af3a3,2026-09-28,5119.562
0xe90312437def98daccd661e2756f260361d42da4,2026-09-07,19262.49
0xe90312437def98daccd661e2756f260361d42da4,2026-09-14,1398.096
0xe90312437def98daccd661e2756f260361d42da4,2026-09-21,5688.35
0xe9c4f09513a211d341c28c3c102106bf0979c60f,2026-09-07,51895.347
0xe9c4f09513a211d341c28c3c102106bf0979c60f,2026-09-14,5524.242
0xe9fbcdf15540c9579e0923b54c411de196149311,2026-09-07,67918.22
0xe9fbcdf15540c9579e0923b54c411de196149311,2026-09-14,44226.115999999995
0xe9fbcdf15540c9579e0923b54c411de196149311,2026-09-21,2204.155
0xea5c69cf7d8b71cd4644d089649f946d9ec30b2a,2026-08-24,12449.171999999999
0xea5c69cf7d8b71cd4644d089649f946d9ec30b2a,2026-08-31,6861.744
0xea5c69cf7d8b71cd4644d089649f946d9ec30b2a,2026-09-07,6125.349
0xeb010bace7dbedb1a20d33f28de070367ccc8e46,2026-08-24,13994.305999999999
0xeb010bace7dbedb1a20d33f28de070367ccc8e46,2026-08-31,5473.275
0xeb010bace7dbedb1a20d33f28de070367ccc8e46,2026-09-07,156242.092
0xeb010bace7dbedb1a20d33f28de070367ccc8e46,2026-09-14,111147.157
0xeb010bace7dbedb1a20d33f28de070367ccc8e46,2026-09-21,43974.058000000005
0xeb010bace7dbedb1a20d33f28de070367ccc8e46,2026-09-28,3524.424
0xec097ecbd4de9bcb4a563dd253ad29276b608645,2026-09-07,126444.799142
0xec097ecbd4de9bcb4a563dd253ad29276b608645,2026-09-14,20384.234858
0xec097ecbd4de9bcb4a563dd253ad29276b608645,2026-09-21,8645.367
0xee1461565dcdc125b8829c331bcee015c084c80d,2026-09-07,56407.235
0xee1461565dcdc125b8829c331bcee015c084c80d,2026-09-14,5118.404
0xee1461565dcdc125b8829c331bcee015c084c80d,2026-09-21,12053.101999999999
0xee9e27520a99c0b74596191798b21edd36c217fc,2026-09-07,88991.95199999999
0xee9e27520a99c0b74596191798b21edd36c217fc,2026-09-14,34241.401
0xee9e27520a99c0b74596191798b21edd36c217fc,2026-09-21,4593.374
0xef5fd1dc06adc5ae89905071c0bf9a0dde5e3b17,2026-09-07,132304.998
0xef5fd1dc06adc5ae89905071c0bf9a0dde5e3b17,2026-09-14,36489.488
0xef5fd1dc06adc5ae89905071c0bf9a0dde5e3b17,2026-09-21,16145.348000000002
0xef5fd1dc06adc5ae89905071c0bf9a0dde5e3b17,2026-09-28,1241.835
0xf007a22e23fa36e641cb3fc5c9d543476f9737ae,2026-08-24,463049.685
0xf007a22e23fa36e641cb3fc5c9d543476f9737ae,2026-08-31,136040.272
0xf007a22e23fa36e641cb3fc5c9d543476f9737ae,2026-09-07,335003.47
0xf007a22e23fa36e641cb3fc5c9d543476f9737ae,2026-09-14,172058.86141
0xf007a22e23fa36e641cb3fc5c9d543476f9737ae,2026-09-21,146307.834
0xf007a22e23fa36e641cb3fc5c9d543476f9737ae,2026-09-28,7052.553
0xf2127bcb896968cffd1d2e656c1b0cd5868eaf6d,2026-08-24,162608.372
0xf2127bcb896968cffd1d2e656c1b0cd5868eaf6d,2026-08-31,115281.094
0xf2127bcb896968cffd1d2e656c1b0cd5868eaf6d,2026-09-07,214300.039006
0xf2127bcb896968cffd1d2e656c1b0cd5868eaf6d,2026-09-14,86134.575
0xf2127bcb896968cffd1d2e656c1b0cd5868eaf6d,2026-09-21,166856.94
0xf2127bcb896968cffd1d2e656c1b0cd5868eaf6d,2026-09-28,2775.494
0xf32b50d6526d4741629461ce436bf7a79fb8e188,2026-08-24,255129.386
0xf32b50d6526d4741629461ce436bf7a79fb8e188,2026-08-31,95431.02
0xf32b50d6526d4741629461ce436bf7a79fb8e188,2026-09-07,270587.139
0xf32b50d6526d4741629461ce436bf7a79fb8e188,2026-09-14,157047.39500000002
0xf32b50d6526d4741629461ce436bf7a79fb8e188,2026-09-21,112890.94099999999
0xf32b50d6526d4741629461ce436bf7a79fb8e188,2026-09-28,3241.937
0xf3f56bf1914c904b37fffcef5f13d6343438cf36,2026-08-24,154666.08299999998
0xf3f56bf1914c904b37fffcef5f13d6343438cf36,2026-08-31,142972.345
0xf3f56bf1914c904b37fffcef5f13d6343438cf36,2026-09-07,233517.933
0xf3f56bf1914c904b37fffcef5f13d6343438cf36,2026-09-14,85488.68
0xf3f56bf1914c904b37fffcef5f13d6343438cf36,2026-09-21,81459.686
0xf3f56bf1914c904b37fffcef5f13d6343438cf36,2026-09-28,9703.658
0xf46b6d0c6dd31ac12f260732940f16b41ebd8737,2026-08-24,197610.48200000002
0xf46b6d0c6dd31ac12f260732940f16b41ebd8737,2026-08-31,68097.593
0xf46b6d0c6dd31ac12f260732940f16b41ebd8737,2026-09-07,190414.038
0xf46b6d0c6dd31ac12f260732940f16b41ebd8737,2026-09-14,177415.93152500002
0xf46b6d0c6dd31ac12f260732940f16b41ebd8737,2026-09-21,42054.774999999994
0xf46b6d0c6dd31ac12f260732940f16b41ebd8737,2026-09-28,2273.608
0xf60ddf092eec6fccab4cd86ae7ec3a3916dab7b4,2026-09-07,144520.511998
0xf60ddf092eec6fccab4cd86ae7ec3a3916dab7b4,2026-09-14,45303.984
0xf60ddf092eec6fccab4cd86ae7ec3a3916dab7b4,2026-09-21,13266.231
0xf60ddf092eec6fccab4cd86ae7ec3a3916dab7b4,2026-09-28,297.22900000000004
0xf9e019b835590f11e8b7279141fce5f07320a4c9,2026-08-24,37476.683000000005
0xf9e019b835590f11e8b7279141fce5f07320a4c9,2026-09-07,78599.375
0xf9ec0eba794571dfd4debd024cd8a29fe1dbee74,2026-09-07,143801.84399999998
0xf9ec0eba794571dfd4debd024cd8a29fe1dbee74,2026-09-14,15731.426
0xf9ec0eba794571dfd4debd024cd8a29fe1dbee74,2026-09-21,2795.763
0xfa040f8b4f5a81abe71591c14b304ab2db19d5cf,2026-08-24,170961.775
0xfa040f8b4f5a81abe71591c14b304ab2db19d5cf,2026-08-31,98837.111
0xfa040f8b4f5a81abe71591c14b304ab2db19d5cf,2026-09-07,153117.59399999998
0xfa040f8b4f5a81abe71591c14b304ab2db19d5cf,2026-09-14,81301.486
0xfa040f8b4f5a81abe71591c14b304ab2db19d5cf,2026-09-21,81591.325
0xfa040f8b4f5a81abe71591c14b304ab2db19d5cf,2026-09-28,4344.898
0xfa2c55ba9ab39a08a2699fdb1b48432fc4a88ff8,2026-09-07,29854.162
0xfa2c55ba9ab39a08a2699fdb1b48432fc4a88ff8,2026-09-14,1009.23
0xfa41cd7c7f68200270349ea2e8d3e847d9314a78,2026-09-07,57861.945999999996
0xfa41cd7c7f68200270349ea2e8d3e847d9314a78,2026-09-14,19682.573
0xfa41cd7c7f68200270349ea2e8d3e847d9314a78,2026-09-21,17411.126
0xfad5b1f2d7f59bde91dd7e2c0b170be6101ae97a,2026-08-24,446221.855
0xfad5b1f2d7f59bde91dd7e2c0b170be6101ae97a,2026-08-31,268388.409
0xfad5b1f2d7f59bde91dd7e2c0b170be6101ae97a,2026-09-07,340363.759
0xfad5b1f2d7f59bde91dd7e2c0b170be6101ae97a,2026-09-14,106719.13399999999
0xfad5b1f2d7f59bde91dd7e2c0b170be6101ae97a,2026-09-21,32600.07
0xfc5d6ef1ebdead2a79633dbbeb1392fafee264df,2026-09-07,70388.437
0xfc5d6ef1ebdead2a79633dbbeb1392fafee264df,2026-09-14,19370.042
0xfc5d6ef1ebdead2a79633dbbeb1392fafee264df,2026-09-21,23726.035
0xfc5d6ef1ebdead2a79633dbbeb1392fafee264df,2026-09-28,3175.537
0xfcddeea788a40bfd216af7097fbf386282fb6653,2026-08-24,158601.12199999997
0xfcddeea788a40bfd216af7097fbf386282fb6653,2026-08-31,33755.123999999996
0xfcddeea788a40bfd216af7097fbf386282fb6653,2026-09-07,228656.244
0xfcddeea788a40bfd216af7097fbf386282fb6653,2026-09-14,141075.415
0xfcddeea788a40bfd216af7097fbf386282fb6653,2026-09-21,57087.046
0xfcddeea788a40bfd216af7097fbf386282fb6653,2026-09-28,3820.809
0xfcfe488c68fad72b25241391e52116aaceeb9766,2026-09-07,22048.71
0xfcfe488c68fad72b25241391e52116aaceeb9766,2026-09-14,6443.182
0xfcfe488c68fad72b25241391e52116aaceeb9766,2026-09-21,205.79399999999998
0xff3de15715fe508970c31824ddb455cf61e2ed99,2026-08-24,470818.00299999997
0xff3de15715fe508970c31824ddb455cf61e2ed99,2026-08-31,206183.09399999998
0xff3de15715fe508970c31824ddb455cf61e2ed99,2026-09-07,327408.57200000004
0xff3de15715fe508970c31824ddb455cf61e2ed99,2026-09-14,224454.517
0xff3de15715fe508970c31824ddb455cf61e2ed99,2026-09-21,200819.61800000002
0xff3de15715fe508970c31824ddb455cf61e2ed99,2026-09-28,4317.499
0x2488df29756354c1a334e767325266bfe7b1ef22,2026-09-28,590.0
0x3096d9f9a99138569ff618e0f295b2605858c789,2026-09-14,398.473
0x35d20e20fe638705ea620cc434a61e6c857e51b8,2026-09-21,590.0
0x3e02ca4daf734bca12a033bfff07f2075ee103a8,2026-09-14,22059.194
0x3e02ca4daf734bca12a033bfff07f2075ee103a8,2026-09-28,628.2529999999999
0x44a55e4a7c8fac2d285224da96419ff31607bc03,2026-09-07,3266.922
0x4745872ee8e2feca6f1358a72ce79440e79b8172,2026-09-28,591.0
0x4c57d4d6313fa0b4470679dbbf5eb3db63b3a916,2026-08-31,1066.016
0x56a28e7efe62400968a927280362f84138b2466a,2026-09-28,2132.536
0x599870cc3752511dad8eca6980e861bcca53c768,2026-09-28,591.0
0x6d4500900a402d39c3b954dbb01d2f41b363973f,2026-09-28,591.0
0x93a0a3600e0bfb1bf482d9a43e002c1206c3435d,2026-09-21,401.772
0x9a7305fb47cc72d257da6e70b7ced9b754e6494f,2026-09-28,1665.709
0x9f997f7c146fbc311aa5c1d0fd01b19b814277a5,2026-09-28,591.0
0xa572496db77fdf57624301bc88d434fec80c1e48,2026-08-24,1988.039
0xaec221ee2291af1ea41afa7b4d09a339622ed152,2026-09-28,886.0
0xbbffac15080d30594edef134010864fba725477c,2026-09-14,199.575
0xbc3fa7e33842a9804c08a52da7e395e6f95378f0,2026-09-28,150.0
0xd96155cc52ad7d3ff7a39c95fa515b965e358af8,2026-09-14,21166.179
0xd96155cc52ad7d3ff7a39c95fa515b965e358af8,2026-09-28,2857.652
0xea5c69cf7d8b71cd4644d089649f946d9ec30b2a,2026-09-14,1181.0
0xfad5b1f2d7f59bde91dd7e2c0b170be6101ae97a,2026-09-28,9960.059
